2026-03-17T19:14:52.7251874Z State: Starting, Action: EstablishingSiteNetworks, LastError: , LastErrorTimestamp: 01/01/0001 00:00:00, LastErrorDetails: , Details: , DetailsLevel: INFO
2026-03-17T19:14:54.8634875Z State: Starting, Action: StartingSiteContainers, LastError: , LastErrorTimestamp: 01/01/0001 00:00:00, LastErrorDetails: , Details: , DetailsLevel: INFO
2026-03-17T19:14:54.8718389Z Container start method called.
2026-03-17T19:14:54.8732871Z State: Starting, Action: PullingImage, LastError: , LastErrorTimestamp: 01/01/0001 00:00:00, LastErrorDetails: , Details: Pulling image 10.1.0.4:13209/appsvc/python:3.12_20260203.2.tuxprod for careorbit-api-dev., DetailsLevel: INFO
2026-03-17T19:14:54.8743406Z Establishing network.
2026-03-17T19:14:54.8828211Z Pulling image: appsvc/python:3.12_20260203.2.tuxprod.
2026-03-17T19:15:40.4102148Z Container is starting.
2026-03-17T19:15:40.4191047Z State: Starting, Action: MountingVolumes, LastError: , LastErrorTimestamp: 01/01/0001 00:00:00, LastErrorDetails: , Details: Mounting volumes for careorbit-api-dev., DetailsLevel: INFO
2026-03-17T19:15:40.4198124Z Establishing user namespace if not established already.
2026-03-17T19:15:40.4206672Z Establishing network if not established already.
2026-03-17T19:15:40.4214858Z Mounting volumes.
2026-03-17T19:15:40.4294180Z Nested mountpoint 
2026-03-17T19:15:40.4611815Z Nested mountpoint volatile/logs
2026-03-17T19:15:40.5084986Z Nested mountpoint 
2026-03-17T19:15:40.6369122Z Nested mountpoint 
2026-03-17T19:15:40.6492562Z Nested mountpoint 
2026-03-17T19:15:41.0831250Z State: Starting, Action: CreatingContainer, LastError: , LastErrorTimestamp: 01/01/0001 00:00:00, LastErrorDetails: , Details: Finished pulling container image and mounting volumes for careorbit-api-dev. Allocatinng the rest of the container resources to finish container creation., DetailsLevel: INFO
2026-03-17T19:15:41.0834170Z Creating container.
2026-03-17T19:15:41.0835726Z Creating pipes for streaming container io.
2026-03-17T19:15:41.0840355Z Creating stdout named pipe at /podr/container/pipe/c02918c91eeb_careorbit-api-dev/stdout_453770a3e63042ceb35075fa8c792b51.
2026-03-17T19:15:41.0925550Z Successfully created stdout named pipe at: /podr/container/pipe/c02918c91eeb_careorbit-api-dev/stdout_453770a3e63042ceb35075fa8c792b51.
2026-03-17T19:15:41.0941750Z Opening named pipe /podr/container/pipe/c02918c91eeb_careorbit-api-dev/stdout_453770a3e63042ceb35075fa8c792b51 for reading in non-blocking mode.
2026-03-17T19:15:41.0945639Z Successfully opened named pipe: /podr/container/pipe/c02918c91eeb_careorbit-api-dev/stdout_453770a3e63042ceb35075fa8c792b51.
2026-03-17T19:15:41.0951496Z Successfully removed non-blocking flag from /podr/container/pipe/c02918c91eeb_careorbit-api-dev/stdout_453770a3e63042ceb35075fa8c792b51.
2026-03-17T19:15:41.1008538Z Creating stderr named pipe at /podr/container/pipe/c02918c91eeb_careorbit-api-dev/stderr_8a95846166be4b639bd30a1dbadbb48b.
2026-03-17T19:15:41.1010576Z Successfully created stderr named pipe at: /podr/container/pipe/c02918c91eeb_careorbit-api-dev/stderr_8a95846166be4b639bd30a1dbadbb48b.
2026-03-17T19:15:41.1011392Z Opening named pipe /podr/container/pipe/c02918c91eeb_careorbit-api-dev/stderr_8a95846166be4b639bd30a1dbadbb48b for reading in non-blocking mode.
2026-03-17T19:15:41.1012329Z Successfully opened named pipe: /podr/container/pipe/c02918c91eeb_careorbit-api-dev/stderr_8a95846166be4b639bd30a1dbadbb48b.
2026-03-17T19:15:41.1013026Z Successfully removed non-blocking flag from /podr/container/pipe/c02918c91eeb_careorbit-api-dev/stderr_8a95846166be4b639bd30a1dbadbb48b.
2026-03-17T19:15:41.1037748Z Creating container with image: appsvc/python:3.12_20260203.2.tuxprod from registry: mcr.microsoft.com and fully qualified image name: mcr.microsoft.com/appsvc/python:3.12_20260203.2.tuxprod
2026-03-17T19:15:41.7531304Z Starting container: c02918c91eeb_careorbit-api-dev.
2026-03-17T19:15:41.8862897Z Starting watchers and probes.
2026-03-17T19:15:41.8894071Z Starting metrics collection.
2026-03-17T19:15:41.8956791Z Container is running.
2026-03-17T19:15:41.8960930Z State: Starting, Action: CreatingContainer, LastError: , LastErrorTimestamp: 01/01/0001 00:00:00, LastErrorDetails: , Details: Container careorbit-api-dev successfully created and is running., DetailsLevel: INFO
2026-03-17T19:15:42.1324030Z Container start method finished after 47231 ms.
2026-03-17T19:15:42.1733079Z State: Starting, Action: InitiatingSiteWarmUpProbe, LastError: , LastErrorTimestamp: 01/01/0001 00:00:00, LastErrorDetails: , Details: Container careorbit-api-dev successfully created and is running., DetailsLevel: INFO
2026-03-17T19:15:42.1734298Z State: Starting, Action: WaitingForSiteWarmUpProbeSuccess, LastError: , LastErrorTimestamp: 01/01/0001 00:00:00, LastErrorDetails: , Details: Pinging warmup path to ensure container is ready to receive requests., DetailsLevel: INFO
2026-03-17T19:16:18.3862383Z Container has finished running with exit code: 1.
2026-03-17T19:16:18.3939633Z Container is terminating. Grace period: 5 seconds.
2026-03-17T19:16:18.3977981Z Stop and delete container. Retry count = 0
2026-03-17T19:16:18.4047718Z Stopping container: c02918c91eeb_careorbit-api-dev.
2026-03-17T19:16:18.5015848Z Deleting container: c02918c91eeb_careorbit-api-dev. Retry count = 0
2026-03-17T19:16:18.8282437Z Container spec TerminationMessagePolicy  path 
2026-03-17T19:16:18.8375474Z Container is terminated. Total time elapsed: 441 ms.
2026-03-17T19:16:18.8391591Z Site container: careorbit-api-dev terminated during site startup.
2026-03-17T19:16:18.8628100Z State: Stopping, Action: CancellingStartup, LastError: , LastErrorTimestamp: 01/01/0001 00:00:00, LastErrorDetails: , Details: Site container: careorbit-api-dev terminated during site startup. Cancelling site startup., DetailsLevel: ERR
2026-03-17T19:16:18.8883061Z Site startup probe failed after 36.6452188 seconds.
2026-03-17T19:16:19.0780705Z State: Stopping, Action: CancellingStartup, LastError: ContainerTimeout, LastErrorTimestamp: 03/17/2026 19:16:19, LastErrorDetails: Container did not start within expected time limit of 230s. Please inspect your container logs for more details., Details: Site container: careorbit-api-dev terminated during site startup. Cancelling site startup., DetailsLevel: ERR
2026-03-17T19:16:19.1076551Z Failed to start site. Revert by stopping site.
2026-03-17T19:16:19.1103411Z State: Stopping, Action: StoppingSite, LastError: ContainerTimeout, LastErrorTimestamp: 03/17/2026 19:16:19, LastErrorDetails: Container did not start within expected time limit of 230s. Please inspect your container logs for more details., Details: Site container: careorbit-api-dev terminated during site startup. Cancelling site startup., DetailsLevel: ERR
2026-03-17T19:16:19.1298662Z State: Stopping, Action: StoppingSiteContainers, LastError: ContainerTimeout, LastErrorTimestamp: 03/17/2026 19:16:19, LastErrorDetails: Container did not start within expected time limit of 230s. Please inspect your container logs for more details., Details: Site container: careorbit-api-dev terminated during site startup. Cancelling site startup., DetailsLevel: ERR
2026-03-17T19:16:19.1300096Z Site: careorbit-api-dev stopped.
2026-03-17T19:16:19.1482454Z State: Stopping, Action: UnmountingVolumes, LastError: ContainerTimeout, LastErrorTimestamp: 03/17/2026 19:16:19, LastErrorDetails: Container did not start within expected time limit of 230s. Please inspect your container logs for more details., Details: Site container: careorbit-api-dev terminated during site startup. Cancelling site startup., DetailsLevel: ERR
2026-03-17T19:16:19.5388039Z State: Stopping, Action: StoppingSiteNetworks, LastError: ContainerTimeout, LastErrorTimestamp: 03/17/2026 19:16:19, LastErrorDetails: Container did not start within expected time limit of 230s. Please inspect your container logs for more details., Details: Site container: careorbit-api-dev terminated during site startup. Cancelling site startup., DetailsLevel: ERR
2026-03-17T19:16:19.9838962Z State: Stopped, Action: None, LastError: ContainerTimeout, LastErrorTimestamp: 03/17/2026 19:16:19, LastErrorDetails: Container did not start within expected time limit of 230s. Please inspect your container logs for more details., Details: Site stopped at 03/17/2026 19:16:19 (UTC), DetailsLevel: ERR
2026-03-17T19:16:20.1601856Z State: Stopped, Action: None, LastError: ContainerTimeout, LastErrorTimestamp: 03/17/2026 19:16:19, LastErrorDetails: Container did not start within expected time limit of 230s. Please inspect your container logs for more details., Details: Site stopped at 03/17/2026 19:16:19 (UTC), DetailsLevel: ERR
2026-03-17T19:16:25.6691942Z State: Starting, Action: EstablishingSiteNetworks, LastError: ContainerTimeout, LastErrorTimestamp: 03/17/2026 19:16:19, LastErrorDetails: Container did not start within expected time limit of 230s. Please inspect your container logs for more details., Details: Site stopped at 03/17/2026 19:16:19 (UTC), DetailsLevel: ERR
2026-03-17T19:16:28.2023066Z State: Starting, Action: StartingSiteContainers, LastError: ContainerTimeout, LastErrorTimestamp: 03/17/2026 19:16:19, LastErrorDetails: Container did not start within expected time limit of 230s. Please inspect your container logs for more details., Details: Site stopped at 03/17/2026 19:16:19 (UTC), DetailsLevel: ERR
2026-03-17T19:16:28.2024461Z Container start method called.
2026-03-17T19:16:28.2024963Z State: Starting, Action: PullingImage, LastError: ContainerTimeout, LastErrorTimestamp: 03/17/2026 19:16:19, LastErrorDetails: Container did not start within expected time limit of 230s. Please inspect your container logs for more details., Details: Pulling image mcr.microsoft.com/appsvc/python:3.12_20260203.2.tuxprod for careorbit-api-dev., DetailsLevel: INFO
2026-03-17T19:16:28.2025778Z Establishing network.
2026-03-17T19:16:28.2027333Z Pulling image: appsvc/python:3.12_20260203.2.tuxprod.
2026-03-17T19:17:36.0368293Z Container is starting.
2026-03-17T19:17:36.0444012Z State: Starting, Action: MountingVolumes, LastError: ContainerTimeout, LastErrorTimestamp: 03/17/2026 19:16:19, LastErrorDetails: Container did not start within expected time limit of 230s. Please inspect your container logs for more details., Details: Mounting volumes for careorbit-api-dev., DetailsLevel: INFO
2026-03-17T19:17:36.0448357Z Establishing user namespace if not established already.
2026-03-17T19:17:36.0452647Z Establishing network if not established already.
2026-03-17T19:17:36.0458333Z Mounting volumes.
2026-03-17T19:17:36.0470635Z Nested mountpoint 
2026-03-17T19:17:36.0957045Z Nested mountpoint volatile/logs
2026-03-17T19:17:36.1252138Z Nested mountpoint 
2026-03-17T19:17:36.1268662Z Nested mountpoint 
2026-03-17T19:17:36.2031380Z Nested mountpoint 
2026-03-17T19:17:36.9800886Z State: Starting, Action: CreatingContainer, LastError: ContainerTimeout, LastErrorTimestamp: 03/17/2026 19:16:19, LastErrorDetails: Container did not start within expected time limit of 230s. Please inspect your container logs for more details., Details: Finished pulling container image and mounting volumes for careorbit-api-dev. Allocatinng the rest of the container resources to finish container creation., DetailsLevel: INFO
2026-03-17T19:17:36.9803367Z Creating container.
2026-03-17T19:17:36.9804620Z Creating pipes for streaming container io.
2026-03-17T19:17:36.9805762Z Creating stdout named pipe at /podr/container/pipe/65b11c6c16c4_careorbit-api-dev/stdout_b9c80246f35541a08bfd0cf6e3559c59.
2026-03-17T19:17:36.9808029Z Successfully created stdout named pipe at: /podr/container/pipe/65b11c6c16c4_careorbit-api-dev/stdout_b9c80246f35541a08bfd0cf6e3559c59.
2026-03-17T19:17:36.9809277Z Opening named pipe /podr/container/pipe/65b11c6c16c4_careorbit-api-dev/stdout_b9c80246f35541a08bfd0cf6e3559c59 for reading in non-blocking mode.
2026-03-17T19:17:36.9810552Z Successfully opened named pipe: /podr/container/pipe/65b11c6c16c4_careorbit-api-dev/stdout_b9c80246f35541a08bfd0cf6e3559c59.
2026-03-17T19:17:36.9811554Z Successfully removed non-blocking flag from /podr/container/pipe/65b11c6c16c4_careorbit-api-dev/stdout_b9c80246f35541a08bfd0cf6e3559c59.
2026-03-17T19:17:36.9906700Z Creating stderr named pipe at /podr/container/pipe/65b11c6c16c4_careorbit-api-dev/stderr_3c9c2ad7fdc64a8face778d95f9fe70a.
2026-03-17T19:17:36.9977575Z Successfully created stderr named pipe at: /podr/container/pipe/65b11c6c16c4_careorbit-api-dev/stderr_3c9c2ad7fdc64a8face778d95f9fe70a.
2026-03-17T19:17:36.9979184Z Opening named pipe /podr/container/pipe/65b11c6c16c4_careorbit-api-dev/stderr_3c9c2ad7fdc64a8face778d95f9fe70a for reading in non-blocking mode.
2026-03-17T19:17:36.9980740Z Successfully opened named pipe: /podr/container/pipe/65b11c6c16c4_careorbit-api-dev/stderr_3c9c2ad7fdc64a8face778d95f9fe70a.
2026-03-17T19:17:36.9981789Z Successfully removed non-blocking flag from /podr/container/pipe/65b11c6c16c4_careorbit-api-dev/stderr_3c9c2ad7fdc64a8face778d95f9fe70a.
2026-03-17T19:17:36.9983653Z Creating container with image: appsvc/python:3.12_20260203.2.tuxprod from registry: mcr.microsoft.com and fully qualified image name: mcr.microsoft.com/appsvc/python:3.12_20260203.2.tuxprod
2026-03-17T19:17:37.6028289Z Starting container: 65b11c6c16c4_careorbit-api-dev.
2026-03-17T19:17:37.7151461Z Starting watchers and probes.
2026-03-17T19:17:37.7359494Z Starting metrics collection.
2026-03-17T19:17:37.7539746Z Container is running.
2026-03-17T19:17:37.7541404Z State: Starting, Action: CreatingContainer, LastError: ContainerTimeout, LastErrorTimestamp: 03/17/2026 19:16:19, LastErrorDetails: Container did not start within expected time limit of 230s. Please inspect your container logs for more details., Details: Container careorbit-api-dev successfully created and is running., DetailsLevel: INFO
2026-03-17T19:17:37.9506240Z Container start method finished after 69748 ms.
2026-03-17T19:17:37.9508688Z State: Starting, Action: InitiatingSiteWarmUpProbe, LastError: ContainerTimeout, LastErrorTimestamp: 03/17/2026 19:16:19, LastErrorDetails: Container did not start within expected time limit of 230s. Please inspect your container logs for more details., Details: Container careorbit-api-dev successfully created and is running., DetailsLevel: INFO
2026-03-17T19:17:37.9509438Z State: Starting, Action: WaitingForSiteWarmUpProbeSuccess, LastError: ContainerTimeout, LastErrorTimestamp: 03/17/2026 19:16:19, LastErrorDetails: Container did not start within expected time limit of 230s. Please inspect your container logs for more details., Details: Pinging warmup path to ensure container is ready to receive requests., DetailsLevel: INFO
2026-03-17T19:18:12.4332137Z Container has finished running with exit code: 1.
2026-03-17T19:18:12.4341507Z Container is terminating. Grace period: 5 seconds.
2026-03-17T19:18:12.4437031Z Stop and delete container. Retry count = 0
2026-03-17T19:18:12.4440271Z Stopping container: 65b11c6c16c4_careorbit-api-dev.
2026-03-17T19:18:12.5323798Z Deleting container: 65b11c6c16c4_careorbit-api-dev. Retry count = 0
2026-03-17T19:18:12.8630301Z Container spec TerminationMessagePolicy  path 
2026-03-17T19:18:12.8698291Z Container is terminated. Total time elapsed: 428 ms.
2026-03-17T19:18:12.8699849Z Site container: careorbit-api-dev terminated during site startup.
2026-03-17T19:18:12.8709081Z State: Stopping, Action: CancellingStartup, LastError: ContainerTimeout, LastErrorTimestamp: 03/17/2026 19:16:19, LastErrorDetails: Container did not start within expected time limit of 230s. Please inspect your container logs for more details., Details: Site container: careorbit-api-dev terminated during site startup. Cancelling site startup., DetailsLevel: ERR
2026-03-17T19:18:12.8911706Z Site startup probe failed after 34.9385004 seconds.
2026-03-17T19:18:13.0608083Z State: Stopping, Action: CancellingStartup, LastError: ContainerTimeout, LastErrorTimestamp: 03/17/2026 19:18:13, LastErrorDetails: Container did not start within expected time limit of 230s. Please inspect your container logs for more details., Details: Site container: careorbit-api-dev terminated during site startup. Cancelling site startup., DetailsLevel: ERR
2026-03-17T19:18:13.1109777Z Failed to start site. Revert by stopping site.
2026-03-17T19:18:13.1125116Z State: Stopping, Action: StoppingSite, LastError: ContainerTimeout, LastErrorTimestamp: 03/17/2026 19:18:13, LastErrorDetails: Container did not start within expected time limit of 230s. Please inspect your container logs for more details., Details: Site container: careorbit-api-dev terminated during site startup. Cancelling site startup., DetailsLevel: ERR
2026-03-17T19:18:13.1222513Z State: Stopping, Action: StoppingSiteContainers, LastError: ContainerTimeout, LastErrorTimestamp: 03/17/2026 19:18:13, LastErrorDetails: Container did not start within expected time limit of 230s. Please inspect your container logs for more details., Details: Site container: careorbit-api-dev terminated during site startup. Cancelling site startup., DetailsLevel: ERR
2026-03-17T19:18:13.1222833Z Site: careorbit-api-dev stopped.
2026-03-17T19:18:13.1326831Z State: Stopping, Action: UnmountingVolumes, LastError: ContainerTimeout, LastErrorTimestamp: 03/17/2026 19:18:13, LastErrorDetails: Container did not start within expected time limit of 230s. Please inspect your container logs for more details., Details: Site container: careorbit-api-dev terminated during site startup. Cancelling site startup., DetailsLevel: ERR
2026-03-17T19:18:13.4455189Z State: Stopping, Action: StoppingSiteNetworks, LastError: ContainerTimeout, LastErrorTimestamp: 03/17/2026 19:18:13, LastErrorDetails: Container did not start within expected time limit of 230s. Please inspect your container logs for more details., Details: Site container: careorbit-api-dev terminated during site startup. Cancelling site startup., DetailsLevel: ERR
2026-03-17T19:18:13.7149170Z Site: careorbit-api-dev will be blocked for 1 minutes till 03/17/2026 19:19:13
2026-03-17T19:18:13.7161900Z State: Blocked, Action: StoppingSiteNetworks, LastError: ContainerTimeout, LastErrorTimestamp: 03/17/2026 19:18:13, LastErrorDetails: Container did not start within expected time limit of 230s. Please inspect your container logs for more details., Details: Site: careorbit-api-dev will be blocked for 1 minutes till 03/17/2026 19:19:13, DetailsLevel: WARN
2026-03-17T19:18:13.7453533Z State: Stopped, Action: None, LastError: ContainerTimeout, LastErrorTimestamp: 03/17/2026 19:18:13, LastErrorDetails: Container did not start within expected time limit of 230s. Please inspect your container logs for more details., Details: Site stopped at 03/17/2026 19:18:13 (UTC), DetailsLevel: WARN
2026-03-17T19:18:14.0672156Z State: Stopped, Action: None, LastError: ContainerTimeout, LastErrorTimestamp: 03/17/2026 19:18:13, LastErrorDetails: Container did not start within expected time limit of 230s. Please inspect your container logs for more details., Details: Site stopped at 03/17/2026 19:18:13 (UTC), DetailsLevel: WARN
2026-03-17T19:18:18.9886514Z State: Blocked, Action: None, LastError: ContainerTimeout, LastErrorTimestamp: 03/17/2026 19:18:13, LastErrorDetails: Container did not start within expected time limit of 230s. Please inspect your container logs for more details., Details: Site is blocked due to multiple, consecutive cold start failures. Site scheduled to be unblocked at 03/17/2026 19:19:13, DetailsLevel: WARN
2026-03-17T19:18:18.9887160Z Start site prohibitted because the site is being blocked.
2026-03-17T19:18:24.3211760Z State: Blocked, Action: None, LastError: ContainerTimeout, LastErrorTimestamp: 03/17/2026 19:18:13, LastErrorDetails: Container did not start within expected time limit of 230s. Please inspect your container logs for more details., Details: Site is blocked due to multiple, consecutive cold start failures. Site scheduled to be unblocked at 03/17/2026 19:19:13, DetailsLevel: WARN
2026-03-17T19:18:24.3213051Z Start site prohibitted because the site is being blocked.
2026-03-17T19:18:30.0791378Z State: Blocked, Action: None, LastError: ContainerTimeout, LastErrorTimestamp: 03/17/2026 19:18:13, LastErrorDetails: Container did not start within expected time limit of 230s. Please inspect your container logs for more details., Details: Site is blocked due to multiple, consecutive cold start failures. Site scheduled to be unblocked at 03/17/2026 19:19:13, DetailsLevel: WARN
2026-03-17T19:18:30.0792649Z Start site prohibitted because the site is being blocked.
2026-03-17T19:18:35.2389091Z State: Blocked, Action: None, LastError: ContainerTimeout, LastErrorTimestamp: 03/17/2026 19:18:13, LastErrorDetails: Container did not start within expected time limit of 230s. Please inspect your container logs for more details., Details: Site is blocked due to multiple, consecutive cold start failures. Site scheduled to be unblocked at 03/17/2026 19:19:13, DetailsLevel: WARN
2026-03-17T19:18:35.2389387Z Start site prohibitted because the site is being blocked.
2026-03-17T19:18:40.4751639Z State: Blocked, Action: None, LastError: ContainerTimeout, LastErrorTimestamp: 03/17/2026 19:18:13, LastErrorDetails: Container did not start within expected time limit of 230s. Please inspect your container logs for more details., Details: Site is blocked due to multiple, consecutive cold start failures. Site scheduled to be unblocked at 03/17/2026 19:19:13, DetailsLevel: WARN
2026-03-17T19:18:40.4752207Z Start site prohibitted because the site is being blocked.
2026-03-17T19:18:45.7580915Z State: Blocked, Action: None, LastError: ContainerTimeout, LastErrorTimestamp: 03/17/2026 19:18:13, LastErrorDetails: Container did not start within expected time limit of 230s. Please inspect your container logs for more details., Details: Site is blocked due to multiple, consecutive cold start failures. Site scheduled to be unblocked at 03/17/2026 19:19:13, DetailsLevel: WARN
2026-03-17T19:18:45.7581192Z Start site prohibitted because the site is being blocked.
2026-03-17T19:18:51.0933009Z State: Blocked, Action: None, LastError: ContainerTimeout, LastErrorTimestamp: 03/17/2026 19:18:13, LastErrorDetails: Container did not start within expected time limit of 230s. Please inspect your container logs for more details., Details: Site is blocked due to multiple, consecutive cold start failures. Site scheduled to be unblocked at 03/17/2026 19:19:13, DetailsLevel: WARN
2026-03-17T19:18:51.0933320Z Start site prohibitted because the site is being blocked.
2026-03-17T19:18:56.6037006Z State: Blocked, Action: None, LastError: ContainerTimeout, LastErrorTimestamp: 03/17/2026 19:18:13, LastErrorDetails: Container did not start within expected time limit of 230s. Please inspect your container logs for more details., Details: Site is blocked due to multiple, consecutive cold start failures. Site scheduled to be unblocked at 03/17/2026 19:19:13, DetailsLevel: WARN
2026-03-17T19:18:56.6038664Z Start site prohibitted because the site is being blocked.
2026-03-17T19:19:01.7454288Z State: Blocked, Action: None, LastError: ContainerTimeout, LastErrorTimestamp: 03/17/2026 19:18:13, LastErrorDetails: Container did not start within expected time limit of 230s. Please inspect your container logs for more details., Details: Site is blocked due to multiple, consecutive cold start failures. Site scheduled to be unblocked at 03/17/2026 19:19:13, DetailsLevel: WARN
2026-03-17T19:19:01.7454545Z Start site prohibitted because the site is being blocked.
2026-03-17T19:19:07.0295215Z State: Blocked, Action: None, LastError: ContainerTimeout, LastErrorTimestamp: 03/17/2026 19:18:13, LastErrorDetails: Container did not start within expected time limit of 230s. Please inspect your container logs for more details., Details: Site is blocked due to multiple, consecutive cold start failures. Site scheduled to be unblocked at 03/17/2026 19:19:13, DetailsLevel: WARN
2026-03-17T19:19:07.0296051Z Start site prohibitted because the site is being blocked.
2026-03-17T19:19:12.2523630Z State: Blocked, Action: None, LastError: ContainerTimeout, LastErrorTimestamp: 03/17/2026 19:18:13, LastErrorDetails: Container did not start within expected time limit of 230s. Please inspect your container logs for more details., Details: Site is blocked due to multiple, consecutive cold start failures. Site scheduled to be unblocked at 03/17/2026 19:19:13, DetailsLevel: WARN
2026-03-17T19:19:12.2524385Z Start site prohibitted because the site is being blocked.
2026-03-17T19:19:13.7181845Z Site: careorbit-api-dev is unblocked.
2026-03-17T19:19:17.3436587Z State: Starting, Action: EstablishingSiteNetworks, LastError: ContainerTimeout, LastErrorTimestamp: 03/17/2026 19:18:13, LastErrorDetails: Container did not start within expected time limit of 230s. Please inspect your container logs for more details., Details: Site is blocked due to multiple, consecutive cold start failures. Site scheduled to be unblocked at 03/17/2026 19:19:13, DetailsLevel: WARN
2026-03-17T19:19:19.1859829Z State: Starting, Action: StartingSiteContainers, LastError: ContainerTimeout, LastErrorTimestamp: 03/17/2026 19:18:13, LastErrorDetails: Container did not start within expected time limit of 230s. Please inspect your container logs for more details., Details: Site is blocked due to multiple, consecutive cold start failures. Site scheduled to be unblocked at 03/17/2026 19:19:13, DetailsLevel: WARN
2026-03-17T19:19:19.1934832Z Container start method called.
2026-03-17T19:19:19.1938064Z State: Starting, Action: PullingImage, LastError: ContainerTimeout, LastErrorTimestamp: 03/17/2026 19:18:13, LastErrorDetails: Container did not start within expected time limit of 230s. Please inspect your container logs for more details., Details: Pulling image mcr.microsoft.com/appsvc/python:3.12_20260203.2.tuxprod for careorbit-api-dev., DetailsLevel: INFO
2026-03-17T19:19:19.1940291Z Establishing network.
2026-03-17T19:19:19.1948905Z Pulling image: appsvc/python:3.12_20260203.2.tuxprod.
2026-03-17T19:20:01.2362377Z Container is starting.
2026-03-17T19:20:01.2465099Z State: Starting, Action: MountingVolumes, LastError: ContainerTimeout, LastErrorTimestamp: 03/17/2026 19:18:13, LastErrorDetails: Container did not start within expected time limit of 230s. Please inspect your container logs for more details., Details: Mounting volumes for careorbit-api-dev., DetailsLevel: INFO
2026-03-17T19:20:01.2466337Z Establishing user namespace if not established already.
2026-03-17T19:20:01.2467199Z Establishing network if not established already.
2026-03-17T19:20:01.2468328Z Mounting volumes.
2026-03-17T19:20:01.2471084Z Nested mountpoint 
2026-03-17T19:20:01.2752841Z Nested mountpoint volatile/logs
2026-03-17T19:20:01.3419764Z Nested mountpoint 
2026-03-17T19:20:01.3875633Z Nested mountpoint 
2026-03-17T19:20:01.4591943Z Nested mountpoint 
2026-03-17T19:20:02.9499249Z State: Starting, Action: CreatingContainer, LastError: ContainerTimeout, LastErrorTimestamp: 03/17/2026 19:18:13, LastErrorDetails: Container did not start within expected time limit of 230s. Please inspect your container logs for more details., Details: Finished pulling container image and mounting volumes for careorbit-api-dev. Allocatinng the rest of the container resources to finish container creation., DetailsLevel: INFO
2026-03-17T19:20:03.0104616Z Creating container.
2026-03-17T19:20:03.0464159Z Creating pipes for streaming container io.
2026-03-17T19:20:03.0482392Z Creating stdout named pipe at /podr/container/pipe/2cd952453047_careorbit-api-dev/stdout_60ca702dd1d64d0d990a80ed436ec81f.
2026-03-17T19:20:03.0987832Z Successfully created stdout named pipe at: /podr/container/pipe/2cd952453047_careorbit-api-dev/stdout_60ca702dd1d64d0d990a80ed436ec81f.
2026-03-17T19:20:03.0989686Z Opening named pipe /podr/container/pipe/2cd952453047_careorbit-api-dev/stdout_60ca702dd1d64d0d990a80ed436ec81f for reading in non-blocking mode.
2026-03-17T19:20:03.0990995Z Successfully opened named pipe: /podr/container/pipe/2cd952453047_careorbit-api-dev/stdout_60ca702dd1d64d0d990a80ed436ec81f.
2026-03-17T19:20:03.0991719Z Successfully removed non-blocking flag from /podr/container/pipe/2cd952453047_careorbit-api-dev/stdout_60ca702dd1d64d0d990a80ed436ec81f.
2026-03-17T19:20:03.0993106Z Creating stderr named pipe at /podr/container/pipe/2cd952453047_careorbit-api-dev/stderr_f8532caef98c44249ba02ef510c91543.
2026-03-17T19:20:03.1567314Z Successfully created stderr named pipe at: /podr/container/pipe/2cd952453047_careorbit-api-dev/stderr_f8532caef98c44249ba02ef510c91543.
2026-03-17T19:20:03.1569179Z Opening named pipe /podr/container/pipe/2cd952453047_careorbit-api-dev/stderr_f8532caef98c44249ba02ef510c91543 for reading in non-blocking mode.
2026-03-17T19:20:03.1570534Z Successfully opened named pipe: /podr/container/pipe/2cd952453047_careorbit-api-dev/stderr_f8532caef98c44249ba02ef510c91543.
2026-03-17T19:20:03.1571286Z Successfully removed non-blocking flag from /podr/container/pipe/2cd952453047_careorbit-api-dev/stderr_f8532caef98c44249ba02ef510c91543.
2026-03-17T19:20:03.2183460Z Creating container with image: appsvc/python:3.12_20260203.2.tuxprod from registry: mcr.microsoft.com and fully qualified image name: mcr.microsoft.com/appsvc/python:3.12_20260203.2.tuxprod
2026-03-17T19:20:05.4149141Z Starting container: 2cd952453047_careorbit-api-dev.
2026-03-17T19:20:06.4132447Z Starting watchers and probes.
2026-03-17T19:20:06.4228465Z Starting metrics collection.
2026-03-17T19:20:06.4230057Z Container is running.
2026-03-17T19:20:06.4231169Z State: Starting, Action: CreatingContainer, LastError: ContainerTimeout, LastErrorTimestamp: 03/17/2026 19:18:13, LastErrorDetails: Container did not start within expected time limit of 230s. Please inspect your container logs for more details., Details: Container careorbit-api-dev successfully created and is running., DetailsLevel: INFO
2026-03-17T19:20:07.3851261Z Container start method finished after 48181 ms.
2026-03-17T19:20:07.3937510Z State: Starting, Action: InitiatingSiteWarmUpProbe, LastError: ContainerTimeout, LastErrorTimestamp: 03/17/2026 19:18:13, LastErrorDetails: Container did not start within expected time limit of 230s. Please inspect your container logs for more details., Details: Container careorbit-api-dev successfully created and is running., DetailsLevel: INFO
2026-03-17T19:20:07.3948511Z State: Starting, Action: WaitingForSiteWarmUpProbeSuccess, LastError: ContainerTimeout, LastErrorTimestamp: 03/17/2026 19:18:13, LastErrorDetails: Container did not start within expected time limit of 230s. Please inspect your container logs for more details., Details: Pinging warmup path to ensure container is ready to receive requests., DetailsLevel: INFO
2026-03-17T19:20:43.3023109Z Container has finished running with exit code: 1.
2026-03-17T19:20:43.3039814Z Container is terminating. Grace period: 5 seconds.
2026-03-17T19:20:43.3237760Z Stop and delete container. Retry count = 0
2026-03-17T19:20:43.3421284Z Stopping container: 2cd952453047_careorbit-api-dev.
2026-03-17T19:20:43.6556857Z Deleting container: 2cd952453047_careorbit-api-dev. Retry count = 0
2026-03-17T19:20:44.5122271Z Container spec TerminationMessagePolicy  path 
2026-03-17T19:20:44.5130589Z Container is terminated. Total time elapsed: 1208 ms.
2026-03-17T19:20:44.5131727Z Site container: careorbit-api-dev terminated during site startup.
2026-03-17T19:20:44.5132862Z State: Stopping, Action: CancellingStartup, LastError: ContainerTimeout, LastErrorTimestamp: 03/17/2026 19:18:13, LastErrorDetails: Container did not start within expected time limit of 230s. Please inspect your container logs for more details., Details: Site container: careorbit-api-dev terminated during site startup. Cancelling site startup., DetailsLevel: ERR
2026-03-17T19:20:44.5835041Z Site startup probe failed after 37.1876488 seconds.
2026-03-17T19:20:44.8921753Z State: Stopping, Action: CancellingStartup, LastError: ContainerTimeout, LastErrorTimestamp: 03/17/2026 19:20:44, LastErrorDetails: Container did not start within expected time limit of 230s. Please inspect your container logs for more details., Details: Site container: careorbit-api-dev terminated during site startup. Cancelling site startup., DetailsLevel: ERR
2026-03-17T19:20:44.9325214Z Failed to start site. Revert by stopping site.
2026-03-17T19:20:44.9413821Z State: Stopping, Action: StoppingSite, LastError: ContainerTimeout, LastErrorTimestamp: 03/17/2026 19:20:44, LastErrorDetails: Container did not start within expected time limit of 230s. Please inspect your container logs for more details., Details: Site container: careorbit-api-dev terminated during site startup. Cancelling site startup., DetailsLevel: ERR
2026-03-17T19:20:44.9599556Z State: Stopping, Action: StoppingSiteContainers, LastError: ContainerTimeout, LastErrorTimestamp: 03/17/2026 19:20:44, LastErrorDetails: Container did not start within expected time limit of 230s. Please inspect your container logs for more details., Details: Site container: careorbit-api-dev terminated during site startup. Cancelling site startup., DetailsLevel: ERR
2026-03-17T19:20:44.9600441Z Site: careorbit-api-dev stopped.
2026-03-17T19:20:44.9628862Z State: Stopping, Action: UnmountingVolumes, LastError: ContainerTimeout, LastErrorTimestamp: 03/17/2026 19:20:44, LastErrorDetails: Container did not start within expected time limit of 230s. Please inspect your container logs for more details., Details: Site container: careorbit-api-dev terminated during site startup. Cancelling site startup., DetailsLevel: ERR
2026-03-17T19:20:45.6147227Z State: Stopping, Action: StoppingSiteNetworks, LastError: ContainerTimeout, LastErrorTimestamp: 03/17/2026 19:20:44, LastErrorDetails: Container did not start within expected time limit of 230s. Please inspect your container logs for more details., Details: Site container: careorbit-api-dev terminated during site startup. Cancelling site startup., DetailsLevel: ERR
2026-03-17T19:20:46.2634117Z Site: careorbit-api-dev will be blocked for 1 minutes till 03/17/2026 19:21:46
2026-03-17T19:20:46.2649367Z State: Blocked, Action: StoppingSiteNetworks, LastError: ContainerTimeout, LastErrorTimestamp: 03/17/2026 19:20:44, LastErrorDetails: Container did not start within expected time limit of 230s. Please inspect your container logs for more details., Details: Site: careorbit-api-dev will be blocked for 1 minutes till 03/17/2026 19:21:46, DetailsLevel: WARN
2026-03-17T19:20:46.3265662Z State: Stopped, Action: None, LastError: ContainerTimeout, LastErrorTimestamp: 03/17/2026 19:20:44, LastErrorDetails: Container did not start within expected time limit of 230s. Please inspect your container logs for more details., Details: Site stopped at 03/17/2026 19:20:46 (UTC), DetailsLevel: WARN
2026-03-17T19:20:46.6569639Z State: Stopped, Action: None, LastError: ContainerTimeout, LastErrorTimestamp: 03/17/2026 19:20:44, LastErrorDetails: Container did not start within expected time limit of 230s. Please inspect your container logs for more details., Details: Site stopped at 03/17/2026 19:20:46 (UTC), DetailsLevel: WARN
2026-03-17T19:20:51.9624379Z State: Blocked, Action: None, LastError: ContainerTimeout, LastErrorTimestamp: 03/17/2026 19:20:44, LastErrorDetails: Container did not start within expected time limit of 230s. Please inspect your container logs for more details., Details: Site is blocked due to multiple, consecutive cold start failures. Site scheduled to be unblocked at 03/17/2026 19:21:46, DetailsLevel: WARN
2026-03-17T19:20:51.9625664Z Start site prohibitted because the site is being blocked.
2026-03-17T19:20:57.1788772Z State: Blocked, Action: None, LastError: ContainerTimeout, LastErrorTimestamp: 03/17/2026 19:20:44, LastErrorDetails: Container did not start within expected time limit of 230s. Please inspect your container logs for more details., Details: Site is blocked due to multiple, consecutive cold start failures. Site scheduled to be unblocked at 03/17/2026 19:21:46, DetailsLevel: WARN
2026-03-17T19:20:57.1789187Z Start site prohibitted because the site is being blocked.
2026-03-17T19:21:02.2901184Z State: Blocked, Action: None, LastError: ContainerTimeout, LastErrorTimestamp: 03/17/2026 19:20:44, LastErrorDetails: Container did not start within expected time limit of 230s. Please inspect your container logs for more details., Details: Site is blocked due to multiple, consecutive cold start failures. Site scheduled to be unblocked at 03/17/2026 19:21:46, DetailsLevel: WARN
2026-03-17T19:21:02.2901822Z Start site prohibitted because the site is being blocked.
2026-03-17T19:21:07.4687988Z State: Blocked, Action: None, LastError: ContainerTimeout, LastErrorTimestamp: 03/17/2026 19:20:44, LastErrorDetails: Container did not start within expected time limit of 230s. Please inspect your container logs for more details., Details: Site is blocked due to multiple, consecutive cold start failures. Site scheduled to be unblocked at 03/17/2026 19:21:46, DetailsLevel: WARN
2026-03-17T19:21:07.4688283Z Start site prohibitted because the site is being blocked.
2026-03-17T19:21:12.7616865Z State: Blocked, Action: None, LastError: ContainerTimeout, LastErrorTimestamp: 03/17/2026 19:20:44, LastErrorDetails: Container did not start within expected time limit of 230s. Please inspect your container logs for more details., Details: Site is blocked due to multiple, consecutive cold start failures. Site scheduled to be unblocked at 03/17/2026 19:21:46, DetailsLevel: WARN
2026-03-17T19:21:12.7617621Z Start site prohibitted because the site is being blocked.
2026-03-17T19:21:18.1525537Z State: Blocked, Action: None, LastError: ContainerTimeout, LastErrorTimestamp: 03/17/2026 19:20:44, LastErrorDetails: Container did not start within expected time limit of 230s. Please inspect your container logs for more details., Details: Site is blocked due to multiple, consecutive cold start failures. Site scheduled to be unblocked at 03/17/2026 19:21:46, DetailsLevel: WARN
2026-03-17T19:21:18.1525892Z Start site prohibitted because the site is being blocked.
2026-03-17T19:21:23.6390692Z State: Blocked, Action: None, LastError: ContainerTimeout, LastErrorTimestamp: 03/17/2026 19:20:44, LastErrorDetails: Container did not start within expected time limit of 230s. Please inspect your container logs for more details., Details: Site is blocked due to multiple, consecutive cold start failures. Site scheduled to be unblocked at 03/17/2026 19:21:46, DetailsLevel: WARN
2026-03-17T19:21:23.6391088Z Start site prohibitted because the site is being blocked.
2026-03-17T19:21:29.4907901Z State: Blocked, Action: None, LastError: ContainerTimeout, LastErrorTimestamp: 03/17/2026 19:20:44, LastErrorDetails: Container did not start within expected time limit of 230s. Please inspect your container logs for more details., Details: Site is blocked due to multiple, consecutive cold start failures. Site scheduled to be unblocked at 03/17/2026 19:21:46, DetailsLevel: WARN
2026-03-17T19:21:29.4908460Z Start site prohibitted because the site is being blocked.
2026-03-17T19:21:34.7437567Z State: Blocked, Action: None, LastError: ContainerTimeout, LastErrorTimestamp: 03/17/2026 19:20:44, LastErrorDetails: Container did not start within expected time limit of 230s. Please inspect your container logs for more details., Details: Site is blocked due to multiple, consecutive cold start failures. Site scheduled to be unblocked at 03/17/2026 19:21:46, DetailsLevel: WARN
2026-03-17T19:21:34.7437943Z Start site prohibitted because the site is being blocked.
2026-03-17T19:21:39.8263428Z State: Blocked, Action: None, LastError: ContainerTimeout, LastErrorTimestamp: 03/17/2026 19:20:44, LastErrorDetails: Container did not start within expected time limit of 230s. Please inspect your container logs for more details., Details: Site is blocked due to multiple, consecutive cold start failures. Site scheduled to be unblocked at 03/17/2026 19:21:46, DetailsLevel: WARN
2026-03-17T19:21:39.8264086Z Start site prohibitted because the site is being blocked.
2026-03-17T19:21:45.0502135Z State: Blocked, Action: None, LastError: ContainerTimeout, LastErrorTimestamp: 03/17/2026 19:20:44, LastErrorDetails: Container did not start within expected time limit of 230s. Please inspect your container logs for more details., Details: Site is blocked due to multiple, consecutive cold start failures. Site scheduled to be unblocked at 03/17/2026 19:21:46, DetailsLevel: WARN
2026-03-17T19:21:45.0502454Z Start site prohibitted because the site is being blocked.
2026-03-17T19:21:46.2477524Z Site: careorbit-api-dev is unblocked.
2026-03-17T19:21:50.4830109Z State: Starting, Action: EstablishingSiteNetworks, LastError: ContainerTimeout, LastErrorTimestamp: 03/17/2026 19:20:44, LastErrorDetails: Container did not start within expected time limit of 230s. Please inspect your container logs for more details., Details: Site is blocked due to multiple, consecutive cold start failures. Site scheduled to be unblocked at 03/17/2026 19:21:46, DetailsLevel: WARN
2026-03-17T19:21:53.2553620Z State: Starting, Action: StartingSiteContainers, LastError: ContainerTimeout, LastErrorTimestamp: 03/17/2026 19:20:44, LastErrorDetails: Container did not start within expected time limit of 230s. Please inspect your container logs for more details., Details: Site is blocked due to multiple, consecutive cold start failures. Site scheduled to be unblocked at 03/17/2026 19:21:46, DetailsLevel: WARN
2026-03-17T19:21:53.2554651Z Container start method called.
2026-03-17T19:21:53.2555108Z State: Starting, Action: PullingImage, LastError: ContainerTimeout, LastErrorTimestamp: 03/17/2026 19:20:44, LastErrorDetails: Container did not start within expected time limit of 230s. Please inspect your container logs for more details., Details: Pulling image mcr.microsoft.com/appsvc/python:3.12_20260203.2.tuxprod for careorbit-api-dev., DetailsLevel: INFO
2026-03-17T19:21:53.2555827Z Establishing network.
2026-03-17T19:21:53.2556619Z Pulling image: appsvc/python:3.12_20260203.2.tuxprod.
2026-03-17T19:23:55.1500696Z Container is starting.
2026-03-17T19:23:55.1502135Z State: Starting, Action: MountingVolumes, LastError: ContainerTimeout, LastErrorTimestamp: 03/17/2026 19:20:44, LastErrorDetails: Container did not start within expected time limit of 230s. Please inspect your container logs for more details., Details: Mounting volumes for careorbit-api-dev., DetailsLevel: INFO
2026-03-17T19:23:55.1502976Z Establishing user namespace if not established already.
2026-03-17T19:23:55.1503813Z Establishing network if not established already.
2026-03-17T19:23:55.1504654Z Mounting volumes.
2026-03-17T19:23:55.1780491Z Nested mountpoint 
2026-03-17T19:23:55.2387826Z Nested mountpoint volatile/logs
2026-03-17T19:23:55.7307417Z Nested mountpoint 
2026-03-17T19:23:55.9735117Z Nested mountpoint 
2026-03-17T19:23:56.0621756Z Nested mountpoint 
2026-03-17T19:23:58.4023532Z State: Starting, Action: CreatingContainer, LastError: ContainerTimeout, LastErrorTimestamp: 03/17/2026 19:20:44, LastErrorDetails: Container did not start within expected time limit of 230s. Please inspect your container logs for more details., Details: Finished pulling container image and mounting volumes for careorbit-api-dev. Allocatinng the rest of the container resources to finish container creation., DetailsLevel: INFO
2026-03-17T19:23:58.4717420Z Creating container.
2026-03-17T19:23:58.4926925Z Creating pipes for streaming container io.
2026-03-17T19:23:58.5223915Z Creating stdout named pipe at /podr/container/pipe/286e714eb54e_careorbit-api-dev/stdout_0089c3dd747d40d2a11d82c8a74a08d1.
2026-03-17T19:23:58.5315209Z Successfully created stdout named pipe at: /podr/container/pipe/286e714eb54e_careorbit-api-dev/stdout_0089c3dd747d40d2a11d82c8a74a08d1.
2026-03-17T19:23:58.5325537Z Opening named pipe /podr/container/pipe/286e714eb54e_careorbit-api-dev/stdout_0089c3dd747d40d2a11d82c8a74a08d1 for reading in non-blocking mode.
2026-03-17T19:23:58.5404416Z Successfully opened named pipe: /podr/container/pipe/286e714eb54e_careorbit-api-dev/stdout_0089c3dd747d40d2a11d82c8a74a08d1.
2026-03-17T19:23:58.5411359Z Successfully removed non-blocking flag from /podr/container/pipe/286e714eb54e_careorbit-api-dev/stdout_0089c3dd747d40d2a11d82c8a74a08d1.
2026-03-17T19:23:58.5413838Z Creating stderr named pipe at /podr/container/pipe/286e714eb54e_careorbit-api-dev/stderr_59d0bb40e795447b94e671684a2bb19e.
2026-03-17T19:23:58.5415695Z Successfully created stderr named pipe at: /podr/container/pipe/286e714eb54e_careorbit-api-dev/stderr_59d0bb40e795447b94e671684a2bb19e.
2026-03-17T19:23:58.5430428Z Opening named pipe /podr/container/pipe/286e714eb54e_careorbit-api-dev/stderr_59d0bb40e795447b94e671684a2bb19e for reading in non-blocking mode.
2026-03-17T19:23:58.5618477Z Successfully opened named pipe: /podr/container/pipe/286e714eb54e_careorbit-api-dev/stderr_59d0bb40e795447b94e671684a2bb19e.
2026-03-17T19:23:58.5628215Z Successfully removed non-blocking flag from /podr/container/pipe/286e714eb54e_careorbit-api-dev/stderr_59d0bb40e795447b94e671684a2bb19e.
2026-03-17T19:23:58.6199862Z Creating container with image: appsvc/python:3.12_20260203.2.tuxprod from registry: mcr.microsoft.com and fully qualified image name: mcr.microsoft.com/appsvc/python:3.12_20260203.2.tuxprod
2026-03-17T19:24:10.2956397Z Starting container: 286e714eb54e_careorbit-api-dev.
2026-03-17T19:24:10.5993489Z Starting watchers and probes.
2026-03-17T19:24:10.6062266Z Starting metrics collection.
2026-03-17T19:24:10.6075077Z Container is running.
2026-03-17T19:24:10.6165913Z State: Starting, Action: CreatingContainer, LastError: ContainerTimeout, LastErrorTimestamp: 03/17/2026 19:20:44, LastErrorDetails: Container did not start within expected time limit of 230s. Please inspect your container logs for more details., Details: Container careorbit-api-dev successfully created and is running., DetailsLevel: INFO
2026-03-17T19:24:11.2759148Z Container start method finished after 138020 ms.
2026-03-17T19:24:11.2761196Z State: Starting, Action: InitiatingSiteWarmUpProbe, LastError: ContainerTimeout, LastErrorTimestamp: 03/17/2026 19:20:44, LastErrorDetails: Container did not start within expected time limit of 230s. Please inspect your container logs for more details., Details: Container careorbit-api-dev successfully created and is running., DetailsLevel: INFO
2026-03-17T19:24:11.2761539Z State: Starting, Action: WaitingForSiteWarmUpProbeSuccess, LastError: ContainerTimeout, LastErrorTimestamp: 03/17/2026 19:20:44, LastErrorDetails: Container did not start within expected time limit of 230s. Please inspect your container logs for more details., Details: Pinging warmup path to ensure container is ready to receive requests., DetailsLevel: INFO
2026-03-17T19:25:50.9113176Z Container has finished running with exit code: 1.
2026-03-17T19:25:50.9537297Z Container is terminating. Grace period: 5 seconds.
2026-03-17T19:25:50.9725195Z Stop and delete container. Retry count = 0
2026-03-17T19:25:51.0343014Z Stopping container: 286e714eb54e_careorbit-api-dev.
2026-03-17T19:25:51.3214581Z Deleting container: 286e714eb54e_careorbit-api-dev. Retry count = 0
2026-03-17T19:25:55.3572927Z Container spec TerminationMessagePolicy  path 
2026-03-17T19:25:55.3771171Z Container is terminated. Total time elapsed: 4388 ms.
2026-03-17T19:25:55.3773470Z Site container: careorbit-api-dev terminated during site startup.
2026-03-17T19:25:55.3774632Z State: Stopping, Action: CancellingStartup, LastError: ContainerTimeout, LastErrorTimestamp: 03/17/2026 19:20:44, LastErrorDetails: Container did not start within expected time limit of 230s. Please inspect your container logs for more details., Details: Site container: careorbit-api-dev terminated during site startup. Cancelling site startup., DetailsLevel: ERR
2026-03-17T19:25:55.4137426Z Site startup probe failed after 104.1288444 seconds.
2026-03-17T19:25:55.7802144Z State: Stopping, Action: CancellingStartup, LastError: ContainerTimeout, LastErrorTimestamp: 03/17/2026 19:25:55, LastErrorDetails: Container did not start within expected time limit of 230s. Please inspect your container logs for more details., Details: Site container: careorbit-api-dev terminated during site startup. Cancelling site startup., DetailsLevel: ERR
2026-03-17T19:25:55.8729069Z Failed to start site. Revert by stopping site.
2026-03-17T19:25:55.8918283Z State: Stopping, Action: StoppingSite, LastError: ContainerTimeout, LastErrorTimestamp: 03/17/2026 19:25:55, LastErrorDetails: Container did not start within expected time limit of 230s. Please inspect your container logs for more details., Details: Site container: careorbit-api-dev terminated during site startup. Cancelling site startup., DetailsLevel: ERR
2026-03-17T19:25:55.9510345Z State: Stopping, Action: StoppingSiteContainers, LastError: ContainerTimeout, LastErrorTimestamp: 03/17/2026 19:25:55, LastErrorDetails: Container did not start within expected time limit of 230s. Please inspect your container logs for more details., Details: Site container: careorbit-api-dev terminated during site startup. Cancelling site startup., DetailsLevel: ERR
2026-03-17T19:25:55.9596297Z Site: careorbit-api-dev stopped.
2026-03-17T19:25:55.9803653Z State: Stopping, Action: UnmountingVolumes, LastError: ContainerTimeout, LastErrorTimestamp: 03/17/2026 19:25:55, LastErrorDetails: Container did not start within expected time limit of 230s. Please inspect your container logs for more details., Details: Site container: careorbit-api-dev terminated during site startup. Cancelling site startup., DetailsLevel: ERR
2026-03-17T19:25:56.5979453Z State: Stopping, Action: StoppingSiteNetworks, LastError: ContainerTimeout, LastErrorTimestamp: 03/17/2026 19:25:55, LastErrorDetails: Container did not start within expected time limit of 230s. Please inspect your container logs for more details., Details: Site container: careorbit-api-dev terminated during site startup. Cancelling site startup., DetailsLevel: ERR
2026-03-17T19:25:57.6709654Z Site: careorbit-api-dev will be blocked for 2 minutes till 03/17/2026 19:27:57
2026-03-17T19:25:57.6718776Z State: Blocked, Action: StoppingSiteNetworks, LastError: ContainerTimeout, LastErrorTimestamp: 03/17/2026 19:25:55, LastErrorDetails: Container did not start within expected time limit of 230s. Please inspect your container logs for more details., Details: Site: careorbit-api-dev will be blocked for 2 minutes till 03/17/2026 19:27:57, DetailsLevel: WARN
2026-03-17T19:25:57.7198673Z State: Stopped, Action: None, LastError: ContainerTimeout, LastErrorTimestamp: 03/17/2026 19:25:55, LastErrorDetails: Container did not start within expected time limit of 230s. Please inspect your container logs for more details., Details: Site stopped at 03/17/2026 19:25:57 (UTC), DetailsLevel: WARN
2026-03-17T19:25:58.7947573Z State: Stopped, Action: None, LastError: ContainerTimeout, LastErrorTimestamp: 03/17/2026 19:25:55, LastErrorDetails: Container did not start within expected time limit of 230s. Please inspect your container logs for more details., Details: Site stopped at 03/17/2026 19:25:57 (UTC), DetailsLevel: WARN
2026-03-17T19:27:57.6648336Z Site: careorbit-api-dev is unblocked.
2026-03-17T19:30:57.4812354Z State: Starting, Action: EstablishingSiteNetworks, LastError: ContainerTimeout, LastErrorTimestamp: 03/17/2026 19:25:55, LastErrorDetails: Container did not start within expected time limit of 230s. Please inspect your container logs for more details., Details: Site stopped at 03/17/2026 19:25:57 (UTC), DetailsLevel: WARN
2026-03-17T19:30:59.3185789Z State: Starting, Action: StartingSiteContainers, LastError: ContainerTimeout, LastErrorTimestamp: 03/17/2026 19:25:55, LastErrorDetails: Container did not start within expected time limit of 230s. Please inspect your container logs for more details., Details: Site stopped at 03/17/2026 19:25:57 (UTC), DetailsLevel: WARN
2026-03-17T19:30:59.3191751Z Container start method called.
2026-03-17T19:30:59.3192427Z State: Starting, Action: PullingImage, LastError: ContainerTimeout, LastErrorTimestamp: 03/17/2026 19:25:55, LastErrorDetails: Container did not start within expected time limit of 230s. Please inspect your container logs for more details., Details: Pulling image mcr.microsoft.com/appsvc/python:3.12_20260203.2.tuxprod for careorbit-api-dev., DetailsLevel: INFO
2026-03-17T19:30:59.3193360Z Establishing network.
2026-03-17T19:30:59.3194314Z Pulling image: appsvc/python:3.12_20260203.2.tuxprod.
2026-03-17T19:32:23.8847290Z Container is starting.
2026-03-17T19:32:23.8848636Z State: Starting, Action: MountingVolumes, LastError: ContainerTimeout, LastErrorTimestamp: 03/17/2026 19:25:55, LastErrorDetails: Container did not start within expected time limit of 230s. Please inspect your container logs for more details., Details: Mounting volumes for careorbit-api-dev., DetailsLevel: INFO
2026-03-17T19:32:23.8849593Z Establishing user namespace if not established already.
2026-03-17T19:32:23.8924204Z Establishing network if not established already.
2026-03-17T19:32:23.8925789Z Mounting volumes.
2026-03-17T19:32:23.8927204Z Nested mountpoint 
2026-03-17T19:32:23.9025209Z Nested mountpoint volatile/logs
2026-03-17T19:32:23.9849219Z Nested mountpoint 
2026-03-17T19:32:24.1742649Z Nested mountpoint 
2026-03-17T19:32:24.1945921Z Nested mountpoint 
2026-03-17T19:32:25.6654311Z State: Starting, Action: CreatingContainer, LastError: ContainerTimeout, LastErrorTimestamp: 03/17/2026 19:25:55, LastErrorDetails: Container did not start within expected time limit of 230s. Please inspect your container logs for more details., Details: Finished pulling container image and mounting volumes for careorbit-api-dev. Allocatinng the rest of the container resources to finish container creation., DetailsLevel: INFO
2026-03-17T19:32:25.6659938Z Creating container.
2026-03-17T19:32:25.6669941Z Creating pipes for streaming container io.
2026-03-17T19:32:25.6673834Z Creating stdout named pipe at /podr/container/pipe/e54bf7cffbb9_careorbit-api-dev/stdout_285aa1acdd5a43289efef82f3e0c9f48.
2026-03-17T19:32:25.7061448Z Successfully created stdout named pipe at: /podr/container/pipe/e54bf7cffbb9_careorbit-api-dev/stdout_285aa1acdd5a43289efef82f3e0c9f48.
2026-03-17T19:32:25.7064317Z Opening named pipe /podr/container/pipe/e54bf7cffbb9_careorbit-api-dev/stdout_285aa1acdd5a43289efef82f3e0c9f48 for reading in non-blocking mode.
2026-03-17T19:32:25.7065799Z Successfully opened named pipe: /podr/container/pipe/e54bf7cffbb9_careorbit-api-dev/stdout_285aa1acdd5a43289efef82f3e0c9f48.
2026-03-17T19:32:25.7066626Z Successfully removed non-blocking flag from /podr/container/pipe/e54bf7cffbb9_careorbit-api-dev/stdout_285aa1acdd5a43289efef82f3e0c9f48.
2026-03-17T19:32:25.7067996Z Creating stderr named pipe at /podr/container/pipe/e54bf7cffbb9_careorbit-api-dev/stderr_a10328719426450998c5251181bb79b8.
2026-03-17T19:32:25.7069191Z Successfully created stderr named pipe at: /podr/container/pipe/e54bf7cffbb9_careorbit-api-dev/stderr_a10328719426450998c5251181bb79b8.
2026-03-17T19:32:25.7069920Z Opening named pipe /podr/container/pipe/e54bf7cffbb9_careorbit-api-dev/stderr_a10328719426450998c5251181bb79b8 for reading in non-blocking mode.
2026-03-17T19:32:25.7070753Z Successfully opened named pipe: /podr/container/pipe/e54bf7cffbb9_careorbit-api-dev/stderr_a10328719426450998c5251181bb79b8.
2026-03-17T19:32:25.7071477Z Successfully removed non-blocking flag from /podr/container/pipe/e54bf7cffbb9_careorbit-api-dev/stderr_a10328719426450998c5251181bb79b8.
2026-03-17T19:32:25.7072435Z Creating container with image: appsvc/python:3.12_20260203.2.tuxprod from registry: mcr.microsoft.com and fully qualified image name: mcr.microsoft.com/appsvc/python:3.12_20260203.2.tuxprod
2026-03-17T19:32:27.3685103Z Starting container: e54bf7cffbb9_careorbit-api-dev.
2026-03-17T19:32:27.7899121Z Starting watchers and probes.
2026-03-17T19:32:27.8739148Z Starting metrics collection.
2026-03-17T19:32:27.8742490Z Container is running.
2026-03-17T19:32:27.8743649Z State: Starting, Action: CreatingContainer, LastError: ContainerTimeout, LastErrorTimestamp: 03/17/2026 19:25:55, LastErrorDetails: Container did not start within expected time limit of 230s. Please inspect your container logs for more details., Details: Container careorbit-api-dev successfully created and is running., DetailsLevel: INFO
2026-03-17T19:32:28.1314552Z Container start method finished after 88812 ms.
2026-03-17T19:32:28.1316448Z State: Starting, Action: InitiatingSiteWarmUpProbe, LastError: ContainerTimeout, LastErrorTimestamp: 03/17/2026 19:25:55, LastErrorDetails: Container did not start within expected time limit of 230s. Please inspect your container logs for more details., Details: Container careorbit-api-dev successfully created and is running., DetailsLevel: INFO
2026-03-17T19:32:28.1316652Z State: Starting, Action: WaitingForSiteWarmUpProbeSuccess, LastError: ContainerTimeout, LastErrorTimestamp: 03/17/2026 19:25:55, LastErrorDetails: Container did not start within expected time limit of 230s. Please inspect your container logs for more details., Details: Pinging warmup path to ensure container is ready to receive requests., DetailsLevel: INFO
2026-03-17T19:34:42.1400126Z Container has finished running with exit code: 1.
2026-03-17T19:34:42.1401479Z Container is terminating. Grace period: 5 seconds.
2026-03-17T19:34:42.1405965Z Stop and delete container. Retry count = 0
2026-03-17T19:34:42.1406807Z Stopping container: e54bf7cffbb9_careorbit-api-dev.
2026-03-17T19:34:42.2490909Z Deleting container: e54bf7cffbb9_careorbit-api-dev. Retry count = 0
2026-03-17T19:34:42.5507137Z Container spec TerminationMessagePolicy  path 
2026-03-17T19:34:42.5508650Z Container is terminated. Total time elapsed: 410 ms.
2026-03-17T19:34:42.5509419Z Site container: careorbit-api-dev terminated during site startup.
2026-03-17T19:34:42.5510187Z State: Stopping, Action: CancellingStartup, LastError: ContainerTimeout, LastErrorTimestamp: 03/17/2026 19:25:55, LastErrorDetails: Container did not start within expected time limit of 230s. Please inspect your container logs for more details., Details: Site container: careorbit-api-dev terminated during site startup. Cancelling site startup., DetailsLevel: ERR
2026-03-17T19:34:42.5707680Z Site startup probe failed after 134.4383231 seconds.
2026-03-17T19:34:42.7659672Z State: Stopping, Action: CancellingStartup, LastError: ContainerTimeout, LastErrorTimestamp: 03/17/2026 19:34:42, LastErrorDetails: Container did not start within expected time limit of 230s. Please inspect your container logs for more details., Details: Site container: careorbit-api-dev terminated during site startup. Cancelling site startup., DetailsLevel: ERR
2026-03-17T19:34:42.8462617Z Failed to start site. Revert by stopping site.
2026-03-17T19:34:42.8549143Z State: Stopping, Action: StoppingSite, LastError: ContainerTimeout, LastErrorTimestamp: 03/17/2026 19:34:42, LastErrorDetails: Container did not start within expected time limit of 230s. Please inspect your container logs for more details., Details: Site container: careorbit-api-dev terminated during site startup. Cancelling site startup., DetailsLevel: ERR
2026-03-17T19:34:42.8563733Z State: Stopping, Action: StoppingSiteContainers, LastError: ContainerTimeout, LastErrorTimestamp: 03/17/2026 19:34:42, LastErrorDetails: Container did not start within expected time limit of 230s. Please inspect your container logs for more details., Details: Site container: careorbit-api-dev terminated during site startup. Cancelling site startup., DetailsLevel: ERR
2026-03-17T19:34:42.8875754Z Site: careorbit-api-dev stopped.
2026-03-17T19:34:42.9231746Z State: Stopping, Action: UnmountingVolumes, LastError: ContainerTimeout, LastErrorTimestamp: 03/17/2026 19:34:42, LastErrorDetails: Container did not start within expected time limit of 230s. Please inspect your container logs for more details., Details: Site container: careorbit-api-dev terminated during site startup. Cancelling site startup., DetailsLevel: ERR
2026-03-17T19:34:43.4675578Z State: Stopping, Action: StoppingSiteNetworks, LastError: ContainerTimeout, LastErrorTimestamp: 03/17/2026 19:34:42, LastErrorDetails: Container did not start within expected time limit of 230s. Please inspect your container logs for more details., Details: Site container: careorbit-api-dev terminated during site startup. Cancelling site startup., DetailsLevel: ERR
2026-03-17T19:34:43.8420910Z Site: careorbit-api-dev will be blocked for 2 minutes till 03/17/2026 19:36:43
2026-03-17T19:34:43.8422121Z State: Blocked, Action: StoppingSiteNetworks, LastError: ContainerTimeout, LastErrorTimestamp: 03/17/2026 19:34:42, LastErrorDetails: Container did not start within expected time limit of 230s. Please inspect your container logs for more details., Details: Site: careorbit-api-dev will be blocked for 2 minutes till 03/17/2026 19:36:43, DetailsLevel: WARN
2026-03-17T19:34:43.8809507Z State: Stopped, Action: None, LastError: ContainerTimeout, LastErrorTimestamp: 03/17/2026 19:34:42, LastErrorDetails: Container did not start within expected time limit of 230s. Please inspect your container logs for more details., Details: Site stopped at 03/17/2026 19:34:43 (UTC), DetailsLevel: WARN
2026-03-17T19:34:44.1343532Z State: Stopped, Action: None, LastError: ContainerTimeout, LastErrorTimestamp: 03/17/2026 19:34:42, LastErrorDetails: Container did not start within expected time limit of 230s. Please inspect your container logs for more details., Details: Site stopped at 03/17/2026 19:34:43 (UTC), DetailsLevel: WARN
2026-03-17T19:34:49.3645344Z State: Blocked, Action: None, LastError: ContainerTimeout, LastErrorTimestamp: 03/17/2026 19:34:42, LastErrorDetails: Container did not start within expected time limit of 230s. Please inspect your container logs for more details., Details: Site is blocked due to multiple, consecutive cold start failures. Site scheduled to be unblocked at 03/17/2026 19:36:43, DetailsLevel: WARN
2026-03-17T19:34:49.3645735Z Start site prohibitted because the site is being blocked.
2026-03-17T19:34:54.4674937Z State: Blocked, Action: None, LastError: ContainerTimeout, LastErrorTimestamp: 03/17/2026 19:34:42, LastErrorDetails: Container did not start within expected time limit of 230s. Please inspect your container logs for more details., Details: Site is blocked due to multiple, consecutive cold start failures. Site scheduled to be unblocked at 03/17/2026 19:36:43, DetailsLevel: WARN
2026-03-17T19:34:54.4676304Z Start site prohibitted because the site is being blocked.
2026-03-17T19:34:59.5274824Z State: Blocked, Action: None, LastError: ContainerTimeout, LastErrorTimestamp: 03/17/2026 19:34:42, LastErrorDetails: Container did not start within expected time limit of 230s. Please inspect your container logs for more details., Details: Site is blocked due to multiple, consecutive cold start failures. Site scheduled to be unblocked at 03/17/2026 19:36:43, DetailsLevel: WARN
2026-03-17T19:34:59.5275636Z Start site prohibitted because the site is being blocked.
2026-03-17T19:35:04.6223964Z State: Blocked, Action: None, LastError: ContainerTimeout, LastErrorTimestamp: 03/17/2026 19:34:42, LastErrorDetails: Container did not start within expected time limit of 230s. Please inspect your container logs for more details., Details: Site is blocked due to multiple, consecutive cold start failures. Site scheduled to be unblocked at 03/17/2026 19:36:43, DetailsLevel: WARN
2026-03-17T19:35:04.6224531Z Start site prohibitted because the site is being blocked.
2026-03-17T19:35:09.6827690Z State: Blocked, Action: None, LastError: ContainerTimeout, LastErrorTimestamp: 03/17/2026 19:34:42, LastErrorDetails: Container did not start within expected time limit of 230s. Please inspect your container logs for more details., Details: Site is blocked due to multiple, consecutive cold start failures. Site scheduled to be unblocked at 03/17/2026 19:36:43, DetailsLevel: WARN
2026-03-17T19:35:09.6828258Z Start site prohibitted because the site is being blocked.
2026-03-17T19:35:14.7687295Z State: Blocked, Action: None, LastError: ContainerTimeout, LastErrorTimestamp: 03/17/2026 19:34:42, LastErrorDetails: Container did not start within expected time limit of 230s. Please inspect your container logs for more details., Details: Site is blocked due to multiple, consecutive cold start failures. Site scheduled to be unblocked at 03/17/2026 19:36:43, DetailsLevel: WARN
2026-03-17T19:35:14.7687996Z Start site prohibitted because the site is being blocked.
2026-03-17T19:35:16.1574018Z State: Blocked, Action: None, LastError: ContainerTimeout, LastErrorTimestamp: 03/17/2026 19:34:42, LastErrorDetails: Container did not start within expected time limit of 230s. Please inspect your container logs for more details., Details: Site is blocked due to multiple, consecutive cold start failures. Site scheduled to be unblocked at 03/17/2026 19:36:43, DetailsLevel: WARN
2026-03-17T19:35:16.1574720Z Start site prohibitted because the site is being blocked.
2026-03-17T19:35:19.8818699Z State: Blocked, Action: None, LastError: ContainerTimeout, LastErrorTimestamp: 03/17/2026 19:34:42, LastErrorDetails: Container did not start within expected time limit of 230s. Please inspect your container logs for more details., Details: Site is blocked due to multiple, consecutive cold start failures. Site scheduled to be unblocked at 03/17/2026 19:36:43, DetailsLevel: WARN
2026-03-17T19:35:19.8819360Z Start site prohibitted because the site is being blocked.
2026-03-17T19:35:25.0292375Z State: Blocked, Action: None, LastError: ContainerTimeout, LastErrorTimestamp: 03/17/2026 19:34:42, LastErrorDetails: Container did not start within expected time limit of 230s. Please inspect your container logs for more details., Details: Site is blocked due to multiple, consecutive cold start failures. Site scheduled to be unblocked at 03/17/2026 19:36:43, DetailsLevel: WARN
2026-03-17T19:35:25.0364013Z Start site prohibitted because the site is being blocked.
2026-03-17T19:35:30.1401106Z State: Blocked, Action: None, LastError: ContainerTimeout, LastErrorTimestamp: 03/17/2026 19:34:42, LastErrorDetails: Container did not start within expected time limit of 230s. Please inspect your container logs for more details., Details: Site is blocked due to multiple, consecutive cold start failures. Site scheduled to be unblocked at 03/17/2026 19:36:43, DetailsLevel: WARN
2026-03-17T19:35:30.1401832Z Start site prohibitted because the site is being blocked.
2026-03-17T19:35:35.2926014Z State: Blocked, Action: None, LastError: ContainerTimeout, LastErrorTimestamp: 03/17/2026 19:34:42, LastErrorDetails: Container did not start within expected time limit of 230s. Please inspect your container logs for more details., Details: Site is blocked due to multiple, consecutive cold start failures. Site scheduled to be unblocked at 03/17/2026 19:36:43, DetailsLevel: WARN
2026-03-17T19:35:35.2928251Z Start site prohibitted because the site is being blocked.
2026-03-17T19:35:41.8826596Z State: Blocked, Action: None, LastError: ContainerTimeout, LastErrorTimestamp: 03/17/2026 19:34:42, LastErrorDetails: Container did not start within expected time limit of 230s. Please inspect your container logs for more details., Details: Site is blocked due to multiple, consecutive cold start failures. Site scheduled to be unblocked at 03/17/2026 19:36:43, DetailsLevel: WARN
2026-03-17T19:35:41.8827297Z Start site prohibitted because the site is being blocked.
2026-03-17T19:35:47.0414636Z State: Blocked, Action: None, LastError: ContainerTimeout, LastErrorTimestamp: 03/17/2026 19:34:42, LastErrorDetails: Container did not start within expected time limit of 230s. Please inspect your container logs for more details., Details: Site is blocked due to multiple, consecutive cold start failures. Site scheduled to be unblocked at 03/17/2026 19:36:43, DetailsLevel: WARN
2026-03-17T19:35:47.0414995Z Start site prohibitted because the site is being blocked.
2026-03-17T19:35:52.3076691Z State: Blocked, Action: None, LastError: ContainerTimeout, LastErrorTimestamp: 03/17/2026 19:34:42, LastErrorDetails: Container did not start within expected time limit of 230s. Please inspect your container logs for more details., Details: Site is blocked due to multiple, consecutive cold start failures. Site scheduled to be unblocked at 03/17/2026 19:36:43, DetailsLevel: WARN
2026-03-17T19:35:52.3077088Z Start site prohibitted because the site is being blocked.
2026-03-17T19:35:57.5433111Z State: Blocked, Action: None, LastError: ContainerTimeout, LastErrorTimestamp: 03/17/2026 19:34:42, LastErrorDetails: Container did not start within expected time limit of 230s. Please inspect your container logs for more details., Details: Site is blocked due to multiple, consecutive cold start failures. Site scheduled to be unblocked at 03/17/2026 19:36:43, DetailsLevel: WARN
2026-03-17T19:35:57.5433775Z Start site prohibitted because the site is being blocked.
2026-03-17T19:36:02.7641571Z State: Blocked, Action: None, LastError: ContainerTimeout, LastErrorTimestamp: 03/17/2026 19:34:42, LastErrorDetails: Container did not start within expected time limit of 230s. Please inspect your container logs for more details., Details: Site is blocked due to multiple, consecutive cold start failures. Site scheduled to be unblocked at 03/17/2026 19:36:43, DetailsLevel: WARN
2026-03-17T19:36:02.7642234Z Start site prohibitted because the site is being blocked.
2026-03-17T19:36:08.0302626Z State: Blocked, Action: None, LastError: ContainerTimeout, LastErrorTimestamp: 03/17/2026 19:34:42, LastErrorDetails: Container did not start within expected time limit of 230s. Please inspect your container logs for more details., Details: Site is blocked due to multiple, consecutive cold start failures. Site scheduled to be unblocked at 03/17/2026 19:36:43, DetailsLevel: WARN
2026-03-17T19:36:08.0303256Z Start site prohibitted because the site is being blocked.
2026-03-17T19:36:13.3560776Z State: Blocked, Action: None, LastError: ContainerTimeout, LastErrorTimestamp: 03/17/2026 19:34:42, LastErrorDetails: Container did not start within expected time limit of 230s. Please inspect your container logs for more details., Details: Site is blocked due to multiple, consecutive cold start failures. Site scheduled to be unblocked at 03/17/2026 19:36:43, DetailsLevel: WARN
2026-03-17T19:36:13.3561416Z Start site prohibitted because the site is being blocked.
2026-03-17T19:36:18.5911561Z State: Blocked, Action: None, LastError: ContainerTimeout, LastErrorTimestamp: 03/17/2026 19:34:42, LastErrorDetails: Container did not start within expected time limit of 230s. Please inspect your container logs for more details., Details: Site is blocked due to multiple, consecutive cold start failures. Site scheduled to be unblocked at 03/17/2026 19:36:43, DetailsLevel: WARN
2026-03-17T19:36:18.5912175Z Start site prohibitted because the site is being blocked.
2026-03-17T19:36:23.6965674Z State: Blocked, Action: None, LastError: ContainerTimeout, LastErrorTimestamp: 03/17/2026 19:34:42, LastErrorDetails: Container did not start within expected time limit of 230s. Please inspect your container logs for more details., Details: Site is blocked due to multiple, consecutive cold start failures. Site scheduled to be unblocked at 03/17/2026 19:36:43, DetailsLevel: WARN
2026-03-17T19:36:23.6966250Z Start site prohibitted because the site is being blocked.
2026-03-17T19:36:28.7967073Z State: Blocked, Action: None, LastError: ContainerTimeout, LastErrorTimestamp: 03/17/2026 19:34:42, LastErrorDetails: Container did not start within expected time limit of 230s. Please inspect your container logs for more details., Details: Site is blocked due to multiple, consecutive cold start failures. Site scheduled to be unblocked at 03/17/2026 19:36:43, DetailsLevel: WARN
2026-03-17T19:36:28.7967734Z Start site prohibitted because the site is being blocked.
2026-03-17T19:36:33.9089697Z State: Blocked, Action: None, LastError: ContainerTimeout, LastErrorTimestamp: 03/17/2026 19:34:42, LastErrorDetails: Container did not start within expected time limit of 230s. Please inspect your container logs for more details., Details: Site is blocked due to multiple, consecutive cold start failures. Site scheduled to be unblocked at 03/17/2026 19:36:43, DetailsLevel: WARN
2026-03-17T19:36:33.9090447Z Start site prohibitted because the site is being blocked.
2026-03-17T19:36:38.9840899Z State: Blocked, Action: None, LastError: ContainerTimeout, LastErrorTimestamp: 03/17/2026 19:34:42, LastErrorDetails: Container did not start within expected time limit of 230s. Please inspect your container logs for more details., Details: Site is blocked due to multiple, consecutive cold start failures. Site scheduled to be unblocked at 03/17/2026 19:36:43, DetailsLevel: WARN
2026-03-17T19:36:38.9841996Z Start site prohibitted because the site is being blocked.
2026-03-17T19:36:43.8672316Z Site: careorbit-api-dev is unblocked.
2026-03-17T19:36:44.2351339Z State: Starting, Action: EstablishingSiteNetworks, LastError: ContainerTimeout, LastErrorTimestamp: 03/17/2026 19:34:42, LastErrorDetails: Container did not start within expected time limit of 230s. Please inspect your container logs for more details., Details: Site is blocked due to multiple, consecutive cold start failures. Site scheduled to be unblocked at 03/17/2026 19:36:43, DetailsLevel: WARN
2026-03-17T19:36:45.7519438Z State: Starting, Action: StartingSiteContainers, LastError: ContainerTimeout, LastErrorTimestamp: 03/17/2026 19:34:42, LastErrorDetails: Container did not start within expected time limit of 230s. Please inspect your container logs for more details., Details: Site is blocked due to multiple, consecutive cold start failures. Site scheduled to be unblocked at 03/17/2026 19:36:43, DetailsLevel: WARN
2026-03-17T19:36:45.7523736Z Container start method called.
2026-03-17T19:36:45.7527778Z State: Starting, Action: PullingImage, LastError: ContainerTimeout, LastErrorTimestamp: 03/17/2026 19:34:42, LastErrorDetails: Container did not start within expected time limit of 230s. Please inspect your container logs for more details., Details: Pulling image mcr.microsoft.com/appsvc/python:3.12_20260203.2.tuxprod for careorbit-api-dev., DetailsLevel: INFO
2026-03-17T19:36:45.7599808Z Establishing network.
2026-03-17T19:36:45.7605787Z Pulling image: appsvc/python:3.12_20260203.2.tuxprod.
2026-03-17T19:37:45.8635841Z Container is starting.
2026-03-17T19:37:45.8636955Z State: Starting, Action: MountingVolumes, LastError: ContainerTimeout, LastErrorTimestamp: 03/17/2026 19:34:42, LastErrorDetails: Container did not start within expected time limit of 230s. Please inspect your container logs for more details., Details: Mounting volumes for careorbit-api-dev., DetailsLevel: INFO
2026-03-17T19:37:45.8638127Z Establishing user namespace if not established already.
2026-03-17T19:37:45.8638870Z Establishing network if not established already.
2026-03-17T19:37:45.8639686Z Mounting volumes.
2026-03-17T19:37:45.8641372Z Nested mountpoint 
2026-03-17T19:37:45.9327242Z Nested mountpoint volatile/logs
2026-03-17T19:37:45.9533768Z Nested mountpoint 
2026-03-17T19:37:45.9629686Z Nested mountpoint 
2026-03-17T19:37:46.0431250Z Nested mountpoint 
2026-03-17T19:37:46.5747015Z State: Starting, Action: CreatingContainer, LastError: ContainerTimeout, LastErrorTimestamp: 03/17/2026 19:34:42, LastErrorDetails: Container did not start within expected time limit of 230s. Please inspect your container logs for more details., Details: Finished pulling container image and mounting volumes for careorbit-api-dev. Allocatinng the rest of the container resources to finish container creation., DetailsLevel: INFO
2026-03-17T19:37:46.5748016Z Creating container.
2026-03-17T19:37:46.5748882Z Creating pipes for streaming container io.
2026-03-17T19:37:46.5749659Z Creating stdout named pipe at /podr/container/pipe/e3a7e4f4cf8f_careorbit-api-dev/stdout_93d18d3d4a594af1b1f4c5b323463c36.
2026-03-17T19:37:46.5751425Z Successfully created stdout named pipe at: /podr/container/pipe/e3a7e4f4cf8f_careorbit-api-dev/stdout_93d18d3d4a594af1b1f4c5b323463c36.
2026-03-17T19:37:46.5933435Z Opening named pipe /podr/container/pipe/e3a7e4f4cf8f_careorbit-api-dev/stdout_93d18d3d4a594af1b1f4c5b323463c36 for reading in non-blocking mode.
2026-03-17T19:37:46.5948109Z Successfully opened named pipe: /podr/container/pipe/e3a7e4f4cf8f_careorbit-api-dev/stdout_93d18d3d4a594af1b1f4c5b323463c36.
2026-03-17T19:37:46.6126919Z Successfully removed non-blocking flag from /podr/container/pipe/e3a7e4f4cf8f_careorbit-api-dev/stdout_93d18d3d4a594af1b1f4c5b323463c36.
2026-03-17T19:37:46.6235055Z Creating stderr named pipe at /podr/container/pipe/e3a7e4f4cf8f_careorbit-api-dev/stderr_7d7a764ec86a41d2941dbef57372f77c.
2026-03-17T19:37:46.6247977Z Successfully created stderr named pipe at: /podr/container/pipe/e3a7e4f4cf8f_careorbit-api-dev/stderr_7d7a764ec86a41d2941dbef57372f77c.
2026-03-17T19:37:46.6329776Z Opening named pipe /podr/container/pipe/e3a7e4f4cf8f_careorbit-api-dev/stderr_7d7a764ec86a41d2941dbef57372f77c for reading in non-blocking mode.
2026-03-17T19:37:46.6343820Z Successfully opened named pipe: /podr/container/pipe/e3a7e4f4cf8f_careorbit-api-dev/stderr_7d7a764ec86a41d2941dbef57372f77c.
2026-03-17T19:37:46.6500478Z Successfully removed non-blocking flag from /podr/container/pipe/e3a7e4f4cf8f_careorbit-api-dev/stderr_7d7a764ec86a41d2941dbef57372f77c.
2026-03-17T19:37:46.6513497Z Creating container with image: appsvc/python:3.12_20260203.2.tuxprod from registry: mcr.microsoft.com and fully qualified image name: mcr.microsoft.com/appsvc/python:3.12_20260203.2.tuxprod
2026-03-17T19:37:47.9157413Z Starting container: e3a7e4f4cf8f_careorbit-api-dev.
2026-03-17T19:37:48.1315821Z Starting watchers and probes.
2026-03-17T19:37:48.1710252Z Starting metrics collection.
2026-03-17T19:37:48.1713930Z Container is running.
2026-03-17T19:37:48.1997190Z State: Starting, Action: CreatingContainer, LastError: ContainerTimeout, LastErrorTimestamp: 03/17/2026 19:34:42, LastErrorDetails: Container did not start within expected time limit of 230s. Please inspect your container logs for more details., Details: Container careorbit-api-dev successfully created and is running., DetailsLevel: INFO
2026-03-17T19:37:48.5121877Z Container start method finished after 62759 ms.
2026-03-17T19:37:48.5265931Z State: Starting, Action: InitiatingSiteWarmUpProbe, LastError: ContainerTimeout, LastErrorTimestamp: 03/17/2026 19:34:42, LastErrorDetails: Container did not start within expected time limit of 230s. Please inspect your container logs for more details., Details: Container careorbit-api-dev successfully created and is running., DetailsLevel: INFO
2026-03-17T19:37:48.5266399Z State: Starting, Action: WaitingForSiteWarmUpProbeSuccess, LastError: ContainerTimeout, LastErrorTimestamp: 03/17/2026 19:34:42, LastErrorDetails: Container did not start within expected time limit of 230s. Please inspect your container logs for more details., Details: Pinging warmup path to ensure container is ready to receive requests., DetailsLevel: INFO
2026-03-17T19:39:50.6577200Z Container has finished running with exit code: 1.
2026-03-17T19:39:50.6578518Z Container is terminating. Grace period: 5 seconds.
2026-03-17T19:39:50.6886992Z Stop and delete container. Retry count = 0
2026-03-17T19:39:50.6888264Z Stopping container: e3a7e4f4cf8f_careorbit-api-dev.
2026-03-17T19:39:50.9705987Z Deleting container: e3a7e4f4cf8f_careorbit-api-dev. Retry count = 0
2026-03-17T19:39:51.5147068Z Container spec TerminationMessagePolicy  path 
2026-03-17T19:39:51.5268955Z Container is terminated. Total time elapsed: 868 ms.
2026-03-17T19:39:51.5891020Z Site container: careorbit-api-dev terminated during site startup.
2026-03-17T19:39:51.5893262Z State: Stopping, Action: CancellingStartup, LastError: ContainerTimeout, LastErrorTimestamp: 03/17/2026 19:34:42, LastErrorDetails: Container did not start within expected time limit of 230s. Please inspect your container logs for more details., Details: Site container: careorbit-api-dev terminated during site startup. Cancelling site startup., DetailsLevel: ERR
2026-03-17T19:39:51.6206553Z Site startup probe failed after 123.0932147 seconds.
2026-03-17T19:39:52.1315826Z State: Stopping, Action: CancellingStartup, LastError: ContainerTimeout, LastErrorTimestamp: 03/17/2026 19:39:52, LastErrorDetails: Container did not start within expected time limit of 230s. Please inspect your container logs for more details., Details: Site container: careorbit-api-dev terminated during site startup. Cancelling site startup., DetailsLevel: ERR
2026-03-17T19:39:52.1797166Z Failed to start site. Revert by stopping site.
2026-03-17T19:39:52.1809550Z State: Stopping, Action: StoppingSite, LastError: ContainerTimeout, LastErrorTimestamp: 03/17/2026 19:39:52, LastErrorDetails: Container did not start within expected time limit of 230s. Please inspect your container logs for more details., Details: Site container: careorbit-api-dev terminated during site startup. Cancelling site startup., DetailsLevel: ERR
2026-03-17T19:39:52.2424614Z State: Stopping, Action: StoppingSiteContainers, LastError: ContainerTimeout, LastErrorTimestamp: 03/17/2026 19:39:52, LastErrorDetails: Container did not start within expected time limit of 230s. Please inspect your container logs for more details., Details: Site container: careorbit-api-dev terminated during site startup. Cancelling site startup., DetailsLevel: ERR
2026-03-17T19:39:52.2900140Z Site: careorbit-api-dev stopped.
2026-03-17T19:40:42.0658496Z State: Starting, Action: EstablishingSiteNetworks, LastError: ContainerTimeout, LastErrorTimestamp: 03/17/2026 19:39:52, LastErrorDetails: Container did not start within expected time limit of 230s. Please inspect your container logs for more details., Details: Site stopped at 03/17/2026 19:39:54 (UTC), DetailsLevel: WARN
2026-03-17T19:40:47.0815822Z State: Starting, Action: StartingSiteContainers, LastError: ContainerTimeout, LastErrorTimestamp: 03/17/2026 19:39:52, LastErrorDetails: Container did not start within expected time limit of 230s. Please inspect your container logs for more details., Details: Site stopped at 03/17/2026 19:39:54 (UTC), DetailsLevel: WARN
2026-03-17T19:40:47.0816918Z Container start method called.
2026-03-17T19:40:47.0817299Z State: Starting, Action: PullingImage, LastError: ContainerTimeout, LastErrorTimestamp: 03/17/2026 19:39:52, LastErrorDetails: Container did not start within expected time limit of 230s. Please inspect your container logs for more details., Details: Pulling image 10.1.0.4:13209/appsvc/python:3.12_20260203.2.tuxprod for careorbit-api-dev., DetailsLevel: INFO
2026-03-17T19:40:47.0817992Z Establishing network.
2026-03-17T19:40:47.0818904Z Pulling image: appsvc/python:3.12_20260203.2.tuxprod.
2026-03-17T19:41:39.6982505Z Container is starting.
2026-03-17T19:41:39.6992231Z State: Starting, Action: MountingVolumes, LastError: ContainerTimeout, LastErrorTimestamp: 03/17/2026 19:39:52, LastErrorDetails: Container did not start within expected time limit of 230s. Please inspect your container logs for more details., Details: Mounting volumes for careorbit-api-dev., DetailsLevel: INFO
2026-03-17T19:41:39.6993811Z Establishing user namespace if not established already.
2026-03-17T19:41:39.6994817Z Establishing network if not established already.
2026-03-17T19:41:39.6995713Z Mounting volumes.
2026-03-17T19:41:39.6997013Z Nested mountpoint 
2026-03-17T19:41:39.7979626Z Nested mountpoint volatile/logs
2026-03-17T19:41:39.8285807Z Nested mountpoint 
2026-03-17T19:41:39.8291437Z Nested mountpoint 
2026-03-17T19:41:39.9192069Z Nested mountpoint 
2026-03-17T19:41:40.6993673Z State: Starting, Action: CreatingContainer, LastError: ContainerTimeout, LastErrorTimestamp: 03/17/2026 19:39:52, LastErrorDetails: Container did not start within expected time limit of 230s. Please inspect your container logs for more details., Details: Finished pulling container image and mounting volumes for careorbit-api-dev. Allocatinng the rest of the container resources to finish container creation., DetailsLevel: INFO
2026-03-17T19:41:40.7089430Z Creating container.
2026-03-17T19:41:40.7178562Z Creating pipes for streaming container io.
2026-03-17T19:41:40.7373709Z Creating stdout named pipe at /podr/container/pipe/4aa7ee018345_careorbit-api-dev/stdout_dccb665c2c244d55bd626edaefc43f10.
2026-03-17T19:41:40.7581434Z Successfully created stdout named pipe at: /podr/container/pipe/4aa7ee018345_careorbit-api-dev/stdout_dccb665c2c244d55bd626edaefc43f10.
2026-03-17T19:41:40.7595315Z Opening named pipe /podr/container/pipe/4aa7ee018345_careorbit-api-dev/stdout_dccb665c2c244d55bd626edaefc43f10 for reading in non-blocking mode.
2026-03-17T19:41:40.7963935Z Successfully opened named pipe: /podr/container/pipe/4aa7ee018345_careorbit-api-dev/stdout_dccb665c2c244d55bd626edaefc43f10.
2026-03-17T19:41:40.7975914Z Successfully removed non-blocking flag from /podr/container/pipe/4aa7ee018345_careorbit-api-dev/stdout_dccb665c2c244d55bd626edaefc43f10.
2026-03-17T19:41:40.8059570Z Creating stderr named pipe at /podr/container/pipe/4aa7ee018345_careorbit-api-dev/stderr_66c52be616604d52ac033048bf9601ca.
2026-03-17T19:41:40.8116200Z Successfully created stderr named pipe at: /podr/container/pipe/4aa7ee018345_careorbit-api-dev/stderr_66c52be616604d52ac033048bf9601ca.
2026-03-17T19:41:40.8127563Z Opening named pipe /podr/container/pipe/4aa7ee018345_careorbit-api-dev/stderr_66c52be616604d52ac033048bf9601ca for reading in non-blocking mode.
2026-03-17T19:41:40.8139442Z Successfully opened named pipe: /podr/container/pipe/4aa7ee018345_careorbit-api-dev/stderr_66c52be616604d52ac033048bf9601ca.
2026-03-17T19:41:40.8213703Z Successfully removed non-blocking flag from /podr/container/pipe/4aa7ee018345_careorbit-api-dev/stderr_66c52be616604d52ac033048bf9601ca.
2026-03-17T19:41:40.8473807Z Creating container with image: appsvc/python:3.12_20260203.2.tuxprod from registry: mcr.microsoft.com and fully qualified image name: mcr.microsoft.com/appsvc/python:3.12_20260203.2.tuxprod
2026-03-17T19:41:42.3061914Z Starting container: 4aa7ee018345_careorbit-api-dev.
2026-03-17T19:41:42.4455329Z Starting watchers and probes.
2026-03-17T19:41:42.4554551Z Starting metrics collection.
2026-03-17T19:41:42.4557696Z Container is running.
2026-03-17T19:41:42.4558854Z State: Starting, Action: CreatingContainer, LastError: ContainerTimeout, LastErrorTimestamp: 03/17/2026 19:39:52, LastErrorDetails: Container did not start within expected time limit of 230s. Please inspect your container logs for more details., Details: Container careorbit-api-dev successfully created and is running., DetailsLevel: INFO
2026-03-17T19:41:42.5558050Z Container start method finished after 55473 ms.
2026-03-17T19:41:42.5560469Z State: Starting, Action: InitiatingSiteWarmUpProbe, LastError: ContainerTimeout, LastErrorTimestamp: 03/17/2026 19:39:52, LastErrorDetails: Container did not start within expected time limit of 230s. Please inspect your container logs for more details., Details: Container careorbit-api-dev successfully created and is running., DetailsLevel: INFO
2026-03-17T19:41:42.5565307Z State: Starting, Action: WaitingForSiteWarmUpProbeSuccess, LastError: ContainerTimeout, LastErrorTimestamp: 03/17/2026 19:39:52, LastErrorDetails: Container did not start within expected time limit of 230s. Please inspect your container logs for more details., Details: Pinging warmup path to ensure container is ready to receive requests., DetailsLevel: INFO
2026-03-17T19:42:54.6557628Z Container has finished running with exit code: 1.
2026-03-17T19:42:54.6566477Z Container is terminating. Grace period: 5 seconds.
2026-03-17T19:42:54.6679328Z Stop and delete container. Retry count = 0
2026-03-17T19:42:54.6744324Z Stopping container: 4aa7ee018345_careorbit-api-dev.
2026-03-17T19:42:54.8261451Z Deleting container: 4aa7ee018345_careorbit-api-dev. Retry count = 0
2026-03-17T19:42:55.4553951Z Container spec TerminationMessagePolicy  path 
2026-03-17T19:42:55.4661429Z Container is terminated. Total time elapsed: 790 ms.
2026-03-17T19:42:55.4861365Z Site container: careorbit-api-dev terminated during site startup.
2026-03-17T19:42:55.4863444Z State: Stopping, Action: CancellingStartup, LastError: ContainerTimeout, LastErrorTimestamp: 03/17/2026 19:39:52, LastErrorDetails: Container did not start within expected time limit of 230s. Please inspect your container logs for more details., Details: Site container: careorbit-api-dev terminated during site startup. Cancelling site startup., DetailsLevel: ERR
2026-03-17T19:42:55.5157642Z Site startup probe failed after 72.9587697 seconds.
2026-03-17T19:42:55.9093481Z State: Stopping, Action: CancellingStartup, LastError: ContainerTimeout, LastErrorTimestamp: 03/17/2026 19:42:55, LastErrorDetails: Container did not start within expected time limit of 230s. Please inspect your container logs for more details., Details: Site container: careorbit-api-dev terminated during site startup. Cancelling site startup., DetailsLevel: ERR
2026-03-17T19:42:55.9616334Z Failed to start site. Revert by stopping site.
2026-03-17T19:42:55.9625994Z State: Stopping, Action: StoppingSite, LastError: ContainerTimeout, LastErrorTimestamp: 03/17/2026 19:42:55, LastErrorDetails: Container did not start within expected time limit of 230s. Please inspect your container logs for more details., Details: Site container: careorbit-api-dev terminated during site startup. Cancelling site startup., DetailsLevel: ERR
2026-03-17T19:42:55.9806808Z State: Stopping, Action: StoppingSiteContainers, LastError: ContainerTimeout, LastErrorTimestamp: 03/17/2026 19:42:55, LastErrorDetails: Container did not start within expected time limit of 230s. Please inspect your container logs for more details., Details: Site container: careorbit-api-dev terminated during site startup. Cancelling site startup., DetailsLevel: ERR
2026-03-17T19:42:55.9807002Z Site: careorbit-api-dev stopped.
2026-03-17T19:42:55.9899034Z State: Stopping, Action: UnmountingVolumes, LastError: ContainerTimeout, LastErrorTimestamp: 03/17/2026 19:42:55, LastErrorDetails: Container did not start within expected time limit of 230s. Please inspect your container logs for more details., Details: Site container: careorbit-api-dev terminated during site startup. Cancelling site startup., DetailsLevel: ERR
2026-03-17T19:42:56.7881054Z State: Stopping, Action: StoppingSiteNetworks, LastError: ContainerTimeout, LastErrorTimestamp: 03/17/2026 19:42:55, LastErrorDetails: Container did not start within expected time limit of 230s. Please inspect your container logs for more details., Details: Site container: careorbit-api-dev terminated during site startup. Cancelling site startup., DetailsLevel: ERR
2026-03-17T19:42:57.3914179Z State: Stopped, Action: None, LastError: ContainerTimeout, LastErrorTimestamp: 03/17/2026 19:42:55, LastErrorDetails: Container did not start within expected time limit of 230s. Please inspect your container logs for more details., Details: Site stopped at 03/17/2026 19:42:57 (UTC), DetailsLevel: ERR
2026-03-17T19:42:57.8299474Z State: Stopped, Action: None, LastError: ContainerTimeout, LastErrorTimestamp: 03/17/2026 19:42:55, LastErrorDetails: Container did not start within expected time limit of 230s. Please inspect your container logs for more details., Details: Site stopped at 03/17/2026 19:42:57 (UTC), DetailsLevel: ERR
2026-03-17T19:44:54.9863385Z State: Starting, Action: EstablishingSiteNetworks, LastError: ContainerTimeout, LastErrorTimestamp: 03/17/2026 19:42:55, LastErrorDetails: Container did not start within expected time limit of 230s. Please inspect your container logs for more details., Details: Site stopped at 03/17/2026 19:42:57 (UTC), DetailsLevel: ERR
2026-03-17T19:45:01.4213781Z State: Starting, Action: StartingSiteContainers, LastError: ContainerTimeout, LastErrorTimestamp: 03/17/2026 19:42:55, LastErrorDetails: Container did not start within expected time limit of 230s. Please inspect your container logs for more details., Details: Site stopped at 03/17/2026 19:42:57 (UTC), DetailsLevel: ERR
2026-03-17T19:45:01.4216914Z Container start method called.
2026-03-17T19:45:01.4220243Z State: Starting, Action: PullingImage, LastError: ContainerTimeout, LastErrorTimestamp: 03/17/2026 19:42:55, LastErrorDetails: Container did not start within expected time limit of 230s. Please inspect your container logs for more details., Details: Pulling image mcr.microsoft.com/appsvc/python:3.12_20260203.2.tuxprod for careorbit-api-dev., DetailsLevel: INFO
2026-03-17T19:45:01.4226913Z Establishing network.
2026-03-17T19:45:01.4228594Z Pulling image: appsvc/python:3.12_20260203.2.tuxprod.
2026-03-17T19:46:25.9584081Z Container is starting.
2026-03-17T19:46:25.9752448Z State: Starting, Action: MountingVolumes, LastError: ContainerTimeout, LastErrorTimestamp: 03/17/2026 19:42:55, LastErrorDetails: Container did not start within expected time limit of 230s. Please inspect your container logs for more details., Details: Mounting volumes for careorbit-api-dev., DetailsLevel: INFO
2026-03-17T19:46:26.1050883Z Establishing user namespace if not established already.
2026-03-17T19:46:26.1062999Z Establishing network if not established already.
2026-03-17T19:46:26.1066554Z Mounting volumes.
2026-03-17T19:46:26.1232785Z Nested mountpoint 
2026-03-17T19:46:26.2096779Z Nested mountpoint volatile/logs
2026-03-17T19:46:26.3687069Z Nested mountpoint 
2026-03-17T19:46:26.5497841Z Nested mountpoint 
2026-03-17T19:46:26.8518203Z Nested mountpoint 
2026-03-17T19:46:28.6367217Z State: Starting, Action: CreatingContainer, LastError: ContainerTimeout, LastErrorTimestamp: 03/17/2026 19:42:55, LastErrorDetails: Container did not start within expected time limit of 230s. Please inspect your container logs for more details., Details: Finished pulling container image and mounting volumes for careorbit-api-dev. Allocatinng the rest of the container resources to finish container creation., DetailsLevel: INFO
2026-03-17T19:46:28.6545780Z Creating container.
2026-03-17T19:46:28.6547359Z Creating pipes for streaming container io.
2026-03-17T19:46:28.6572886Z Creating stdout named pipe at /podr/container/pipe/39421e1a5b29_careorbit-api-dev/stdout_a63e64d66d354176b090c8b401bb1993.
2026-03-17T19:46:28.6763714Z Successfully created stdout named pipe at: /podr/container/pipe/39421e1a5b29_careorbit-api-dev/stdout_a63e64d66d354176b090c8b401bb1993.
2026-03-17T19:46:28.6765324Z Opening named pipe /podr/container/pipe/39421e1a5b29_careorbit-api-dev/stdout_a63e64d66d354176b090c8b401bb1993 for reading in non-blocking mode.
2026-03-17T19:46:28.6772846Z Successfully opened named pipe: /podr/container/pipe/39421e1a5b29_careorbit-api-dev/stdout_a63e64d66d354176b090c8b401bb1993.
2026-03-17T19:46:28.6774485Z Successfully removed non-blocking flag from /podr/container/pipe/39421e1a5b29_careorbit-api-dev/stdout_a63e64d66d354176b090c8b401bb1993.
2026-03-17T19:46:28.6953148Z Creating stderr named pipe at /podr/container/pipe/39421e1a5b29_careorbit-api-dev/stderr_34e381e040c04315bcfe916edf1f1d3d.
2026-03-17T19:46:28.6955151Z Successfully created stderr named pipe at: /podr/container/pipe/39421e1a5b29_careorbit-api-dev/stderr_34e381e040c04315bcfe916edf1f1d3d.
2026-03-17T19:46:28.6956021Z Opening named pipe /podr/container/pipe/39421e1a5b29_careorbit-api-dev/stderr_34e381e040c04315bcfe916edf1f1d3d for reading in non-blocking mode.
2026-03-17T19:46:28.6956915Z Successfully opened named pipe: /podr/container/pipe/39421e1a5b29_careorbit-api-dev/stderr_34e381e040c04315bcfe916edf1f1d3d.
2026-03-17T19:46:28.6957670Z Successfully removed non-blocking flag from /podr/container/pipe/39421e1a5b29_careorbit-api-dev/stderr_34e381e040c04315bcfe916edf1f1d3d.
2026-03-17T19:46:28.6966127Z Creating container with image: appsvc/python:3.12_20260203.2.tuxprod from registry: mcr.microsoft.com and fully qualified image name: mcr.microsoft.com/appsvc/python:3.12_20260203.2.tuxprod
2026-03-17T19:46:35.0824410Z Starting container: 39421e1a5b29_careorbit-api-dev.
2026-03-17T19:46:35.5401056Z Starting watchers and probes.
2026-03-17T19:46:35.7295602Z Starting metrics collection.
2026-03-17T19:46:35.8416410Z Container is running.
2026-03-17T19:46:35.8699714Z State: Starting, Action: CreatingContainer, LastError: ContainerTimeout, LastErrorTimestamp: 03/17/2026 19:42:55, LastErrorDetails: Container did not start within expected time limit of 230s. Please inspect your container logs for more details., Details: Container careorbit-api-dev successfully created and is running., DetailsLevel: INFO
2026-03-17T19:46:36.3172947Z Container start method finished after 94803 ms.
2026-03-17T19:46:36.3269607Z State: Starting, Action: InitiatingSiteWarmUpProbe, LastError: ContainerTimeout, LastErrorTimestamp: 03/17/2026 19:42:55, LastErrorDetails: Container did not start within expected time limit of 230s. Please inspect your container logs for more details., Details: Container careorbit-api-dev successfully created and is running., DetailsLevel: INFO
2026-03-17T19:46:36.3357890Z State: Starting, Action: WaitingForSiteWarmUpProbeSuccess, LastError: ContainerTimeout, LastErrorTimestamp: 03/17/2026 19:42:55, LastErrorDetails: Container did not start within expected time limit of 230s. Please inspect your container logs for more details., Details: Pinging warmup path to ensure container is ready to receive requests., DetailsLevel: INFO
2026-03-17T19:48:29.8315352Z Container has finished running with exit code: 1.
2026-03-17T19:48:29.8317562Z Container is terminating. Grace period: 5 seconds.
2026-03-17T19:48:29.9548321Z Stop and delete container. Retry count = 0
2026-03-17T19:48:29.9549408Z Stopping container: 39421e1a5b29_careorbit-api-dev.
2026-03-17T19:48:30.5681919Z Deleting container: 39421e1a5b29_careorbit-api-dev. Retry count = 0
2026-03-17T19:48:34.0148563Z Container spec TerminationMessagePolicy  path 
2026-03-17T19:48:34.0369143Z Container is terminated. Total time elapsed: 4204 ms.
2026-03-17T19:48:34.0873638Z Site container: careorbit-api-dev terminated during site startup.
2026-03-17T19:48:34.0874618Z State: Stopping, Action: CancellingStartup, LastError: ContainerTimeout, LastErrorTimestamp: 03/17/2026 19:42:55, LastErrorDetails: Container did not start within expected time limit of 230s. Please inspect your container logs for more details., Details: Site container: careorbit-api-dev terminated during site startup. Cancelling site startup., DetailsLevel: ERR
2026-03-17T19:48:34.1055598Z Site startup probe failed after 117.7290091 seconds.
2026-03-17T19:48:35.1634039Z State: Stopping, Action: CancellingStartup, LastError: ContainerTimeout, LastErrorTimestamp: 03/17/2026 19:48:35, LastErrorDetails: Container did not start within expected time limit of 230s. Please inspect your container logs for more details., Details: Site container: careorbit-api-dev terminated during site startup. Cancelling site startup., DetailsLevel: ERR
2026-03-17T19:48:35.3449775Z Failed to start site. Revert by stopping site.
2026-03-17T19:48:35.3531223Z State: Stopping, Action: StoppingSite, LastError: ContainerTimeout, LastErrorTimestamp: 03/17/2026 19:48:35, LastErrorDetails: Container did not start within expected time limit of 230s. Please inspect your container logs for more details., Details: Site container: careorbit-api-dev terminated during site startup. Cancelling site startup., DetailsLevel: ERR
2026-03-17T19:48:35.3543033Z State: Stopping, Action: StoppingSiteContainers, LastError: ContainerTimeout, LastErrorTimestamp: 03/17/2026 19:48:35, LastErrorDetails: Container did not start within expected time limit of 230s. Please inspect your container logs for more details., Details: Site container: careorbit-api-dev terminated during site startup. Cancelling site startup., DetailsLevel: ERR
2026-03-17T19:48:35.3544720Z Site: careorbit-api-dev stopped.
2026-03-17T19:48:35.5017615Z State: Stopping, Action: UnmountingVolumes, LastError: ContainerTimeout, LastErrorTimestamp: 03/17/2026 19:48:35, LastErrorDetails: Container did not start within expected time limit of 230s. Please inspect your container logs for more details., Details: Site container: careorbit-api-dev terminated during site startup. Cancelling site startup., DetailsLevel: ERR
2026-03-17T19:48:39.5307085Z State: Stopping, Action: StoppingSiteNetworks, LastError: ContainerTimeout, LastErrorTimestamp: 03/17/2026 19:48:35, LastErrorDetails: Container did not start within expected time limit of 230s. Please inspect your container logs for more details., Details: Site container: careorbit-api-dev terminated during site startup. Cancelling site startup., DetailsLevel: ERR
2026-03-17T19:48:40.8086694Z Site: careorbit-api-dev will be blocked for 1 minutes till 03/17/2026 19:49:40
2026-03-17T19:48:40.8088921Z State: Blocked, Action: StoppingSiteNetworks, LastError: ContainerTimeout, LastErrorTimestamp: 03/17/2026 19:48:35, LastErrorDetails: Container did not start within expected time limit of 230s. Please inspect your container logs for more details., Details: Site: careorbit-api-dev will be blocked for 1 minutes till 03/17/2026 19:49:40, DetailsLevel: WARN
2026-03-17T19:48:40.9598689Z State: Stopped, Action: None, LastError: ContainerTimeout, LastErrorTimestamp: 03/17/2026 19:48:35, LastErrorDetails: Container did not start within expected time limit of 230s. Please inspect your container logs for more details., Details: Site stopped at 03/17/2026 19:48:40 (UTC), DetailsLevel: WARN
2026-03-17T19:48:41.7530263Z State: Stopped, Action: None, LastError: ContainerTimeout, LastErrorTimestamp: 03/17/2026 19:48:35, LastErrorDetails: Container did not start within expected time limit of 230s. Please inspect your container logs for more details., Details: Site stopped at 03/17/2026 19:48:40 (UTC), DetailsLevel: WARN
2026-03-17T19:48:47.0934484Z State: Blocked, Action: None, LastError: ContainerTimeout, LastErrorTimestamp: 03/17/2026 19:48:35, LastErrorDetails: Container did not start within expected time limit of 230s. Please inspect your container logs for more details., Details: Site is blocked due to multiple, consecutive cold start failures. Site scheduled to be unblocked at 03/17/2026 19:49:40, DetailsLevel: WARN
2026-03-17T19:48:47.1253953Z Start site prohibitted because the site is being blocked.
2026-03-17T19:48:53.3608027Z State: Blocked, Action: None, LastError: ContainerTimeout, LastErrorTimestamp: 03/17/2026 19:48:35, LastErrorDetails: Container did not start within expected time limit of 230s. Please inspect your container logs for more details., Details: Site is blocked due to multiple, consecutive cold start failures. Site scheduled to be unblocked at 03/17/2026 19:49:40, DetailsLevel: WARN
2026-03-17T19:48:53.3608650Z Start site prohibitted because the site is being blocked.
2026-03-17T19:48:58.7093332Z State: Blocked, Action: None, LastError: ContainerTimeout, LastErrorTimestamp: 03/17/2026 19:48:35, LastErrorDetails: Container did not start within expected time limit of 230s. Please inspect your container logs for more details., Details: Site is blocked due to multiple, consecutive cold start failures. Site scheduled to be unblocked at 03/17/2026 19:49:40, DetailsLevel: WARN
2026-03-17T19:48:58.7093639Z Start site prohibitted because the site is being blocked.
2026-03-17T19:49:04.2838022Z State: Blocked, Action: None, LastError: ContainerTimeout, LastErrorTimestamp: 03/17/2026 19:48:35, LastErrorDetails: Container did not start within expected time limit of 230s. Please inspect your container logs for more details., Details: Site is blocked due to multiple, consecutive cold start failures. Site scheduled to be unblocked at 03/17/2026 19:49:40, DetailsLevel: WARN
2026-03-17T19:49:04.2839040Z Start site prohibitted because the site is being blocked.
2026-03-17T19:49:09.4913955Z State: Blocked, Action: None, LastError: ContainerTimeout, LastErrorTimestamp: 03/17/2026 19:48:35, LastErrorDetails: Container did not start within expected time limit of 230s. Please inspect your container logs for more details., Details: Site is blocked due to multiple, consecutive cold start failures. Site scheduled to be unblocked at 03/17/2026 19:49:40, DetailsLevel: WARN
2026-03-17T19:49:09.4914552Z Start site prohibitted because the site is being blocked.
2026-03-17T19:49:14.7965487Z State: Blocked, Action: None, LastError: ContainerTimeout, LastErrorTimestamp: 03/17/2026 19:48:35, LastErrorDetails: Container did not start within expected time limit of 230s. Please inspect your container logs for more details., Details: Site is blocked due to multiple, consecutive cold start failures. Site scheduled to be unblocked at 03/17/2026 19:49:40, DetailsLevel: WARN
2026-03-17T19:49:14.7966364Z Start site prohibitted because the site is being blocked.
2026-03-17T19:49:20.1134144Z State: Blocked, Action: None, LastError: ContainerTimeout, LastErrorTimestamp: 03/17/2026 19:48:35, LastErrorDetails: Container did not start within expected time limit of 230s. Please inspect your container logs for more details., Details: Site is blocked due to multiple, consecutive cold start failures. Site scheduled to be unblocked at 03/17/2026 19:49:40, DetailsLevel: WARN
2026-03-17T19:49:20.1134448Z Start site prohibitted because the site is being blocked.
2026-03-17T19:49:25.7093060Z State: Blocked, Action: None, LastError: ContainerTimeout, LastErrorTimestamp: 03/17/2026 19:48:35, LastErrorDetails: Container did not start within expected time limit of 230s. Please inspect your container logs for more details., Details: Site is blocked due to multiple, consecutive cold start failures. Site scheduled to be unblocked at 03/17/2026 19:49:40, DetailsLevel: WARN
2026-03-17T19:49:25.7093628Z Start site prohibitted because the site is being blocked.
2026-03-17T19:49:31.0563382Z State: Blocked, Action: None, LastError: ContainerTimeout, LastErrorTimestamp: 03/17/2026 19:48:35, LastErrorDetails: Container did not start within expected time limit of 230s. Please inspect your container logs for more details., Details: Site is blocked due to multiple, consecutive cold start failures. Site scheduled to be unblocked at 03/17/2026 19:49:40, DetailsLevel: WARN
2026-03-17T19:49:31.0563755Z Start site prohibitted because the site is being blocked.
2026-03-17T19:49:36.5708977Z State: Blocked, Action: None, LastError: ContainerTimeout, LastErrorTimestamp: 03/17/2026 19:48:35, LastErrorDetails: Container did not start within expected time limit of 230s. Please inspect your container logs for more details., Details: Site is blocked due to multiple, consecutive cold start failures. Site scheduled to be unblocked at 03/17/2026 19:49:40, DetailsLevel: WARN
2026-03-17T19:49:36.5709614Z Start site prohibitted because the site is being blocked.
2026-03-17T19:49:40.8128904Z Site: careorbit-api-dev is unblocked.
2026-03-17T19:49:41.9096779Z State: Starting, Action: EstablishingSiteNetworks, LastError: ContainerTimeout, LastErrorTimestamp: 03/17/2026 19:48:35, LastErrorDetails: Container did not start within expected time limit of 230s. Please inspect your container logs for more details., Details: Site is blocked due to multiple, consecutive cold start failures. Site scheduled to be unblocked at 03/17/2026 19:49:40, DetailsLevel: WARN
2026-03-17T19:49:48.9361683Z State: Starting, Action: StartingSiteContainers, LastError: ContainerTimeout, LastErrorTimestamp: 03/17/2026 19:48:35, LastErrorDetails: Container did not start within expected time limit of 230s. Please inspect your container logs for more details., Details: Site is blocked due to multiple, consecutive cold start failures. Site scheduled to be unblocked at 03/17/2026 19:49:40, DetailsLevel: WARN
2026-03-17T19:49:48.9535891Z Container start method called.
2026-03-17T19:49:48.9537654Z State: Starting, Action: PullingImage, LastError: ContainerTimeout, LastErrorTimestamp: 03/17/2026 19:48:35, LastErrorDetails: Container did not start within expected time limit of 230s. Please inspect your container logs for more details., Details: Pulling image mcr.microsoft.com/appsvc/python:3.12_20260203.2.tuxprod for careorbit-api-dev., DetailsLevel: INFO
2026-03-17T19:49:48.9539338Z Establishing network.
2026-03-17T19:49:48.9540718Z Pulling image: appsvc/python:3.12_20260203.2.tuxprod.
2026-03-17T19:51:05.2582661Z Container is starting.
2026-03-17T19:51:05.2732667Z State: Starting, Action: MountingVolumes, LastError: ContainerTimeout, LastErrorTimestamp: 03/17/2026 19:48:35, LastErrorDetails: Container did not start within expected time limit of 230s. Please inspect your container logs for more details., Details: Mounting volumes for careorbit-api-dev., DetailsLevel: INFO
2026-03-17T19:51:05.2736520Z Establishing user namespace if not established already.
2026-03-17T19:51:05.2737944Z Establishing network if not established already.
2026-03-17T19:51:05.2739190Z Mounting volumes.
2026-03-17T19:51:05.2747583Z Nested mountpoint 
2026-03-17T19:51:05.3108001Z Nested mountpoint volatile/logs
2026-03-17T19:51:05.4172021Z Nested mountpoint 
2026-03-17T19:51:05.4466528Z Nested mountpoint 
2026-03-17T19:51:05.4758370Z Nested mountpoint 
2026-03-17T19:51:07.3612021Z State: Starting, Action: CreatingContainer, LastError: ContainerTimeout, LastErrorTimestamp: 03/17/2026 19:48:35, LastErrorDetails: Container did not start within expected time limit of 230s. Please inspect your container logs for more details., Details: Finished pulling container image and mounting volumes for careorbit-api-dev. Allocatinng the rest of the container resources to finish container creation., DetailsLevel: INFO
2026-03-17T19:51:07.3615598Z Creating container.
2026-03-17T19:51:07.3616551Z Creating pipes for streaming container io.
2026-03-17T19:51:07.3617302Z Creating stdout named pipe at /podr/container/pipe/3f1b378b7b3d_careorbit-api-dev/stdout_b682a6f24cea4bde97b7eb1bb5a00881.
2026-03-17T19:51:07.3619495Z Successfully created stdout named pipe at: /podr/container/pipe/3f1b378b7b3d_careorbit-api-dev/stdout_b682a6f24cea4bde97b7eb1bb5a00881.
2026-03-17T19:51:07.3620215Z Opening named pipe /podr/container/pipe/3f1b378b7b3d_careorbit-api-dev/stdout_b682a6f24cea4bde97b7eb1bb5a00881 for reading in non-blocking mode.
2026-03-17T19:51:07.3621143Z Successfully opened named pipe: /podr/container/pipe/3f1b378b7b3d_careorbit-api-dev/stdout_b682a6f24cea4bde97b7eb1bb5a00881.
2026-03-17T19:51:07.3621859Z Successfully removed non-blocking flag from /podr/container/pipe/3f1b378b7b3d_careorbit-api-dev/stdout_b682a6f24cea4bde97b7eb1bb5a00881.
2026-03-17T19:51:07.4256902Z Creating stderr named pipe at /podr/container/pipe/3f1b378b7b3d_careorbit-api-dev/stderr_fcca7369edb84fcc9c6c41ebbfaaf851.
2026-03-17T19:51:07.4260965Z Successfully created stderr named pipe at: /podr/container/pipe/3f1b378b7b3d_careorbit-api-dev/stderr_fcca7369edb84fcc9c6c41ebbfaaf851.
2026-03-17T19:51:07.4342106Z Opening named pipe /podr/container/pipe/3f1b378b7b3d_careorbit-api-dev/stderr_fcca7369edb84fcc9c6c41ebbfaaf851 for reading in non-blocking mode.
2026-03-17T19:51:07.4343843Z Successfully opened named pipe: /podr/container/pipe/3f1b378b7b3d_careorbit-api-dev/stderr_fcca7369edb84fcc9c6c41ebbfaaf851.
2026-03-17T19:51:07.4358571Z Successfully removed non-blocking flag from /podr/container/pipe/3f1b378b7b3d_careorbit-api-dev/stderr_fcca7369edb84fcc9c6c41ebbfaaf851.
2026-03-17T19:51:07.5508148Z Creating container with image: appsvc/python:3.12_20260203.2.tuxprod from registry: mcr.microsoft.com and fully qualified image name: mcr.microsoft.com/appsvc/python:3.12_20260203.2.tuxprod
2026-03-17T19:51:10.0942004Z Starting container: 3f1b378b7b3d_careorbit-api-dev.
2026-03-17T19:51:10.2118500Z Starting watchers and probes.
2026-03-17T19:51:10.2206156Z Starting metrics collection.
2026-03-17T19:51:10.2207745Z Container is running.
2026-03-17T19:51:10.2208627Z State: Starting, Action: CreatingContainer, LastError: ContainerTimeout, LastErrorTimestamp: 03/17/2026 19:48:35, LastErrorDetails: Container did not start within expected time limit of 230s. Please inspect your container logs for more details., Details: Container careorbit-api-dev successfully created and is running., DetailsLevel: INFO
2026-03-17T19:51:10.5105794Z Container start method finished after 81530 ms.
2026-03-17T19:51:10.5109558Z State: Starting, Action: InitiatingSiteWarmUpProbe, LastError: ContainerTimeout, LastErrorTimestamp: 03/17/2026 19:48:35, LastErrorDetails: Container did not start within expected time limit of 230s. Please inspect your container logs for more details., Details: Container careorbit-api-dev successfully created and is running., DetailsLevel: INFO
2026-03-17T19:51:10.5110150Z State: Starting, Action: WaitingForSiteWarmUpProbeSuccess, LastError: ContainerTimeout, LastErrorTimestamp: 03/17/2026 19:48:35, LastErrorDetails: Container did not start within expected time limit of 230s. Please inspect your container logs for more details., Details: Pinging warmup path to ensure container is ready to receive requests., DetailsLevel: INFO
2026-03-17T19:53:35.1879262Z Container has finished running with exit code: 1.
2026-03-17T19:53:35.1957512Z Container is terminating. Grace period: 5 seconds.
2026-03-17T19:53:35.2047098Z Stop and delete container. Retry count = 0
2026-03-17T19:53:35.2058200Z Stopping container: 3f1b378b7b3d_careorbit-api-dev.
2026-03-17T19:53:35.3161237Z Deleting container: 3f1b378b7b3d_careorbit-api-dev. Retry count = 0
2026-03-17T19:53:36.2478518Z Container spec TerminationMessagePolicy  path 
2026-03-17T19:53:36.2493702Z Container is terminated. Total time elapsed: 1052 ms.
2026-03-17T19:53:36.2577598Z Site container: careorbit-api-dev terminated during site startup.
2026-03-17T19:53:36.2579309Z State: Stopping, Action: CancellingStartup, LastError: ContainerTimeout, LastErrorTimestamp: 03/17/2026 19:48:35, LastErrorDetails: Container did not start within expected time limit of 230s. Please inspect your container logs for more details., Details: Site container: careorbit-api-dev terminated during site startup. Cancelling site startup., DetailsLevel: ERR
2026-03-17T19:53:36.3026558Z Site startup probe failed after 145.7828184 seconds.
2026-03-17T19:53:36.9462964Z State: Stopping, Action: CancellingStartup, LastError: ContainerTimeout, LastErrorTimestamp: 03/17/2026 19:53:36, LastErrorDetails: Container did not start within expected time limit of 230s. Please inspect your container logs for more details., Details: Site container: careorbit-api-dev terminated during site startup. Cancelling site startup., DetailsLevel: ERR
2026-03-17T19:53:36.9725714Z Failed to start site. Revert by stopping site.
2026-03-17T19:53:36.9732516Z State: Stopping, Action: StoppingSite, LastError: ContainerTimeout, LastErrorTimestamp: 03/17/2026 19:53:36, LastErrorDetails: Container did not start within expected time limit of 230s. Please inspect your container logs for more details., Details: Site container: careorbit-api-dev terminated during site startup. Cancelling site startup., DetailsLevel: ERR
2026-03-17T19:53:36.9741597Z State: Stopping, Action: StoppingSiteContainers, LastError: ContainerTimeout, LastErrorTimestamp: 03/17/2026 19:53:36, LastErrorDetails: Container did not start within expected time limit of 230s. Please inspect your container logs for more details., Details: Site container: careorbit-api-dev terminated during site startup. Cancelling site startup., DetailsLevel: ERR
2026-03-17T19:53:36.9741832Z Site: careorbit-api-dev stopped.
2026-03-17T19:53:37.0162480Z State: Stopping, Action: UnmountingVolumes, LastError: ContainerTimeout, LastErrorTimestamp: 03/17/2026 19:53:36, LastErrorDetails: Container did not start within expected time limit of 230s. Please inspect your container logs for more details., Details: Site container: careorbit-api-dev terminated during site startup. Cancelling site startup., DetailsLevel: ERR
2026-03-17T19:53:38.3079552Z State: Stopping, Action: StoppingSiteNetworks, LastError: ContainerTimeout, LastErrorTimestamp: 03/17/2026 19:53:36, LastErrorDetails: Container did not start within expected time limit of 230s. Please inspect your container logs for more details., Details: Site container: careorbit-api-dev terminated during site startup. Cancelling site startup., DetailsLevel: ERR
2026-03-17T19:53:39.1735906Z Site: careorbit-api-dev will be blocked for 1 minutes till 03/17/2026 19:54:39
2026-03-17T19:53:39.1737759Z State: Blocked, Action: StoppingSiteNetworks, LastError: ContainerTimeout, LastErrorTimestamp: 03/17/2026 19:53:36, LastErrorDetails: Container did not start within expected time limit of 230s. Please inspect your container logs for more details., Details: Site: careorbit-api-dev will be blocked for 1 minutes till 03/17/2026 19:54:39, DetailsLevel: WARN
2026-03-17T19:53:39.2247008Z State: Stopped, Action: None, LastError: ContainerTimeout, LastErrorTimestamp: 03/17/2026 19:53:36, LastErrorDetails: Container did not start within expected time limit of 230s. Please inspect your container logs for more details., Details: Site stopped at 03/17/2026 19:53:39 (UTC), DetailsLevel: WARN
2026-03-17T19:53:40.1845742Z State: Stopped, Action: None, LastError: ContainerTimeout, LastErrorTimestamp: 03/17/2026 19:53:36, LastErrorDetails: Container did not start within expected time limit of 230s. Please inspect your container logs for more details., Details: Site stopped at 03/17/2026 19:53:39 (UTC), DetailsLevel: WARN
2026-03-17T19:53:45.3228720Z State: Blocked, Action: None, LastError: ContainerTimeout, LastErrorTimestamp: 03/17/2026 19:53:36, LastErrorDetails: Container did not start within expected time limit of 230s. Please inspect your container logs for more details., Details: Site is blocked due to multiple, consecutive cold start failures. Site scheduled to be unblocked at 03/17/2026 19:54:39, DetailsLevel: WARN
2026-03-17T19:53:45.3229110Z Start site prohibitted because the site is being blocked.
2026-03-17T19:53:50.5354140Z State: Blocked, Action: None, LastError: ContainerTimeout, LastErrorTimestamp: 03/17/2026 19:53:36, LastErrorDetails: Container did not start within expected time limit of 230s. Please inspect your container logs for more details., Details: Site is blocked due to multiple, consecutive cold start failures. Site scheduled to be unblocked at 03/17/2026 19:54:39, DetailsLevel: WARN
2026-03-17T19:53:50.5354749Z Start site prohibitted because the site is being blocked.
2026-03-17T19:53:55.7537283Z State: Blocked, Action: None, LastError: ContainerTimeout, LastErrorTimestamp: 03/17/2026 19:53:36, LastErrorDetails: Container did not start within expected time limit of 230s. Please inspect your container logs for more details., Details: Site is blocked due to multiple, consecutive cold start failures. Site scheduled to be unblocked at 03/17/2026 19:54:39, DetailsLevel: WARN
2026-03-17T19:53:55.7537612Z Start site prohibitted because the site is being blocked.
2026-03-17T19:54:01.2758575Z State: Blocked, Action: None, LastError: ContainerTimeout, LastErrorTimestamp: 03/17/2026 19:53:36, LastErrorDetails: Container did not start within expected time limit of 230s. Please inspect your container logs for more details., Details: Site is blocked due to multiple, consecutive cold start failures. Site scheduled to be unblocked at 03/17/2026 19:54:39, DetailsLevel: WARN
2026-03-17T19:54:01.2758920Z Start site prohibitted because the site is being blocked.
2026-03-17T19:54:06.5702899Z State: Blocked, Action: None, LastError: ContainerTimeout, LastErrorTimestamp: 03/17/2026 19:53:36, LastErrorDetails: Container did not start within expected time limit of 230s. Please inspect your container logs for more details., Details: Site is blocked due to multiple, consecutive cold start failures. Site scheduled to be unblocked at 03/17/2026 19:54:39, DetailsLevel: WARN
2026-03-17T19:54:06.5703227Z Start site prohibitted because the site is being blocked.
2026-03-17T19:54:12.0052632Z State: Blocked, Action: None, LastError: ContainerTimeout, LastErrorTimestamp: 03/17/2026 19:53:36, LastErrorDetails: Container did not start within expected time limit of 230s. Please inspect your container logs for more details., Details: Site is blocked due to multiple, consecutive cold start failures. Site scheduled to be unblocked at 03/17/2026 19:54:39, DetailsLevel: WARN
2026-03-17T19:54:12.0053024Z Start site prohibitted because the site is being blocked.
2026-03-17T19:54:17.2685378Z State: Blocked, Action: None, LastError: ContainerTimeout, LastErrorTimestamp: 03/17/2026 19:53:36, LastErrorDetails: Container did not start within expected time limit of 230s. Please inspect your container logs for more details., Details: Site is blocked due to multiple, consecutive cold start failures. Site scheduled to be unblocked at 03/17/2026 19:54:39, DetailsLevel: WARN
2026-03-17T19:54:17.2686198Z Start site prohibitted because the site is being blocked.
2026-03-17T19:54:22.8095097Z State: Blocked, Action: None, LastError: ContainerTimeout, LastErrorTimestamp: 03/17/2026 19:53:36, LastErrorDetails: Container did not start within expected time limit of 230s. Please inspect your container logs for more details., Details: Site is blocked due to multiple, consecutive cold start failures. Site scheduled to be unblocked at 03/17/2026 19:54:39, DetailsLevel: WARN
2026-03-17T19:54:22.8095428Z Start site prohibitted because the site is being blocked.
2026-03-17T19:54:28.1660553Z State: Blocked, Action: None, LastError: ContainerTimeout, LastErrorTimestamp: 03/17/2026 19:53:36, LastErrorDetails: Container did not start within expected time limit of 230s. Please inspect your container logs for more details., Details: Site is blocked due to multiple, consecutive cold start failures. Site scheduled to be unblocked at 03/17/2026 19:54:39, DetailsLevel: WARN
2026-03-17T19:54:28.1678115Z Start site prohibitted because the site is being blocked.
2026-03-17T19:54:33.5238011Z State: Blocked, Action: None, LastError: ContainerTimeout, LastErrorTimestamp: 03/17/2026 19:53:36, LastErrorDetails: Container did not start within expected time limit of 230s. Please inspect your container logs for more details., Details: Site is blocked due to multiple, consecutive cold start failures. Site scheduled to be unblocked at 03/17/2026 19:54:39, DetailsLevel: WARN
2026-03-17T19:54:33.5238610Z Start site prohibitted because the site is being blocked.
2026-03-17T19:54:38.7912694Z State: Blocked, Action: None, LastError: ContainerTimeout, LastErrorTimestamp: 03/17/2026 19:53:36, LastErrorDetails: Container did not start within expected time limit of 230s. Please inspect your container logs for more details., Details: Site is blocked due to multiple, consecutive cold start failures. Site scheduled to be unblocked at 03/17/2026 19:54:39, DetailsLevel: WARN
2026-03-17T19:54:38.7913042Z Start site prohibitted because the site is being blocked.
2026-03-17T19:54:39.1821227Z Site: careorbit-api-dev is unblocked.
2026-03-17T19:54:44.2045250Z State: Starting, Action: EstablishingSiteNetworks, LastError: ContainerTimeout, LastErrorTimestamp: 03/17/2026 19:53:36, LastErrorDetails: Container did not start within expected time limit of 230s. Please inspect your container logs for more details., Details: Site is blocked due to multiple, consecutive cold start failures. Site scheduled to be unblocked at 03/17/2026 19:54:39, DetailsLevel: WARN
2026-03-17T19:54:49.6507053Z State: Starting, Action: StartingSiteContainers, LastError: ContainerTimeout, LastErrorTimestamp: 03/17/2026 19:53:36, LastErrorDetails: Container did not start within expected time limit of 230s. Please inspect your container logs for more details., Details: Site is blocked due to multiple, consecutive cold start failures. Site scheduled to be unblocked at 03/17/2026 19:54:39, DetailsLevel: WARN
2026-03-17T19:54:49.6508039Z Container start method called.
2026-03-17T19:54:49.6509590Z State: Starting, Action: PullingImage, LastError: ContainerTimeout, LastErrorTimestamp: 03/17/2026 19:53:36, LastErrorDetails: Container did not start within expected time limit of 230s. Please inspect your container logs for more details., Details: Pulling image mcr.microsoft.com/appsvc/python:3.12_20260203.2.tuxprod for careorbit-api-dev., DetailsLevel: INFO
2026-03-17T19:54:49.6510718Z Establishing network.
2026-03-17T19:54:49.6511609Z Pulling image: appsvc/python:3.12_20260203.2.tuxprod.
2026-03-17T19:55:31.1440731Z Container is starting.
2026-03-17T19:55:31.1724039Z State: Starting, Action: MountingVolumes, LastError: ContainerTimeout, LastErrorTimestamp: 03/17/2026 19:53:36, LastErrorDetails: Container did not start within expected time limit of 230s. Please inspect your container logs for more details., Details: Mounting volumes for careorbit-api-dev., DetailsLevel: INFO
2026-03-17T19:55:31.1730491Z Establishing user namespace if not established already.
2026-03-17T19:55:31.1733317Z Establishing network if not established already.
2026-03-17T19:55:31.1735331Z Mounting volumes.
2026-03-17T19:55:31.2016615Z Nested mountpoint 
2026-03-17T19:55:31.3357227Z Nested mountpoint volatile/logs
2026-03-17T19:55:31.4736359Z Nested mountpoint 
2026-03-17T19:55:31.5444389Z Nested mountpoint 
2026-03-17T19:55:31.6339984Z Nested mountpoint 
2026-03-17T19:55:33.9458141Z State: Starting, Action: CreatingContainer, LastError: ContainerTimeout, LastErrorTimestamp: 03/17/2026 19:53:36, LastErrorDetails: Container did not start within expected time limit of 230s. Please inspect your container logs for more details., Details: Finished pulling container image and mounting volumes for careorbit-api-dev. Allocatinng the rest of the container resources to finish container creation., DetailsLevel: INFO
2026-03-17T19:55:34.1963901Z Creating container.
2026-03-17T19:55:34.1967087Z Creating pipes for streaming container io.
2026-03-17T19:55:34.2043763Z Creating stdout named pipe at /podr/container/pipe/82b4212b509d_careorbit-api-dev/stdout_e416e3cd30cb40ddafeb84a742de839a.
2026-03-17T19:55:34.2701984Z Successfully created stdout named pipe at: /podr/container/pipe/82b4212b509d_careorbit-api-dev/stdout_e416e3cd30cb40ddafeb84a742de839a.
2026-03-17T19:55:34.2705279Z Opening named pipe /podr/container/pipe/82b4212b509d_careorbit-api-dev/stdout_e416e3cd30cb40ddafeb84a742de839a for reading in non-blocking mode.
2026-03-17T19:55:34.2900548Z Successfully opened named pipe: /podr/container/pipe/82b4212b509d_careorbit-api-dev/stdout_e416e3cd30cb40ddafeb84a742de839a.
2026-03-17T19:55:34.3032335Z Successfully removed non-blocking flag from /podr/container/pipe/82b4212b509d_careorbit-api-dev/stdout_e416e3cd30cb40ddafeb84a742de839a.
2026-03-17T19:55:34.3611947Z Creating stderr named pipe at /podr/container/pipe/82b4212b509d_careorbit-api-dev/stderr_ba3e28dd25fd41a6928b3e816b21a4a2.
2026-03-17T19:55:34.3614359Z Successfully created stderr named pipe at: /podr/container/pipe/82b4212b509d_careorbit-api-dev/stderr_ba3e28dd25fd41a6928b3e816b21a4a2.
2026-03-17T19:55:34.3615557Z Opening named pipe /podr/container/pipe/82b4212b509d_careorbit-api-dev/stderr_ba3e28dd25fd41a6928b3e816b21a4a2 for reading in non-blocking mode.
2026-03-17T19:55:34.3624911Z Successfully opened named pipe: /podr/container/pipe/82b4212b509d_careorbit-api-dev/stderr_ba3e28dd25fd41a6928b3e816b21a4a2.
2026-03-17T19:55:34.3626235Z Successfully removed non-blocking flag from /podr/container/pipe/82b4212b509d_careorbit-api-dev/stderr_ba3e28dd25fd41a6928b3e816b21a4a2.
2026-03-17T19:55:34.3707184Z Creating container with image: appsvc/python:3.12_20260203.2.tuxprod from registry: 10.1.0.5:13209 and fully qualified image name: 10.1.0.5:13209/appsvc/python:3.12_20260203.2.tuxprod
2026-03-17T19:55:38.1232588Z Starting container: 82b4212b509d_careorbit-api-dev.
2026-03-17T19:55:38.3925928Z Starting watchers and probes.
2026-03-17T19:55:38.3931803Z Starting metrics collection.
2026-03-17T19:55:38.4595842Z Container is running.
2026-03-17T19:55:38.5292310Z State: Starting, Action: CreatingContainer, LastError: ContainerTimeout, LastErrorTimestamp: 03/17/2026 19:53:36, LastErrorDetails: Container did not start within expected time limit of 230s. Please inspect your container logs for more details., Details: Container careorbit-api-dev successfully created and is running., DetailsLevel: INFO
2026-03-17T19:55:39.3911859Z Container start method finished after 49709 ms.
2026-03-17T19:55:39.4026825Z State: Starting, Action: InitiatingSiteWarmUpProbe, LastError: ContainerTimeout, LastErrorTimestamp: 03/17/2026 19:53:36, LastErrorDetails: Container did not start within expected time limit of 230s. Please inspect your container logs for more details., Details: Container careorbit-api-dev successfully created and is running., DetailsLevel: INFO
2026-03-17T19:55:39.4199147Z State: Starting, Action: WaitingForSiteWarmUpProbeSuccess, LastError: ContainerTimeout, LastErrorTimestamp: 03/17/2026 19:53:36, LastErrorDetails: Container did not start within expected time limit of 230s. Please inspect your container logs for more details., Details: Pinging warmup path to ensure container is ready to receive requests., DetailsLevel: INFO
2026-03-17T19:59:04.3456621Z Container has finished running with exit code: 1.
2026-03-17T19:59:04.3465911Z Container is terminating. Grace period: 5 seconds.
2026-03-17T19:59:04.3930396Z Stop and delete container. Retry count = 0
2026-03-17T19:59:04.3937405Z Stopping container: 82b4212b509d_careorbit-api-dev.
2026-03-17T19:59:05.3361442Z Deleting container: 82b4212b509d_careorbit-api-dev. Retry count = 0
2026-03-17T19:59:07.0248575Z Container spec TerminationMessagePolicy  path 
2026-03-17T19:59:07.1168623Z Container is terminated. Total time elapsed: 2769 ms.
2026-03-17T19:59:07.1170782Z Site container: careorbit-api-dev terminated during site startup.
2026-03-17T19:59:07.1856780Z State: Stopping, Action: CancellingStartup, LastError: ContainerTimeout, LastErrorTimestamp: 03/17/2026 19:53:36, LastErrorDetails: Container did not start within expected time limit of 230s. Please inspect your container logs for more details., Details: Site container: careorbit-api-dev terminated during site startup. Cancelling site startup., DetailsLevel: ERR
2026-03-17T19:59:07.2280141Z Site startup probe failed after 207.7404395 seconds.
2026-03-17T19:59:08.9890385Z State: Stopping, Action: CancellingStartup, LastError: ContainerTimeout, LastErrorTimestamp: 03/17/2026 19:59:08, LastErrorDetails: Container did not start within expected time limit of 230s. Please inspect your container logs for more details., Details: Site container: careorbit-api-dev terminated during site startup. Cancelling site startup., DetailsLevel: ERR
2026-03-17T19:59:09.0390487Z Failed to start site. Revert by stopping site.
2026-03-17T19:59:09.0397815Z State: Stopping, Action: StoppingSite, LastError: ContainerTimeout, LastErrorTimestamp: 03/17/2026 19:59:08, LastErrorDetails: Container did not start within expected time limit of 230s. Please inspect your container logs for more details., Details: Site container: careorbit-api-dev terminated during site startup. Cancelling site startup., DetailsLevel: ERR
2026-03-17T19:59:09.0402054Z State: Stopping, Action: StoppingSiteContainers, LastError: ContainerTimeout, LastErrorTimestamp: 03/17/2026 19:59:08, LastErrorDetails: Container did not start within expected time limit of 230s. Please inspect your container logs for more details., Details: Site container: careorbit-api-dev terminated during site startup. Cancelling site startup., DetailsLevel: ERR
2026-03-17T19:59:09.0402338Z Site: careorbit-api-dev stopped.
2026-03-17T19:59:09.1748294Z State: Stopping, Action: UnmountingVolumes, LastError: ContainerTimeout, LastErrorTimestamp: 03/17/2026 19:59:08, LastErrorDetails: Container did not start within expected time limit of 230s. Please inspect your container logs for more details., Details: Site container: careorbit-api-dev terminated during site startup. Cancelling site startup., DetailsLevel: ERR
2026-03-17T19:59:19.4898652Z State: Stopping, Action: StoppingSiteNetworks, LastError: ContainerTimeout, LastErrorTimestamp: 03/17/2026 19:59:08, LastErrorDetails: Container did not start within expected time limit of 230s. Please inspect your container logs for more details., Details: Site container: careorbit-api-dev terminated during site startup. Cancelling site startup., DetailsLevel: ERR
2026-03-17T19:59:20.2623962Z Site: careorbit-api-dev will be blocked for 2 minutes till 03/17/2026 20:01:20
2026-03-17T19:59:20.2626394Z State: Blocked, Action: StoppingSiteNetworks, LastError: ContainerTimeout, LastErrorTimestamp: 03/17/2026 19:59:08, LastErrorDetails: Container did not start within expected time limit of 230s. Please inspect your container logs for more details., Details: Site: careorbit-api-dev will be blocked for 2 minutes till 03/17/2026 20:01:20, DetailsLevel: WARN
2026-03-17T19:59:20.3336353Z State: Stopped, Action: None, LastError: ContainerTimeout, LastErrorTimestamp: 03/17/2026 19:59:08, LastErrorDetails: Container did not start within expected time limit of 230s. Please inspect your container logs for more details., Details: Site stopped at 03/17/2026 19:59:20 (UTC), DetailsLevel: WARN
2026-03-17T19:59:21.2437732Z State: Stopped, Action: None, LastError: ContainerTimeout, LastErrorTimestamp: 03/17/2026 19:59:08, LastErrorDetails: Container did not start within expected time limit of 230s. Please inspect your container logs for more details., Details: Site stopped at 03/17/2026 19:59:20 (UTC), DetailsLevel: WARN
2026-03-17T19:59:26.4538836Z State: Blocked, Action: None, LastError: ContainerTimeout, LastErrorTimestamp: 03/17/2026 19:59:08, LastErrorDetails: Container did not start within expected time limit of 230s. Please inspect your container logs for more details., Details: Site is blocked due to multiple, consecutive cold start failures. Site scheduled to be unblocked at 03/17/2026 20:01:20, DetailsLevel: WARN
2026-03-17T19:59:26.4539477Z Start site prohibitted because the site is being blocked.
2026-03-17T19:59:32.0185607Z State: Blocked, Action: None, LastError: ContainerTimeout, LastErrorTimestamp: 03/17/2026 19:59:08, LastErrorDetails: Container did not start within expected time limit of 230s. Please inspect your container logs for more details., Details: Site is blocked due to multiple, consecutive cold start failures. Site scheduled to be unblocked at 03/17/2026 20:01:20, DetailsLevel: WARN
2026-03-17T19:59:32.0185921Z Start site prohibitted because the site is being blocked.
2026-03-17T19:59:37.3068577Z State: Blocked, Action: None, LastError: ContainerTimeout, LastErrorTimestamp: 03/17/2026 19:59:08, LastErrorDetails: Container did not start within expected time limit of 230s. Please inspect your container logs for more details., Details: Site is blocked due to multiple, consecutive cold start failures. Site scheduled to be unblocked at 03/17/2026 20:01:20, DetailsLevel: WARN
2026-03-17T19:59:37.3068964Z Start site prohibitted because the site is being blocked.
2026-03-17T19:59:42.5504287Z State: Blocked, Action: None, LastError: ContainerTimeout, LastErrorTimestamp: 03/17/2026 19:59:08, LastErrorDetails: Container did not start within expected time limit of 230s. Please inspect your container logs for more details., Details: Site is blocked due to multiple, consecutive cold start failures. Site scheduled to be unblocked at 03/17/2026 20:01:20, DetailsLevel: WARN
2026-03-17T19:59:42.5505285Z Start site prohibitted because the site is being blocked.
2026-03-17T19:59:47.9950926Z State: Blocked, Action: None, LastError: ContainerTimeout, LastErrorTimestamp: 03/17/2026 19:59:08, LastErrorDetails: Container did not start within expected time limit of 230s. Please inspect your container logs for more details., Details: Site is blocked due to multiple, consecutive cold start failures. Site scheduled to be unblocked at 03/17/2026 20:01:20, DetailsLevel: WARN
2026-03-17T19:59:47.9951674Z Start site prohibitted because the site is being blocked.
2026-03-17T19:59:53.3096005Z State: Blocked, Action: None, LastError: ContainerTimeout, LastErrorTimestamp: 03/17/2026 19:59:08, LastErrorDetails: Container did not start within expected time limit of 230s. Please inspect your container logs for more details., Details: Site is blocked due to multiple, consecutive cold start failures. Site scheduled to be unblocked at 03/17/2026 20:01:20, DetailsLevel: WARN
2026-03-17T19:59:53.3096915Z Start site prohibitted because the site is being blocked.
2026-03-17T19:59:58.5639998Z State: Blocked, Action: None, LastError: ContainerTimeout, LastErrorTimestamp: 03/17/2026 19:59:08, LastErrorDetails: Container did not start within expected time limit of 230s. Please inspect your container logs for more details., Details: Site is blocked due to multiple, consecutive cold start failures. Site scheduled to be unblocked at 03/17/2026 20:01:20, DetailsLevel: WARN
2026-03-17T19:59:58.5640677Z Start site prohibitted because the site is being blocked.
2026-03-17T20:00:03.9844323Z State: Blocked, Action: None, LastError: ContainerTimeout, LastErrorTimestamp: 03/17/2026 19:59:08, LastErrorDetails: Container did not start within expected time limit of 230s. Please inspect your container logs for more details., Details: Site is blocked due to multiple, consecutive cold start failures. Site scheduled to be unblocked at 03/17/2026 20:01:20, DetailsLevel: WARN
2026-03-17T20:00:03.9845478Z Start site prohibitted because the site is being blocked.
2026-03-17T20:00:09.3986343Z State: Blocked, Action: None, LastError: ContainerTimeout, LastErrorTimestamp: 03/17/2026 19:59:08, LastErrorDetails: Container did not start within expected time limit of 230s. Please inspect your container logs for more details., Details: Site is blocked due to multiple, consecutive cold start failures. Site scheduled to be unblocked at 03/17/2026 20:01:20, DetailsLevel: WARN
2026-03-17T20:00:09.3986943Z Start site prohibitted because the site is being blocked.
2026-03-17T20:00:16.0129870Z State: Blocked, Action: None, LastError: ContainerTimeout, LastErrorTimestamp: 03/17/2026 19:59:08, LastErrorDetails: Container did not start within expected time limit of 230s. Please inspect your container logs for more details., Details: Site is blocked due to multiple, consecutive cold start failures. Site scheduled to be unblocked at 03/17/2026 20:01:20, DetailsLevel: WARN
2026-03-17T20:00:16.0130238Z Start site prohibitted because the site is being blocked.
2026-03-17T20:00:21.3987459Z State: Blocked, Action: None, LastError: ContainerTimeout, LastErrorTimestamp: 03/17/2026 19:59:08, LastErrorDetails: Container did not start within expected time limit of 230s. Please inspect your container logs for more details., Details: Site is blocked due to multiple, consecutive cold start failures. Site scheduled to be unblocked at 03/17/2026 20:01:20, DetailsLevel: WARN
2026-03-17T20:00:21.3988068Z Start site prohibitted because the site is being blocked.
2026-03-17T20:00:26.7135565Z State: Blocked, Action: None, LastError: ContainerTimeout, LastErrorTimestamp: 03/17/2026 19:59:08, LastErrorDetails: Container did not start within expected time limit of 230s. Please inspect your container logs for more details., Details: Site is blocked due to multiple, consecutive cold start failures. Site scheduled to be unblocked at 03/17/2026 20:01:20, DetailsLevel: WARN
2026-03-17T20:00:26.7136360Z Start site prohibitted because the site is being blocked.
2026-03-17T20:00:31.9258551Z State: Blocked, Action: None, LastError: ContainerTimeout, LastErrorTimestamp: 03/17/2026 19:59:08, LastErrorDetails: Container did not start within expected time limit of 230s. Please inspect your container logs for more details., Details: Site is blocked due to multiple, consecutive cold start failures. Site scheduled to be unblocked at 03/17/2026 20:01:20, DetailsLevel: WARN
2026-03-17T20:00:31.9258912Z Start site prohibitted because the site is being blocked.
2026-03-17T20:00:37.2085793Z State: Blocked, Action: None, LastError: ContainerTimeout, LastErrorTimestamp: 03/17/2026 19:59:08, LastErrorDetails: Container did not start within expected time limit of 230s. Please inspect your container logs for more details., Details: Site is blocked due to multiple, consecutive cold start failures. Site scheduled to be unblocked at 03/17/2026 20:01:20, DetailsLevel: WARN
2026-03-17T20:00:37.2346214Z Start site prohibitted because the site is being blocked.
2026-03-17T20:00:42.5513441Z State: Blocked, Action: None, LastError: ContainerTimeout, LastErrorTimestamp: 03/17/2026 19:59:08, LastErrorDetails: Container did not start within expected time limit of 230s. Please inspect your container logs for more details., Details: Site is blocked due to multiple, consecutive cold start failures. Site scheduled to be unblocked at 03/17/2026 20:01:20, DetailsLevel: WARN
2026-03-17T20:00:42.5514074Z Start site prohibitted because the site is being blocked.
2026-03-17T20:00:48.5640276Z State: Blocked, Action: None, LastError: ContainerTimeout, LastErrorTimestamp: 03/17/2026 19:59:08, LastErrorDetails: Container did not start within expected time limit of 230s. Please inspect your container logs for more details., Details: Site is blocked due to multiple, consecutive cold start failures. Site scheduled to be unblocked at 03/17/2026 20:01:20, DetailsLevel: WARN
2026-03-17T20:00:48.5640935Z Start site prohibitted because the site is being blocked.
2026-03-17T20:00:54.5864982Z State: Blocked, Action: None, LastError: ContainerTimeout, LastErrorTimestamp: 03/17/2026 19:59:08, LastErrorDetails: Container did not start within expected time limit of 230s. Please inspect your container logs for more details., Details: Site is blocked due to multiple, consecutive cold start failures. Site scheduled to be unblocked at 03/17/2026 20:01:20, DetailsLevel: WARN
2026-03-17T20:00:54.5865702Z Start site prohibitted because the site is being blocked.
2026-03-17T20:01:00.1266100Z State: Blocked, Action: None, LastError: ContainerTimeout, LastErrorTimestamp: 03/17/2026 19:59:08, LastErrorDetails: Container did not start within expected time limit of 230s. Please inspect your container logs for more details., Details: Site is blocked due to multiple, consecutive cold start failures. Site scheduled to be unblocked at 03/17/2026 20:01:20, DetailsLevel: WARN
2026-03-17T20:01:00.1267808Z Start site prohibitted because the site is being blocked.
2026-03-17T20:01:05.4725154Z State: Blocked, Action: None, LastError: ContainerTimeout, LastErrorTimestamp: 03/17/2026 19:59:08, LastErrorDetails: Container did not start within expected time limit of 230s. Please inspect your container logs for more details., Details: Site is blocked due to multiple, consecutive cold start failures. Site scheduled to be unblocked at 03/17/2026 20:01:20, DetailsLevel: WARN
2026-03-17T20:01:05.4725840Z Start site prohibitted because the site is being blocked.
2026-03-17T20:01:10.7888558Z State: Blocked, Action: None, LastError: ContainerTimeout, LastErrorTimestamp: 03/17/2026 19:59:08, LastErrorDetails: Container did not start within expected time limit of 230s. Please inspect your container logs for more details., Details: Site is blocked due to multiple, consecutive cold start failures. Site scheduled to be unblocked at 03/17/2026 20:01:20, DetailsLevel: WARN
2026-03-17T20:01:10.7888900Z Start site prohibitted because the site is being blocked.
2026-03-17T20:01:16.2418537Z State: Blocked, Action: None, LastError: ContainerTimeout, LastErrorTimestamp: 03/17/2026 19:59:08, LastErrorDetails: Container did not start within expected time limit of 230s. Please inspect your container logs for more details., Details: Site is blocked due to multiple, consecutive cold start failures. Site scheduled to be unblocked at 03/17/2026 20:01:20, DetailsLevel: WARN
2026-03-17T20:01:16.2418875Z Start site prohibitted because the site is being blocked.
2026-03-17T20:01:20.2666546Z Site: careorbit-api-dev is unblocked.
2026-03-17T20:01:21.5936856Z State: Starting, Action: EstablishingSiteNetworks, LastError: ContainerTimeout, LastErrorTimestamp: 03/17/2026 19:59:08, LastErrorDetails: Container did not start within expected time limit of 230s. Please inspect your container logs for more details., Details: Site is blocked due to multiple, consecutive cold start failures. Site scheduled to be unblocked at 03/17/2026 20:01:20, DetailsLevel: WARN
2026-03-17T20:01:29.1184867Z State: Starting, Action: StartingSiteContainers, LastError: ContainerTimeout, LastErrorTimestamp: 03/17/2026 19:59:08, LastErrorDetails: Container did not start within expected time limit of 230s. Please inspect your container logs for more details., Details: Site is blocked due to multiple, consecutive cold start failures. Site scheduled to be unblocked at 03/17/2026 20:01:20, DetailsLevel: WARN
2026-03-17T20:01:29.1186495Z Container start method called.
2026-03-17T20:01:29.1189535Z State: Starting, Action: PullingImage, LastError: ContainerTimeout, LastErrorTimestamp: 03/17/2026 19:59:08, LastErrorDetails: Container did not start within expected time limit of 230s. Please inspect your container logs for more details., Details: Pulling image 10.1.0.5:13209/appsvc/python:3.12_20260203.2.tuxprod for careorbit-api-dev., DetailsLevel: INFO
2026-03-17T20:01:29.2019736Z Establishing network.
2026-03-17T20:01:29.2022423Z Pulling image: appsvc/python:3.12_20260203.2.tuxprod.
2026-03-17T20:02:20.9532491Z Container is starting.
2026-03-17T20:02:20.9534431Z State: Starting, Action: MountingVolumes, LastError: ContainerTimeout, LastErrorTimestamp: 03/17/2026 19:59:08, LastErrorDetails: Container did not start within expected time limit of 230s. Please inspect your container logs for more details., Details: Mounting volumes for careorbit-api-dev., DetailsLevel: INFO
2026-03-17T20:02:20.9535803Z Establishing user namespace if not established already.
2026-03-17T20:02:20.9536915Z Establishing network if not established already.
2026-03-17T20:02:20.9549326Z Mounting volumes.
2026-03-17T20:02:20.9742052Z Nested mountpoint 
2026-03-17T20:02:21.0029545Z Nested mountpoint volatile/logs
2026-03-17T20:02:21.2916247Z Nested mountpoint 
2026-03-17T20:02:21.2931928Z Nested mountpoint 
2026-03-17T20:02:21.3917504Z Nested mountpoint 
2026-03-17T20:02:23.9493092Z State: Starting, Action: CreatingContainer, LastError: ContainerTimeout, LastErrorTimestamp: 03/17/2026 19:59:08, LastErrorDetails: Container did not start within expected time limit of 230s. Please inspect your container logs for more details., Details: Finished pulling container image and mounting volumes for careorbit-api-dev. Allocatinng the rest of the container resources to finish container creation., DetailsLevel: INFO
2026-03-17T20:02:23.9494134Z Creating container.
2026-03-17T20:02:23.9494870Z Creating pipes for streaming container io.
2026-03-17T20:02:23.9495642Z Creating stdout named pipe at /podr/container/pipe/649e84bae841_careorbit-api-dev/stdout_ae2abed04ac0408391b1b87e98f12937.
2026-03-17T20:02:23.9497599Z Successfully created stdout named pipe at: /podr/container/pipe/649e84bae841_careorbit-api-dev/stdout_ae2abed04ac0408391b1b87e98f12937.
2026-03-17T20:02:23.9498293Z Opening named pipe /podr/container/pipe/649e84bae841_careorbit-api-dev/stdout_ae2abed04ac0408391b1b87e98f12937 for reading in non-blocking mode.
2026-03-17T20:02:23.9499176Z Successfully opened named pipe: /podr/container/pipe/649e84bae841_careorbit-api-dev/stdout_ae2abed04ac0408391b1b87e98f12937.
2026-03-17T20:02:23.9499878Z Successfully removed non-blocking flag from /podr/container/pipe/649e84bae841_careorbit-api-dev/stdout_ae2abed04ac0408391b1b87e98f12937.
2026-03-17T20:02:23.9501086Z Creating stderr named pipe at /podr/container/pipe/649e84bae841_careorbit-api-dev/stderr_3ce93bf04dda4c488ea86d965a6e75a4.
2026-03-17T20:02:23.9502155Z Successfully created stderr named pipe at: /podr/container/pipe/649e84bae841_careorbit-api-dev/stderr_3ce93bf04dda4c488ea86d965a6e75a4.
2026-03-17T20:02:23.9502810Z Opening named pipe /podr/container/pipe/649e84bae841_careorbit-api-dev/stderr_3ce93bf04dda4c488ea86d965a6e75a4 for reading in non-blocking mode.
2026-03-17T20:02:23.9503621Z Successfully opened named pipe: /podr/container/pipe/649e84bae841_careorbit-api-dev/stderr_3ce93bf04dda4c488ea86d965a6e75a4.
2026-03-17T20:02:23.9504285Z Successfully removed non-blocking flag from /podr/container/pipe/649e84bae841_careorbit-api-dev/stderr_3ce93bf04dda4c488ea86d965a6e75a4.
2026-03-17T20:02:23.9505170Z Creating container with image: appsvc/python:3.12_20260203.2.tuxprod from registry: 10.1.0.5:13209 and fully qualified image name: 10.1.0.5:13209/appsvc/python:3.12_20260203.2.tuxprod
2026-03-17T20:02:26.3808465Z Starting container: 649e84bae841_careorbit-api-dev.
2026-03-17T20:02:26.5293218Z Starting watchers and probes.
2026-03-17T20:02:26.5401080Z Starting metrics collection.
2026-03-17T20:02:26.5490056Z Container is running.
2026-03-17T20:02:26.5499544Z State: Starting, Action: CreatingContainer, LastError: ContainerTimeout, LastErrorTimestamp: 03/17/2026 19:59:08, LastErrorDetails: Container did not start within expected time limit of 230s. Please inspect your container logs for more details., Details: Container careorbit-api-dev successfully created and is running., DetailsLevel: INFO
2026-03-17T20:02:26.7402932Z Container start method finished after 57621 ms.
2026-03-17T20:02:26.7405941Z State: Starting, Action: InitiatingSiteWarmUpProbe, LastError: ContainerTimeout, LastErrorTimestamp: 03/17/2026 19:59:08, LastErrorDetails: Container did not start within expected time limit of 230s. Please inspect your container logs for more details., Details: Container careorbit-api-dev successfully created and is running., DetailsLevel: INFO
2026-03-17T20:02:26.7406482Z State: Starting, Action: WaitingForSiteWarmUpProbeSuccess, LastError: ContainerTimeout, LastErrorTimestamp: 03/17/2026 19:59:08, LastErrorDetails: Container did not start within expected time limit of 230s. Please inspect your container logs for more details., Details: Pinging warmup path to ensure container is ready to receive requests., DetailsLevel: INFO
2026-03-17T20:06:16.7582956Z Site startup probe failed after 230.0171905 seconds.
2026-03-17T20:06:17.8347344Z State: Starting, Action: WaitingForSiteWarmUpProbeSuccess, LastError: ContainerTimeout, LastErrorTimestamp: 03/17/2026 20:06:17, LastErrorDetails: Container did not start within expected time limit of 230s. Please inspect your container logs for more details., Details: Pinging warmup path to ensure container is ready to receive requests., DetailsLevel: ERR
2026-03-17T20:06:17.8362081Z Failed to start site. Revert by stopping site.
2026-03-17T20:06:17.8365574Z State: Stopping, Action: StoppingSite, LastError: ContainerTimeout, LastErrorTimestamp: 03/17/2026 20:06:17, LastErrorDetails: Container did not start within expected time limit of 230s. Please inspect your container logs for more details., Details: Pinging warmup path to ensure container is ready to receive requests., DetailsLevel: ERR
2026-03-17T20:06:17.8537316Z State: Stopping, Action: StoppingSiteContainers, LastError: ContainerTimeout, LastErrorTimestamp: 03/17/2026 20:06:17, LastErrorDetails: Container did not start within expected time limit of 230s. Please inspect your container logs for more details., Details: Pinging warmup path to ensure container is ready to receive requests., DetailsLevel: ERR
2026-03-17T20:06:17.8539440Z Container is terminating. Grace period: 5 seconds.
2026-03-17T20:06:18.0208011Z Stop and delete container. Retry count = 0
2026-03-17T20:06:18.0363185Z Stopping container: 649e84bae841_careorbit-api-dev.
2026-03-17T20:06:24.2911976Z Container get mounts received unexpected exception.
2026-03-17T20:06:24.3180657Z Container get mounts received unexpected exception.
2026-03-17T20:06:24.6544541Z Deleting container: 649e84bae841_careorbit-api-dev. Retry count = 0
2026-03-17T20:06:27.2597135Z Container spec TerminationMessagePolicy  path 
2026-03-17T20:06:27.2598603Z Container is terminated. Total time elapsed: 9405 ms.
2026-03-17T20:06:27.2599431Z Site container: careorbit-api-dev terminated during site startup.
2026-03-17T20:06:27.2600543Z State: Stopping, Action: CancellingStartup, LastError: ContainerTimeout, LastErrorTimestamp: 03/17/2026 20:06:17, LastErrorDetails: Container did not start within expected time limit of 230s. Please inspect your container logs for more details., Details: Site container: careorbit-api-dev terminated during site startup. Cancelling site startup., DetailsLevel: ERR
2026-03-17T20:06:27.2689609Z Site: careorbit-api-dev stopped.
2026-03-17T20:06:27.7088908Z State: Stopping, Action: UnmountingVolumes, LastError: ContainerTimeout, LastErrorTimestamp: 03/17/2026 20:06:17, LastErrorDetails: Container did not start within expected time limit of 230s. Please inspect your container logs for more details., Details: Site container: careorbit-api-dev terminated during site startup. Cancelling site startup., DetailsLevel: ERR
2026-03-17T20:06:30.0763569Z State: Stopping, Action: StoppingSiteNetworks, LastError: ContainerTimeout, LastErrorTimestamp: 03/17/2026 20:06:17, LastErrorDetails: Container did not start within expected time limit of 230s. Please inspect your container logs for more details., Details: Site container: careorbit-api-dev terminated during site startup. Cancelling site startup., DetailsLevel: ERR
2026-03-17T20:06:33.2097974Z Site: careorbit-api-dev will be blocked for 2 minutes till 03/17/2026 20:08:33
2026-03-17T20:06:33.2112711Z State: Blocked, Action: StoppingSiteNetworks, LastError: ContainerTimeout, LastErrorTimestamp: 03/17/2026 20:06:17, LastErrorDetails: Container did not start within expected time limit of 230s. Please inspect your container logs for more details., Details: Site: careorbit-api-dev will be blocked for 2 minutes till 03/17/2026 20:08:33, DetailsLevel: WARN
2026-03-17T20:06:33.8175383Z State: Stopped, Action: None, LastError: ContainerTimeout, LastErrorTimestamp: 03/17/2026 20:06:17, LastErrorDetails: Container did not start within expected time limit of 230s. Please inspect your container logs for more details., Details: Site stopped at 03/17/2026 20:06:33 (UTC), DetailsLevel: WARN
2026-03-17T20:06:35.0182677Z State: Stopped, Action: None, LastError: ContainerTimeout, LastErrorTimestamp: 03/17/2026 20:06:17, LastErrorDetails: Container did not start within expected time limit of 230s. Please inspect your container logs for more details., Details: Site stopped at 03/17/2026 20:06:33 (UTC), DetailsLevel: WARN
2026-03-17T20:06:42.5243196Z State: Blocked, Action: None, LastError: ContainerTimeout, LastErrorTimestamp: 03/17/2026 20:06:17, LastErrorDetails: Container did not start within expected time limit of 230s. Please inspect your container logs for more details., Details: Site is blocked due to multiple, consecutive cold start failures. Site scheduled to be unblocked at 03/17/2026 20:08:33, DetailsLevel: WARN
2026-03-17T20:06:42.5243998Z Start site prohibitted because the site is being blocked.
2026-03-17T20:06:47.8023934Z State: Blocked, Action: None, LastError: ContainerTimeout, LastErrorTimestamp: 03/17/2026 20:06:17, LastErrorDetails: Container did not start within expected time limit of 230s. Please inspect your container logs for more details., Details: Site is blocked due to multiple, consecutive cold start failures. Site scheduled to be unblocked at 03/17/2026 20:08:33, DetailsLevel: WARN
2026-03-17T20:06:47.8024564Z Start site prohibitted because the site is being blocked.
2026-03-17T20:06:53.9911045Z State: Blocked, Action: None, LastError: ContainerTimeout, LastErrorTimestamp: 03/17/2026 20:06:17, LastErrorDetails: Container did not start within expected time limit of 230s. Please inspect your container logs for more details., Details: Site is blocked due to multiple, consecutive cold start failures. Site scheduled to be unblocked at 03/17/2026 20:08:33, DetailsLevel: WARN
2026-03-17T20:06:53.9911577Z Start site prohibitted because the site is being blocked.
2026-03-17T20:06:59.5058562Z State: Blocked, Action: None, LastError: ContainerTimeout, LastErrorTimestamp: 03/17/2026 20:06:17, LastErrorDetails: Container did not start within expected time limit of 230s. Please inspect your container logs for more details., Details: Site is blocked due to multiple, consecutive cold start failures. Site scheduled to be unblocked at 03/17/2026 20:08:33, DetailsLevel: WARN
2026-03-17T20:06:59.5059244Z Start site prohibitted because the site is being blocked.
2026-03-17T20:07:04.9604398Z State: Blocked, Action: None, LastError: ContainerTimeout, LastErrorTimestamp: 03/17/2026 20:06:17, LastErrorDetails: Container did not start within expected time limit of 230s. Please inspect your container logs for more details., Details: Site is blocked due to multiple, consecutive cold start failures. Site scheduled to be unblocked at 03/17/2026 20:08:33, DetailsLevel: WARN
2026-03-17T20:07:04.9614817Z Start site prohibitted because the site is being blocked.
2026-03-17T20:07:10.9750041Z State: Blocked, Action: None, LastError: ContainerTimeout, LastErrorTimestamp: 03/17/2026 20:06:17, LastErrorDetails: Container did not start within expected time limit of 230s. Please inspect your container logs for more details., Details: Site is blocked due to multiple, consecutive cold start failures. Site scheduled to be unblocked at 03/17/2026 20:08:33, DetailsLevel: WARN
2026-03-17T20:07:10.9750648Z Start site prohibitted because the site is being blocked.
2026-03-17T20:07:17.5850659Z State: Blocked, Action: None, LastError: ContainerTimeout, LastErrorTimestamp: 03/17/2026 20:06:17, LastErrorDetails: Container did not start within expected time limit of 230s. Please inspect your container logs for more details., Details: Site is blocked due to multiple, consecutive cold start failures. Site scheduled to be unblocked at 03/17/2026 20:08:33, DetailsLevel: WARN
2026-03-17T20:07:17.5851331Z Start site prohibitted because the site is being blocked.
2026-03-17T20:07:23.6833653Z State: Blocked, Action: None, LastError: ContainerTimeout, LastErrorTimestamp: 03/17/2026 20:06:17, LastErrorDetails: Container did not start within expected time limit of 230s. Please inspect your container logs for more details., Details: Site is blocked due to multiple, consecutive cold start failures. Site scheduled to be unblocked at 03/17/2026 20:08:33, DetailsLevel: WARN
2026-03-17T20:07:23.9142724Z Start site prohibitted because the site is being blocked.
2026-03-17T20:07:29.0434366Z State: Blocked, Action: None, LastError: ContainerTimeout, LastErrorTimestamp: 03/17/2026 20:06:17, LastErrorDetails: Container did not start within expected time limit of 230s. Please inspect your container logs for more details., Details: Site is blocked due to multiple, consecutive cold start failures. Site scheduled to be unblocked at 03/17/2026 20:08:33, DetailsLevel: WARN
2026-03-17T20:07:29.0435374Z Start site prohibitted because the site is being blocked.
2026-03-17T20:07:34.6765580Z State: Blocked, Action: None, LastError: ContainerTimeout, LastErrorTimestamp: 03/17/2026 20:06:17, LastErrorDetails: Container did not start within expected time limit of 230s. Please inspect your container logs for more details., Details: Site is blocked due to multiple, consecutive cold start failures. Site scheduled to be unblocked at 03/17/2026 20:08:33, DetailsLevel: WARN
2026-03-17T20:07:34.6766007Z Start site prohibitted because the site is being blocked.
2026-03-17T20:07:39.9585584Z State: Blocked, Action: None, LastError: ContainerTimeout, LastErrorTimestamp: 03/17/2026 20:06:17, LastErrorDetails: Container did not start within expected time limit of 230s. Please inspect your container logs for more details., Details: Site is blocked due to multiple, consecutive cold start failures. Site scheduled to be unblocked at 03/17/2026 20:08:33, DetailsLevel: WARN
2026-03-17T20:07:39.9684693Z Start site prohibitted because the site is being blocked.
2026-03-17T20:07:45.2929066Z State: Blocked, Action: None, LastError: ContainerTimeout, LastErrorTimestamp: 03/17/2026 20:06:17, LastErrorDetails: Container did not start within expected time limit of 230s. Please inspect your container logs for more details., Details: Site is blocked due to multiple, consecutive cold start failures. Site scheduled to be unblocked at 03/17/2026 20:08:33, DetailsLevel: WARN
2026-03-17T20:07:45.2930686Z Start site prohibitted because the site is being blocked.
2026-03-17T20:07:50.5342171Z State: Blocked, Action: None, LastError: ContainerTimeout, LastErrorTimestamp: 03/17/2026 20:06:17, LastErrorDetails: Container did not start within expected time limit of 230s. Please inspect your container logs for more details., Details: Site is blocked due to multiple, consecutive cold start failures. Site scheduled to be unblocked at 03/17/2026 20:08:33, DetailsLevel: WARN
2026-03-17T20:07:50.5342757Z Start site prohibitted because the site is being blocked.
2026-03-17T20:07:55.8305838Z State: Blocked, Action: None, LastError: ContainerTimeout, LastErrorTimestamp: 03/17/2026 20:06:17, LastErrorDetails: Container did not start within expected time limit of 230s. Please inspect your container logs for more details., Details: Site is blocked due to multiple, consecutive cold start failures. Site scheduled to be unblocked at 03/17/2026 20:08:33, DetailsLevel: WARN
2026-03-17T20:07:55.8306443Z Start site prohibitted because the site is being blocked.
2026-03-17T20:08:01.0961392Z State: Blocked, Action: None, LastError: ContainerTimeout, LastErrorTimestamp: 03/17/2026 20:06:17, LastErrorDetails: Container did not start within expected time limit of 230s. Please inspect your container logs for more details., Details: Site is blocked due to multiple, consecutive cold start failures. Site scheduled to be unblocked at 03/17/2026 20:08:33, DetailsLevel: WARN
2026-03-17T20:08:01.0962059Z Start site prohibitted because the site is being blocked.
2026-03-17T20:08:06.4304582Z State: Blocked, Action: None, LastError: ContainerTimeout, LastErrorTimestamp: 03/17/2026 20:06:17, LastErrorDetails: Container did not start within expected time limit of 230s. Please inspect your container logs for more details., Details: Site is blocked due to multiple, consecutive cold start failures. Site scheduled to be unblocked at 03/17/2026 20:08:33, DetailsLevel: WARN
2026-03-17T20:08:06.4305215Z Start site prohibitted because the site is being blocked.
2026-03-17T20:08:11.8383569Z State: Blocked, Action: None, LastError: ContainerTimeout, LastErrorTimestamp: 03/17/2026 20:06:17, LastErrorDetails: Container did not start within expected time limit of 230s. Please inspect your container logs for more details., Details: Site is blocked due to multiple, consecutive cold start failures. Site scheduled to be unblocked at 03/17/2026 20:08:33, DetailsLevel: WARN
2026-03-17T20:08:11.8873317Z Start site prohibitted because the site is being blocked.
2026-03-17T20:08:17.1926912Z State: Blocked, Action: None, LastError: ContainerTimeout, LastErrorTimestamp: 03/17/2026 20:06:17, LastErrorDetails: Container did not start within expected time limit of 230s. Please inspect your container logs for more details., Details: Site is blocked due to multiple, consecutive cold start failures. Site scheduled to be unblocked at 03/17/2026 20:08:33, DetailsLevel: WARN
2026-03-17T20:08:17.1927519Z Start site prohibitted because the site is being blocked.
2026-03-17T20:08:22.7996958Z State: Blocked, Action: None, LastError: ContainerTimeout, LastErrorTimestamp: 03/17/2026 20:06:17, LastErrorDetails: Container did not start within expected time limit of 230s. Please inspect your container logs for more details., Details: Site is blocked due to multiple, consecutive cold start failures. Site scheduled to be unblocked at 03/17/2026 20:08:33, DetailsLevel: WARN
2026-03-17T20:08:22.7997583Z Start site prohibitted because the site is being blocked.
2026-03-17T20:08:28.0839514Z State: Blocked, Action: None, LastError: ContainerTimeout, LastErrorTimestamp: 03/17/2026 20:06:17, LastErrorDetails: Container did not start within expected time limit of 230s. Please inspect your container logs for more details., Details: Site is blocked due to multiple, consecutive cold start failures. Site scheduled to be unblocked at 03/17/2026 20:08:33, DetailsLevel: WARN
2026-03-17T20:08:28.0839902Z Start site prohibitted because the site is being blocked.
2026-03-17T20:08:33.2113170Z Site: careorbit-api-dev is unblocked.
2026-03-17T20:08:33.4892939Z State: Starting, Action: EstablishingSiteNetworks, LastError: ContainerTimeout, LastErrorTimestamp: 03/17/2026 20:06:17, LastErrorDetails: Container did not start within expected time limit of 230s. Please inspect your container logs for more details., Details: Site is blocked due to multiple, consecutive cold start failures. Site scheduled to be unblocked at 03/17/2026 20:08:33, DetailsLevel: WARN
2026-03-17T20:08:38.6579177Z State: Starting, Action: StartingSiteContainers, LastError: ContainerTimeout, LastErrorTimestamp: 03/17/2026 20:06:17, LastErrorDetails: Container did not start within expected time limit of 230s. Please inspect your container logs for more details., Details: Site is blocked due to multiple, consecutive cold start failures. Site scheduled to be unblocked at 03/17/2026 20:08:33, DetailsLevel: WARN
2026-03-17T20:08:38.6580447Z Container start method called.
2026-03-17T20:08:38.6580884Z State: Starting, Action: PullingImage, LastError: ContainerTimeout, LastErrorTimestamp: 03/17/2026 20:06:17, LastErrorDetails: Container did not start within expected time limit of 230s. Please inspect your container logs for more details., Details: Pulling image 10.1.0.5:13209/appsvc/python:3.12_20260203.2.tuxprod for careorbit-api-dev., DetailsLevel: INFO
2026-03-17T20:08:38.6581614Z Establishing network.
2026-03-17T20:08:38.6582427Z Pulling image: appsvc/python:3.12_20260203.2.tuxprod.
2026-03-17T20:09:31.4944821Z Container is starting.
2026-03-17T20:09:31.4945834Z State: Starting, Action: MountingVolumes, LastError: ContainerTimeout, LastErrorTimestamp: 03/17/2026 20:06:17, LastErrorDetails: Container did not start within expected time limit of 230s. Please inspect your container logs for more details., Details: Mounting volumes for careorbit-api-dev., DetailsLevel: INFO
2026-03-17T20:09:31.4946569Z Establishing user namespace if not established already.
2026-03-17T20:09:31.4947365Z Establishing network if not established already.
2026-03-17T20:09:31.4948222Z Mounting volumes.
2026-03-17T20:09:31.4949373Z Nested mountpoint 
2026-03-17T20:09:31.7694424Z Nested mountpoint volatile/logs
2026-03-17T20:09:32.4348103Z Nested mountpoint 
2026-03-17T20:09:32.7517535Z Nested mountpoint 
2026-03-17T20:09:33.3875928Z Nested mountpoint 
2026-03-17T20:09:36.2044880Z State: Starting, Action: CreatingContainer, LastError: ContainerTimeout, LastErrorTimestamp: 03/17/2026 20:06:17, LastErrorDetails: Container did not start within expected time limit of 230s. Please inspect your container logs for more details., Details: Finished pulling container image and mounting volumes for careorbit-api-dev. Allocatinng the rest of the container resources to finish container creation., DetailsLevel: INFO
2026-03-17T20:09:36.2846665Z Creating container.
2026-03-17T20:09:36.2847821Z Creating pipes for streaming container io.
2026-03-17T20:09:36.2848619Z Creating stdout named pipe at /podr/container/pipe/3034b3e37495_careorbit-api-dev/stdout_35c58dd2858a4a3ca27c076dc3da5e66.
2026-03-17T20:09:36.2850827Z Successfully created stdout named pipe at: /podr/container/pipe/3034b3e37495_careorbit-api-dev/stdout_35c58dd2858a4a3ca27c076dc3da5e66.
2026-03-17T20:09:36.2851575Z Opening named pipe /podr/container/pipe/3034b3e37495_careorbit-api-dev/stdout_35c58dd2858a4a3ca27c076dc3da5e66 for reading in non-blocking mode.
2026-03-17T20:09:36.2852492Z Successfully opened named pipe: /podr/container/pipe/3034b3e37495_careorbit-api-dev/stdout_35c58dd2858a4a3ca27c076dc3da5e66.
2026-03-17T20:09:36.2853223Z Successfully removed non-blocking flag from /podr/container/pipe/3034b3e37495_careorbit-api-dev/stdout_35c58dd2858a4a3ca27c076dc3da5e66.
2026-03-17T20:09:36.3043690Z Creating stderr named pipe at /podr/container/pipe/3034b3e37495_careorbit-api-dev/stderr_3df055cb021e49139c682e5760100d0d.
2026-03-17T20:09:36.3046267Z Successfully created stderr named pipe at: /podr/container/pipe/3034b3e37495_careorbit-api-dev/stderr_3df055cb021e49139c682e5760100d0d.
2026-03-17T20:09:36.3047602Z Opening named pipe /podr/container/pipe/3034b3e37495_careorbit-api-dev/stderr_3df055cb021e49139c682e5760100d0d for reading in non-blocking mode.
2026-03-17T20:09:36.3048832Z Successfully opened named pipe: /podr/container/pipe/3034b3e37495_careorbit-api-dev/stderr_3df055cb021e49139c682e5760100d0d.
2026-03-17T20:09:36.3050478Z Successfully removed non-blocking flag from /podr/container/pipe/3034b3e37495_careorbit-api-dev/stderr_3df055cb021e49139c682e5760100d0d.
2026-03-17T20:09:36.3052356Z Creating container with image: appsvc/python:3.12_20260203.2.tuxprod from registry: 10.1.0.5:13209 and fully qualified image name: 10.1.0.5:13209/appsvc/python:3.12_20260203.2.tuxprod
2026-03-17T20:09:41.4198503Z Starting container: 3034b3e37495_careorbit-api-dev.
2026-03-17T20:09:41.8230131Z Starting watchers and probes.
2026-03-17T20:09:41.8431781Z Starting metrics collection.
2026-03-17T20:09:41.8534880Z Container is running.
2026-03-17T20:09:41.8536614Z State: Starting, Action: CreatingContainer, LastError: ContainerTimeout, LastErrorTimestamp: 03/17/2026 20:06:17, LastErrorDetails: Container did not start within expected time limit of 230s. Please inspect your container logs for more details., Details: Container careorbit-api-dev successfully created and is running., DetailsLevel: INFO
2026-03-17T20:09:42.6439239Z Container start method finished after 63978 ms.
2026-03-17T20:09:42.7144233Z State: Starting, Action: InitiatingSiteWarmUpProbe, LastError: ContainerTimeout, LastErrorTimestamp: 03/17/2026 20:06:17, LastErrorDetails: Container did not start within expected time limit of 230s. Please inspect your container logs for more details., Details: Container careorbit-api-dev successfully created and is running., DetailsLevel: INFO
2026-03-17T20:09:42.7157430Z State: Starting, Action: WaitingForSiteWarmUpProbeSuccess, LastError: ContainerTimeout, LastErrorTimestamp: 03/17/2026 20:06:17, LastErrorDetails: Container did not start within expected time limit of 230s. Please inspect your container logs for more details., Details: Pinging warmup path to ensure container is ready to receive requests., DetailsLevel: INFO
2026-03-17T20:13:34.0948315Z Site startup probe failed after 231.0163575 seconds.
2026-03-17T20:13:37.2382484Z State: Starting, Action: WaitingForSiteWarmUpProbeSuccess, LastError: ContainerTimeout, LastErrorTimestamp: 03/17/2026 20:13:37, LastErrorDetails: Container did not start within expected time limit of 230s. Please inspect your container logs for more details., Details: Pinging warmup path to ensure container is ready to receive requests., DetailsLevel: ERR
2026-03-17T20:13:37.3775464Z Failed to start site. Revert by stopping site.
2026-03-17T20:13:37.4092685Z State: Stopping, Action: StoppingSite, LastError: ContainerTimeout, LastErrorTimestamp: 03/17/2026 20:13:37, LastErrorDetails: Container did not start within expected time limit of 230s. Please inspect your container logs for more details., Details: Pinging warmup path to ensure container is ready to receive requests., DetailsLevel: ERR
2026-03-17T20:13:37.5548021Z State: Stopping, Action: StoppingSiteContainers, LastError: ContainerTimeout, LastErrorTimestamp: 03/17/2026 20:13:37, LastErrorDetails: Container did not start within expected time limit of 230s. Please inspect your container logs for more details., Details: Pinging warmup path to ensure container is ready to receive requests., DetailsLevel: ERR
2026-03-17T20:13:37.5645442Z Container is terminating. Grace period: 5 seconds.
2026-03-17T20:13:37.9457527Z Stop and delete container. Retry count = 0
2026-03-17T20:13:37.9461003Z Stopping container: 3034b3e37495_careorbit-api-dev.
2026-03-17T20:13:44.7473923Z Deleting container: 3034b3e37495_careorbit-api-dev. Retry count = 0
2026-03-17T20:13:48.1837217Z Container spec TerminationMessagePolicy  path 
2026-03-17T20:13:48.2627400Z Container is terminated. Total time elapsed: 10639 ms.
2026-03-17T20:13:48.2629901Z Site container: careorbit-api-dev terminated during site startup.
2026-03-17T20:13:48.2635061Z State: Stopping, Action: CancellingStartup, LastError: ContainerTimeout, LastErrorTimestamp: 03/17/2026 20:13:37, LastErrorDetails: Container did not start within expected time limit of 230s. Please inspect your container logs for more details., Details: Site container: careorbit-api-dev terminated during site startup. Cancelling site startup., DetailsLevel: ERR
2026-03-17T20:13:48.2637760Z Site: careorbit-api-dev stopped.
2026-03-17T20:13:48.3624781Z State: Stopping, Action: UnmountingVolumes, LastError: ContainerTimeout, LastErrorTimestamp: 03/17/2026 20:13:37, LastErrorDetails: Container did not start within expected time limit of 230s. Please inspect your container logs for more details., Details: Site container: careorbit-api-dev terminated during site startup. Cancelling site startup., DetailsLevel: ERR
2026-03-17T20:13:50.0788367Z State: Stopping, Action: StoppingSiteNetworks, LastError: ContainerTimeout, LastErrorTimestamp: 03/17/2026 20:13:37, LastErrorDetails: Container did not start within expected time limit of 230s. Please inspect your container logs for more details., Details: Site container: careorbit-api-dev terminated during site startup. Cancelling site startup., DetailsLevel: ERR
2026-03-17T20:13:57.1049889Z Site: careorbit-api-dev will be blocked for 2 minutes till 03/17/2026 20:15:57
2026-03-17T20:13:57.1054794Z State: Blocked, Action: StoppingSiteNetworks, LastError: ContainerTimeout, LastErrorTimestamp: 03/17/2026 20:13:37, LastErrorDetails: Container did not start within expected time limit of 230s. Please inspect your container logs for more details., Details: Site: careorbit-api-dev will be blocked for 2 minutes till 03/17/2026 20:15:57, DetailsLevel: WARN
2026-03-17T20:13:57.3659903Z State: Stopped, Action: None, LastError: ContainerTimeout, LastErrorTimestamp: 03/17/2026 20:13:37, LastErrorDetails: Container did not start within expected time limit of 230s. Please inspect your container logs for more details., Details: Site stopped at 03/17/2026 20:13:57 (UTC), DetailsLevel: WARN
2026-03-17T20:13:59.3462591Z State: Stopped, Action: None, LastError: ContainerTimeout, LastErrorTimestamp: 03/17/2026 20:13:37, LastErrorDetails: Container did not start within expected time limit of 230s. Please inspect your container logs for more details., Details: Site stopped at 03/17/2026 20:13:57 (UTC), DetailsLevel: WARN
2026-03-17T20:14:06.5275179Z State: Blocked, Action: None, LastError: ContainerTimeout, LastErrorTimestamp: 03/17/2026 20:13:37, LastErrorDetails: Container did not start within expected time limit of 230s. Please inspect your container logs for more details., Details: Site is blocked due to multiple, consecutive cold start failures. Site scheduled to be unblocked at 03/17/2026 20:15:57, DetailsLevel: WARN
2026-03-17T20:14:06.5275550Z Start site prohibitted because the site is being blocked.
2026-03-17T20:14:12.0936782Z State: Blocked, Action: None, LastError: ContainerTimeout, LastErrorTimestamp: 03/17/2026 20:13:37, LastErrorDetails: Container did not start within expected time limit of 230s. Please inspect your container logs for more details., Details: Site is blocked due to multiple, consecutive cold start failures. Site scheduled to be unblocked at 03/17/2026 20:15:57, DetailsLevel: WARN
2026-03-17T20:14:12.0940783Z Start site prohibitted because the site is being blocked.
2026-03-17T20:14:18.0774951Z State: Blocked, Action: None, LastError: ContainerTimeout, LastErrorTimestamp: 03/17/2026 20:13:37, LastErrorDetails: Container did not start within expected time limit of 230s. Please inspect your container logs for more details., Details: Site is blocked due to multiple, consecutive cold start failures. Site scheduled to be unblocked at 03/17/2026 20:15:57, DetailsLevel: WARN
2026-03-17T20:14:18.0775632Z Start site prohibitted because the site is being blocked.
2026-03-17T20:14:23.5473586Z State: Blocked, Action: None, LastError: ContainerTimeout, LastErrorTimestamp: 03/17/2026 20:13:37, LastErrorDetails: Container did not start within expected time limit of 230s. Please inspect your container logs for more details., Details: Site is blocked due to multiple, consecutive cold start failures. Site scheduled to be unblocked at 03/17/2026 20:15:57, DetailsLevel: WARN
2026-03-17T20:14:23.5473920Z Start site prohibitted because the site is being blocked.
2026-03-17T20:14:29.2626070Z State: Blocked, Action: None, LastError: ContainerTimeout, LastErrorTimestamp: 03/17/2026 20:13:37, LastErrorDetails: Container did not start within expected time limit of 230s. Please inspect your container logs for more details., Details: Site is blocked due to multiple, consecutive cold start failures. Site scheduled to be unblocked at 03/17/2026 20:15:57, DetailsLevel: WARN
2026-03-17T20:14:29.2626392Z Start site prohibitted because the site is being blocked.
2026-03-17T20:14:34.9456414Z State: Blocked, Action: None, LastError: ContainerTimeout, LastErrorTimestamp: 03/17/2026 20:13:37, LastErrorDetails: Container did not start within expected time limit of 230s. Please inspect your container logs for more details., Details: Site is blocked due to multiple, consecutive cold start failures. Site scheduled to be unblocked at 03/17/2026 20:15:57, DetailsLevel: WARN
2026-03-17T20:14:34.9456787Z Start site prohibitted because the site is being blocked.
2026-03-17T20:14:40.4572266Z State: Blocked, Action: None, LastError: ContainerTimeout, LastErrorTimestamp: 03/17/2026 20:13:37, LastErrorDetails: Container did not start within expected time limit of 230s. Please inspect your container logs for more details., Details: Site is blocked due to multiple, consecutive cold start failures. Site scheduled to be unblocked at 03/17/2026 20:15:57, DetailsLevel: WARN
2026-03-17T20:14:40.4572649Z Start site prohibitted because the site is being blocked.
2026-03-17T20:14:46.1184364Z State: Blocked, Action: None, LastError: ContainerTimeout, LastErrorTimestamp: 03/17/2026 20:13:37, LastErrorDetails: Container did not start within expected time limit of 230s. Please inspect your container logs for more details., Details: Site is blocked due to multiple, consecutive cold start failures. Site scheduled to be unblocked at 03/17/2026 20:15:57, DetailsLevel: WARN
2026-03-17T20:14:46.1186657Z Start site prohibitted because the site is being blocked.
2026-03-17T20:14:51.6787435Z State: Blocked, Action: None, LastError: ContainerTimeout, LastErrorTimestamp: 03/17/2026 20:13:37, LastErrorDetails: Container did not start within expected time limit of 230s. Please inspect your container logs for more details., Details: Site is blocked due to multiple, consecutive cold start failures. Site scheduled to be unblocked at 03/17/2026 20:15:57, DetailsLevel: WARN
2026-03-17T20:14:51.6787792Z Start site prohibitted because the site is being blocked.
2026-03-17T20:14:57.1922208Z State: Blocked, Action: None, LastError: ContainerTimeout, LastErrorTimestamp: 03/17/2026 20:13:37, LastErrorDetails: Container did not start within expected time limit of 230s. Please inspect your container logs for more details., Details: Site is blocked due to multiple, consecutive cold start failures. Site scheduled to be unblocked at 03/17/2026 20:15:57, DetailsLevel: WARN
2026-03-17T20:14:57.1925312Z Start site prohibitted because the site is being blocked.
2026-03-17T20:15:02.4649108Z State: Blocked, Action: None, LastError: ContainerTimeout, LastErrorTimestamp: 03/17/2026 20:13:37, LastErrorDetails: Container did not start within expected time limit of 230s. Please inspect your container logs for more details., Details: Site is blocked due to multiple, consecutive cold start failures. Site scheduled to be unblocked at 03/17/2026 20:15:57, DetailsLevel: WARN
2026-03-17T20:15:02.4649768Z Start site prohibitted because the site is being blocked.
2026-03-17T20:15:08.4428286Z State: Blocked, Action: None, LastError: ContainerTimeout, LastErrorTimestamp: 03/17/2026 20:13:37, LastErrorDetails: Container did not start within expected time limit of 230s. Please inspect your container logs for more details., Details: Site is blocked due to multiple, consecutive cold start failures. Site scheduled to be unblocked at 03/17/2026 20:15:57, DetailsLevel: WARN
2026-03-17T20:15:08.4430227Z Start site prohibitted because the site is being blocked.
2026-03-17T20:15:13.9276052Z State: Blocked, Action: None, LastError: ContainerTimeout, LastErrorTimestamp: 03/17/2026 20:13:37, LastErrorDetails: Container did not start within expected time limit of 230s. Please inspect your container logs for more details., Details: Site is blocked due to multiple, consecutive cold start failures. Site scheduled to be unblocked at 03/17/2026 20:15:57, DetailsLevel: WARN
2026-03-17T20:15:13.9276377Z Start site prohibitted because the site is being blocked.
2026-03-17T20:15:19.5546628Z State: Blocked, Action: None, LastError: ContainerTimeout, LastErrorTimestamp: 03/17/2026 20:13:37, LastErrorDetails: Container did not start within expected time limit of 230s. Please inspect your container logs for more details., Details: Site is blocked due to multiple, consecutive cold start failures. Site scheduled to be unblocked at 03/17/2026 20:15:57, DetailsLevel: WARN
2026-03-17T20:15:19.5547215Z Start site prohibitted because the site is being blocked.
2026-03-17T20:15:25.1531042Z State: Blocked, Action: None, LastError: ContainerTimeout, LastErrorTimestamp: 03/17/2026 20:13:37, LastErrorDetails: Container did not start within expected time limit of 230s. Please inspect your container logs for more details., Details: Site is blocked due to multiple, consecutive cold start failures. Site scheduled to be unblocked at 03/17/2026 20:15:57, DetailsLevel: WARN
2026-03-17T20:15:25.1533244Z Start site prohibitted because the site is being blocked.
2026-03-17T20:15:30.6993381Z State: Blocked, Action: None, LastError: ContainerTimeout, LastErrorTimestamp: 03/17/2026 20:13:37, LastErrorDetails: Container did not start within expected time limit of 230s. Please inspect your container logs for more details., Details: Site is blocked due to multiple, consecutive cold start failures. Site scheduled to be unblocked at 03/17/2026 20:15:57, DetailsLevel: WARN
2026-03-17T20:15:30.6995303Z Start site prohibitted because the site is being blocked.
2026-03-17T20:15:36.1100105Z State: Blocked, Action: None, LastError: ContainerTimeout, LastErrorTimestamp: 03/17/2026 20:13:37, LastErrorDetails: Container did not start within expected time limit of 230s. Please inspect your container logs for more details., Details: Site is blocked due to multiple, consecutive cold start failures. Site scheduled to be unblocked at 03/17/2026 20:15:57, DetailsLevel: WARN
2026-03-17T20:15:36.1100499Z Start site prohibitted because the site is being blocked.
2026-03-17T20:15:41.9383405Z State: Blocked, Action: None, LastError: ContainerTimeout, LastErrorTimestamp: 03/17/2026 20:13:37, LastErrorDetails: Container did not start within expected time limit of 230s. Please inspect your container logs for more details., Details: Site is blocked due to multiple, consecutive cold start failures. Site scheduled to be unblocked at 03/17/2026 20:15:57, DetailsLevel: WARN
2026-03-17T20:15:41.9384213Z Start site prohibitted because the site is being blocked.
2026-03-17T20:15:48.7089381Z State: Blocked, Action: None, LastError: ContainerTimeout, LastErrorTimestamp: 03/17/2026 20:13:37, LastErrorDetails: Container did not start within expected time limit of 230s. Please inspect your container logs for more details., Details: Site is blocked due to multiple, consecutive cold start failures. Site scheduled to be unblocked at 03/17/2026 20:15:57, DetailsLevel: WARN
2026-03-17T20:15:48.7090008Z Start site prohibitted because the site is being blocked.
2026-03-17T20:15:54.7917962Z State: Blocked, Action: None, LastError: ContainerTimeout, LastErrorTimestamp: 03/17/2026 20:13:37, LastErrorDetails: Container did not start within expected time limit of 230s. Please inspect your container logs for more details., Details: Site is blocked due to multiple, consecutive cold start failures. Site scheduled to be unblocked at 03/17/2026 20:15:57, DetailsLevel: WARN
2026-03-17T20:15:54.7918319Z Start site prohibitted because the site is being blocked.
2026-03-17T20:15:57.3189078Z Site: careorbit-api-dev is unblocked.
2026-03-17T20:16:00.3876452Z State: Starting, Action: EstablishingSiteNetworks, LastError: ContainerTimeout, LastErrorTimestamp: 03/17/2026 20:13:37, LastErrorDetails: Container did not start within expected time limit of 230s. Please inspect your container logs for more details., Details: Site is blocked due to multiple, consecutive cold start failures. Site scheduled to be unblocked at 03/17/2026 20:15:57, DetailsLevel: WARN
2026-03-17T20:16:14.4455609Z State: Starting, Action: StartingSiteContainers, LastError: ContainerTimeout, LastErrorTimestamp: 03/17/2026 20:13:37, LastErrorDetails: Container did not start within expected time limit of 230s. Please inspect your container logs for more details., Details: Site is blocked due to multiple, consecutive cold start failures. Site scheduled to be unblocked at 03/17/2026 20:15:57, DetailsLevel: WARN
2026-03-17T20:16:14.4945719Z Container start method called.
2026-03-17T20:16:14.4951730Z State: Starting, Action: PullingImage, LastError: ContainerTimeout, LastErrorTimestamp: 03/17/2026 20:13:37, LastErrorDetails: Container did not start within expected time limit of 230s. Please inspect your container logs for more details., Details: Pulling image 10.1.0.5:13209/appsvc/python:3.12_20260203.2.tuxprod for careorbit-api-dev., DetailsLevel: INFO
2026-03-17T20:16:14.5240093Z Establishing network.
2026-03-17T20:16:14.5242325Z Pulling image: appsvc/python:3.12_20260203.2.tuxprod.
2026-03-17T20:17:07.1739513Z Container is starting.
2026-03-17T20:17:07.1740740Z State: Starting, Action: MountingVolumes, LastError: ContainerTimeout, LastErrorTimestamp: 03/17/2026 20:13:37, LastErrorDetails: Container did not start within expected time limit of 230s. Please inspect your container logs for more details., Details: Mounting volumes for careorbit-api-dev., DetailsLevel: INFO
2026-03-17T20:17:07.1741622Z Establishing user namespace if not established already.
2026-03-17T20:17:07.1742389Z Establishing network if not established already.
2026-03-17T20:17:07.1743294Z Mounting volumes.
2026-03-17T20:17:07.1758436Z Nested mountpoint 
2026-03-17T20:17:07.2095355Z Nested mountpoint volatile/logs
2026-03-17T20:17:07.3237722Z Nested mountpoint 
2026-03-17T20:17:07.3499337Z Nested mountpoint 
2026-03-17T20:17:07.3680788Z Nested mountpoint 
2026-03-17T20:17:09.3565779Z State: Starting, Action: CreatingContainer, LastError: ContainerTimeout, LastErrorTimestamp: 03/17/2026 20:13:37, LastErrorDetails: Container did not start within expected time limit of 230s. Please inspect your container logs for more details., Details: Finished pulling container image and mounting volumes for careorbit-api-dev. Allocatinng the rest of the container resources to finish container creation., DetailsLevel: INFO
2026-03-17T20:17:09.3578228Z Creating container.
2026-03-17T20:17:09.3580977Z Creating pipes for streaming container io.
2026-03-17T20:17:09.3583014Z Creating stdout named pipe at /podr/container/pipe/3ee1cf53dce6_careorbit-api-dev/stdout_2a17479e25c3452d8b59c0630395924c.
2026-03-17T20:17:09.3587040Z Successfully created stdout named pipe at: /podr/container/pipe/3ee1cf53dce6_careorbit-api-dev/stdout_2a17479e25c3452d8b59c0630395924c.
2026-03-17T20:17:09.3672948Z Opening named pipe /podr/container/pipe/3ee1cf53dce6_careorbit-api-dev/stdout_2a17479e25c3452d8b59c0630395924c for reading in non-blocking mode.
2026-03-17T20:17:09.3684958Z Successfully opened named pipe: /podr/container/pipe/3ee1cf53dce6_careorbit-api-dev/stdout_2a17479e25c3452d8b59c0630395924c.
2026-03-17T20:17:09.3875798Z Successfully removed non-blocking flag from /podr/container/pipe/3ee1cf53dce6_careorbit-api-dev/stdout_2a17479e25c3452d8b59c0630395924c.
2026-03-17T20:17:09.4188727Z Creating stderr named pipe at /podr/container/pipe/3ee1cf53dce6_careorbit-api-dev/stderr_963f84f6984546a5a52da213546404d2.
2026-03-17T20:17:09.4190918Z Successfully created stderr named pipe at: /podr/container/pipe/3ee1cf53dce6_careorbit-api-dev/stderr_963f84f6984546a5a52da213546404d2.
2026-03-17T20:17:09.4191788Z Opening named pipe /podr/container/pipe/3ee1cf53dce6_careorbit-api-dev/stderr_963f84f6984546a5a52da213546404d2 for reading in non-blocking mode.
2026-03-17T20:17:09.4192687Z Successfully opened named pipe: /podr/container/pipe/3ee1cf53dce6_careorbit-api-dev/stderr_963f84f6984546a5a52da213546404d2.
2026-03-17T20:17:09.4568837Z Successfully removed non-blocking flag from /podr/container/pipe/3ee1cf53dce6_careorbit-api-dev/stderr_963f84f6984546a5a52da213546404d2.
2026-03-17T20:17:09.4674311Z Creating container with image: appsvc/python:3.12_20260203.2.tuxprod from registry: 10.1.0.5:13209 and fully qualified image name: 10.1.0.5:13209/appsvc/python:3.12_20260203.2.tuxprod
2026-03-17T20:17:13.3434429Z Starting container: 3ee1cf53dce6_careorbit-api-dev.
2026-03-17T20:17:13.6908773Z Starting watchers and probes.
2026-03-17T20:17:13.7181858Z Starting metrics collection.
2026-03-17T20:17:13.7185240Z Container is running.
2026-03-17T20:17:13.7187736Z State: Starting, Action: CreatingContainer, LastError: ContainerTimeout, LastErrorTimestamp: 03/17/2026 20:13:37, LastErrorDetails: Container did not start within expected time limit of 230s. Please inspect your container logs for more details., Details: Container careorbit-api-dev successfully created and is running., DetailsLevel: INFO
2026-03-17T20:17:13.9971634Z Container start method finished after 59502 ms.
2026-03-17T20:17:13.9976479Z State: Starting, Action: InitiatingSiteWarmUpProbe, LastError: ContainerTimeout, LastErrorTimestamp: 03/17/2026 20:13:37, LastErrorDetails: Container did not start within expected time limit of 230s. Please inspect your container logs for more details., Details: Container careorbit-api-dev successfully created and is running., DetailsLevel: INFO
2026-03-17T20:17:13.9976850Z State: Starting, Action: WaitingForSiteWarmUpProbeSuccess, LastError: ContainerTimeout, LastErrorTimestamp: 03/17/2026 20:13:37, LastErrorDetails: Container did not start within expected time limit of 230s. Please inspect your container logs for more details., Details: Pinging warmup path to ensure container is ready to receive requests., DetailsLevel: INFO
2026-03-17T20:21:04.1715899Z Site startup probe failed after 230.1545162 seconds.
2026-03-17T20:21:05.7138309Z State: Starting, Action: WaitingForSiteWarmUpProbeSuccess, LastError: ContainerTimeout, LastErrorTimestamp: 03/17/2026 20:21:05, LastErrorDetails: Container did not start within expected time limit of 230s. Please inspect your container logs for more details., Details: Pinging warmup path to ensure container is ready to receive requests., DetailsLevel: ERR
2026-03-17T20:21:05.7810866Z Failed to start site. Revert by stopping site.
2026-03-17T20:21:05.8416883Z State: Stopping, Action: StoppingSite, LastError: ContainerTimeout, LastErrorTimestamp: 03/17/2026 20:21:05, LastErrorDetails: Container did not start within expected time limit of 230s. Please inspect your container logs for more details., Details: Pinging warmup path to ensure container is ready to receive requests., DetailsLevel: ERR
2026-03-17T20:21:05.9713524Z State: Stopping, Action: StoppingSiteContainers, LastError: ContainerTimeout, LastErrorTimestamp: 03/17/2026 20:21:05, LastErrorDetails: Container did not start within expected time limit of 230s. Please inspect your container logs for more details., Details: Pinging warmup path to ensure container is ready to receive requests., DetailsLevel: ERR
2026-03-17T20:21:05.9730277Z Container is terminating. Grace period: 5 seconds.
2026-03-17T20:21:06.6688435Z Stop and delete container. Retry count = 0
2026-03-17T20:21:06.6698610Z Stopping container: 3ee1cf53dce6_careorbit-api-dev.
2026-03-17T20:21:14.1922481Z Deleting container: 3ee1cf53dce6_careorbit-api-dev. Retry count = 0
2026-03-17T20:21:15.3048780Z Container spec TerminationMessagePolicy  path 
2026-03-17T20:21:15.3050292Z Container is terminated. Total time elapsed: 9331 ms.
2026-03-17T20:21:15.3051049Z Site container: careorbit-api-dev terminated during site startup.
2026-03-17T20:21:15.3051849Z State: Stopping, Action: CancellingStartup, LastError: ContainerTimeout, LastErrorTimestamp: 03/17/2026 20:21:05, LastErrorDetails: Container did not start within expected time limit of 230s. Please inspect your container logs for more details., Details: Site container: careorbit-api-dev terminated during site startup. Cancelling site startup., DetailsLevel: ERR
2026-03-17T20:21:15.3054045Z Site: careorbit-api-dev stopped.
2026-03-17T20:21:15.3070036Z State: Stopping, Action: UnmountingVolumes, LastError: ContainerTimeout, LastErrorTimestamp: 03/17/2026 20:21:05, LastErrorDetails: Container did not start within expected time limit of 230s. Please inspect your container logs for more details., Details: Site container: careorbit-api-dev terminated during site startup. Cancelling site startup., DetailsLevel: ERR
2026-03-17T20:21:16.9538427Z State: Stopping, Action: StoppingSiteNetworks, LastError: ContainerTimeout, LastErrorTimestamp: 03/17/2026 20:21:05, LastErrorDetails: Container did not start within expected time limit of 230s. Please inspect your container logs for more details., Details: Site container: careorbit-api-dev terminated during site startup. Cancelling site startup., DetailsLevel: ERR
2026-03-17T20:21:18.5632350Z Site: careorbit-api-dev will be blocked for 2 minutes till 03/17/2026 20:23:18
2026-03-17T20:21:18.5637738Z State: Blocked, Action: StoppingSiteNetworks, LastError: ContainerTimeout, LastErrorTimestamp: 03/17/2026 20:21:05, LastErrorDetails: Container did not start within expected time limit of 230s. Please inspect your container logs for more details., Details: Site: careorbit-api-dev will be blocked for 2 minutes till 03/17/2026 20:23:18, DetailsLevel: WARN
2026-03-17T20:21:18.6123448Z State: Stopped, Action: None, LastError: ContainerTimeout, LastErrorTimestamp: 03/17/2026 20:21:05, LastErrorDetails: Container did not start within expected time limit of 230s. Please inspect your container logs for more details., Details: Site stopped at 03/17/2026 20:21:18 (UTC), DetailsLevel: WARN
2026-03-17T20:21:19.2685297Z State: Stopped, Action: None, LastError: ContainerTimeout, LastErrorTimestamp: 03/17/2026 20:21:05, LastErrorDetails: Container did not start within expected time limit of 230s. Please inspect your container logs for more details., Details: Site stopped at 03/17/2026 20:21:18 (UTC), DetailsLevel: WARN
2026-03-17T20:21:24.6564250Z State: Blocked, Action: None, LastError: ContainerTimeout, LastErrorTimestamp: 03/17/2026 20:21:05, LastErrorDetails: Container did not start within expected time limit of 230s. Please inspect your container logs for more details., Details: Site is blocked due to multiple, consecutive cold start failures. Site scheduled to be unblocked at 03/17/2026 20:23:18, DetailsLevel: WARN
2026-03-17T20:21:24.6565601Z Start site prohibitted because the site is being blocked.
2026-03-17T20:21:30.2872428Z State: Blocked, Action: None, LastError: ContainerTimeout, LastErrorTimestamp: 03/17/2026 20:21:05, LastErrorDetails: Container did not start within expected time limit of 230s. Please inspect your container logs for more details., Details: Site is blocked due to multiple, consecutive cold start failures. Site scheduled to be unblocked at 03/17/2026 20:23:18, DetailsLevel: WARN
2026-03-17T20:21:30.2872885Z Start site prohibitted because the site is being blocked.
2026-03-17T20:21:35.4536271Z State: Blocked, Action: None, LastError: ContainerTimeout, LastErrorTimestamp: 03/17/2026 20:21:05, LastErrorDetails: Container did not start within expected time limit of 230s. Please inspect your container logs for more details., Details: Site is blocked due to multiple, consecutive cold start failures. Site scheduled to be unblocked at 03/17/2026 20:23:18, DetailsLevel: WARN
2026-03-17T20:21:35.4536589Z Start site prohibitted because the site is being blocked.
2026-03-17T20:21:40.9295004Z State: Blocked, Action: None, LastError: ContainerTimeout, LastErrorTimestamp: 03/17/2026 20:21:05, LastErrorDetails: Container did not start within expected time limit of 230s. Please inspect your container logs for more details., Details: Site is blocked due to multiple, consecutive cold start failures. Site scheduled to be unblocked at 03/17/2026 20:23:18, DetailsLevel: WARN
2026-03-17T20:21:40.9295285Z Start site prohibitted because the site is being blocked.
2026-03-17T20:21:46.5169553Z State: Blocked, Action: None, LastError: ContainerTimeout, LastErrorTimestamp: 03/17/2026 20:21:05, LastErrorDetails: Container did not start within expected time limit of 230s. Please inspect your container logs for more details., Details: Site is blocked due to multiple, consecutive cold start failures. Site scheduled to be unblocked at 03/17/2026 20:23:18, DetailsLevel: WARN
2026-03-17T20:21:46.5169883Z Start site prohibitted because the site is being blocked.
2026-03-17T20:21:48.4737270Z State: Blocked, Action: None, LastError: ContainerTimeout, LastErrorTimestamp: 03/17/2026 20:21:05, LastErrorDetails: Container did not start within expected time limit of 230s. Please inspect your container logs for more details., Details: Site is blocked due to multiple, consecutive cold start failures. Site scheduled to be unblocked at 03/17/2026 20:23:18, DetailsLevel: WARN
2026-03-17T20:21:48.4738965Z Start site prohibitted because the site is being blocked.
2026-03-17T20:21:48.7724265Z State: Blocked, Action: None, LastError: ContainerTimeout, LastErrorTimestamp: 03/17/2026 20:21:05, LastErrorDetails: Container did not start within expected time limit of 230s. Please inspect your container logs for more details., Details: Site is blocked due to multiple, consecutive cold start failures. Site scheduled to be unblocked at 03/17/2026 20:23:18, DetailsLevel: WARN
2026-03-17T20:21:48.7724944Z Start site prohibitted because the site is being blocked.
2026-03-17T20:21:54.0291113Z State: Blocked, Action: None, LastError: ContainerTimeout, LastErrorTimestamp: 03/17/2026 20:21:05, LastErrorDetails: Container did not start within expected time limit of 230s. Please inspect your container logs for more details., Details: Site is blocked due to multiple, consecutive cold start failures. Site scheduled to be unblocked at 03/17/2026 20:23:18, DetailsLevel: WARN
2026-03-17T20:21:54.0291786Z Start site prohibitted because the site is being blocked.
2026-03-17T20:21:59.3793300Z State: Blocked, Action: None, LastError: ContainerTimeout, LastErrorTimestamp: 03/17/2026 20:21:05, LastErrorDetails: Container did not start within expected time limit of 230s. Please inspect your container logs for more details., Details: Site is blocked due to multiple, consecutive cold start failures. Site scheduled to be unblocked at 03/17/2026 20:23:18, DetailsLevel: WARN
2026-03-17T20:21:59.3793950Z Start site prohibitted because the site is being blocked.
2026-03-17T20:21:59.5403695Z State: Blocked, Action: None, LastError: ContainerTimeout, LastErrorTimestamp: 03/17/2026 20:21:05, LastErrorDetails: Container did not start within expected time limit of 230s. Please inspect your container logs for more details., Details: Site is blocked due to multiple, consecutive cold start failures. Site scheduled to be unblocked at 03/17/2026 20:23:18, DetailsLevel: WARN
2026-03-17T20:21:59.5404285Z Start site prohibitted because the site is being blocked.
2026-03-17T20:22:04.8155017Z State: Blocked, Action: None, LastError: ContainerTimeout, LastErrorTimestamp: 03/17/2026 20:21:05, LastErrorDetails: Container did not start within expected time limit of 230s. Please inspect your container logs for more details., Details: Site is blocked due to multiple, consecutive cold start failures. Site scheduled to be unblocked at 03/17/2026 20:23:18, DetailsLevel: WARN
2026-03-17T20:22:04.8159806Z Start site prohibitted because the site is being blocked.
2026-03-17T20:22:10.2585169Z State: Blocked, Action: None, LastError: ContainerTimeout, LastErrorTimestamp: 03/17/2026 20:21:05, LastErrorDetails: Container did not start within expected time limit of 230s. Please inspect your container logs for more details., Details: Site is blocked due to multiple, consecutive cold start failures. Site scheduled to be unblocked at 03/17/2026 20:23:18, DetailsLevel: WARN
2026-03-17T20:22:10.2587515Z Start site prohibitted because the site is being blocked.
2026-03-17T20:22:15.6903306Z State: Blocked, Action: None, LastError: ContainerTimeout, LastErrorTimestamp: 03/17/2026 20:21:05, LastErrorDetails: Container did not start within expected time limit of 230s. Please inspect your container logs for more details., Details: Site is blocked due to multiple, consecutive cold start failures. Site scheduled to be unblocked at 03/17/2026 20:23:18, DetailsLevel: WARN
2026-03-17T20:22:15.6903913Z Start site prohibitted because the site is being blocked.
2026-03-17T20:22:21.1644801Z State: Blocked, Action: None, LastError: ContainerTimeout, LastErrorTimestamp: 03/17/2026 20:21:05, LastErrorDetails: Container did not start within expected time limit of 230s. Please inspect your container logs for more details., Details: Site is blocked due to multiple, consecutive cold start failures. Site scheduled to be unblocked at 03/17/2026 20:23:18, DetailsLevel: WARN
2026-03-17T20:22:21.1645174Z Start site prohibitted because the site is being blocked.
2026-03-17T20:22:26.4120603Z State: Blocked, Action: None, LastError: ContainerTimeout, LastErrorTimestamp: 03/17/2026 20:21:05, LastErrorDetails: Container did not start within expected time limit of 230s. Please inspect your container logs for more details., Details: Site is blocked due to multiple, consecutive cold start failures. Site scheduled to be unblocked at 03/17/2026 20:23:18, DetailsLevel: WARN
2026-03-17T20:22:26.4123751Z Start site prohibitted because the site is being blocked.
2026-03-17T20:22:31.7188811Z State: Blocked, Action: None, LastError: ContainerTimeout, LastErrorTimestamp: 03/17/2026 20:21:05, LastErrorDetails: Container did not start within expected time limit of 230s. Please inspect your container logs for more details., Details: Site is blocked due to multiple, consecutive cold start failures. Site scheduled to be unblocked at 03/17/2026 20:23:18, DetailsLevel: WARN
2026-03-17T20:22:31.7189374Z Start site prohibitted because the site is being blocked.
2026-03-17T20:22:37.6055117Z State: Blocked, Action: None, LastError: ContainerTimeout, LastErrorTimestamp: 03/17/2026 20:21:05, LastErrorDetails: Container did not start within expected time limit of 230s. Please inspect your container logs for more details., Details: Site is blocked due to multiple, consecutive cold start failures. Site scheduled to be unblocked at 03/17/2026 20:23:18, DetailsLevel: WARN
2026-03-17T20:22:37.6055742Z Start site prohibitted because the site is being blocked.
2026-03-17T20:22:43.5188109Z State: Blocked, Action: None, LastError: ContainerTimeout, LastErrorTimestamp: 03/17/2026 20:21:05, LastErrorDetails: Container did not start within expected time limit of 230s. Please inspect your container logs for more details., Details: Site is blocked due to multiple, consecutive cold start failures. Site scheduled to be unblocked at 03/17/2026 20:23:18, DetailsLevel: WARN
2026-03-17T20:22:43.5189980Z Start site prohibitted because the site is being blocked.
2026-03-17T20:22:49.1165458Z State: Blocked, Action: None, LastError: ContainerTimeout, LastErrorTimestamp: 03/17/2026 20:21:05, LastErrorDetails: Container did not start within expected time limit of 230s. Please inspect your container logs for more details., Details: Site is blocked due to multiple, consecutive cold start failures. Site scheduled to be unblocked at 03/17/2026 20:23:18, DetailsLevel: WARN
2026-03-17T20:22:49.1166088Z Start site prohibitted because the site is being blocked.
2026-03-17T20:22:54.6837233Z State: Blocked, Action: None, LastError: ContainerTimeout, LastErrorTimestamp: 03/17/2026 20:21:05, LastErrorDetails: Container did not start within expected time limit of 230s. Please inspect your container logs for more details., Details: Site is blocked due to multiple, consecutive cold start failures. Site scheduled to be unblocked at 03/17/2026 20:23:18, DetailsLevel: WARN
2026-03-17T20:22:54.7320130Z Start site prohibitted because the site is being blocked.
2026-03-17T20:23:00.7505860Z State: Blocked, Action: None, LastError: ContainerTimeout, LastErrorTimestamp: 03/17/2026 20:21:05, LastErrorDetails: Container did not start within expected time limit of 230s. Please inspect your container logs for more details., Details: Site is blocked due to multiple, consecutive cold start failures. Site scheduled to be unblocked at 03/17/2026 20:23:18, DetailsLevel: WARN
2026-03-17T20:23:00.7506248Z Start site prohibitted because the site is being blocked.
2026-03-17T20:23:06.2631338Z State: Blocked, Action: None, LastError: ContainerTimeout, LastErrorTimestamp: 03/17/2026 20:21:05, LastErrorDetails: Container did not start within expected time limit of 230s. Please inspect your container logs for more details., Details: Site is blocked due to multiple, consecutive cold start failures. Site scheduled to be unblocked at 03/17/2026 20:23:18, DetailsLevel: WARN
2026-03-17T20:23:06.2631980Z Start site prohibitted because the site is being blocked.
2026-03-17T20:23:11.7641092Z State: Blocked, Action: None, LastError: ContainerTimeout, LastErrorTimestamp: 03/17/2026 20:21:05, LastErrorDetails: Container did not start within expected time limit of 230s. Please inspect your container logs for more details., Details: Site is blocked due to multiple, consecutive cold start failures. Site scheduled to be unblocked at 03/17/2026 20:23:18, DetailsLevel: WARN
2026-03-17T20:23:11.7641745Z Start site prohibitted because the site is being blocked.
2026-03-17T20:23:17.4006336Z State: Blocked, Action: None, LastError: ContainerTimeout, LastErrorTimestamp: 03/17/2026 20:21:05, LastErrorDetails: Container did not start within expected time limit of 230s. Please inspect your container logs for more details., Details: Site is blocked due to multiple, consecutive cold start failures. Site scheduled to be unblocked at 03/17/2026 20:23:18, DetailsLevel: WARN
2026-03-17T20:23:17.4006653Z Start site prohibitted because the site is being blocked.
2026-03-17T20:23:18.5626253Z Site: careorbit-api-dev is unblocked.
2026-03-17T20:23:24.6489602Z State: Starting, Action: EstablishingSiteNetworks, LastError: ContainerTimeout, LastErrorTimestamp: 03/17/2026 20:21:05, LastErrorDetails: Container did not start within expected time limit of 230s. Please inspect your container logs for more details., Details: Site is blocked due to multiple, consecutive cold start failures. Site scheduled to be unblocked at 03/17/2026 20:23:18, DetailsLevel: WARN
2026-03-17T20:23:46.5099279Z State: Starting, Action: StartingSiteContainers, LastError: ContainerTimeout, LastErrorTimestamp: 03/17/2026 20:21:05, LastErrorDetails: Container did not start within expected time limit of 230s. Please inspect your container logs for more details., Details: Site is blocked due to multiple, consecutive cold start failures. Site scheduled to be unblocked at 03/17/2026 20:23:18, DetailsLevel: WARN
2026-03-17T20:23:46.6074938Z Container start method called.
2026-03-17T20:23:46.6079133Z State: Starting, Action: PullingImage, LastError: ContainerTimeout, LastErrorTimestamp: 03/17/2026 20:21:05, LastErrorDetails: Container did not start within expected time limit of 230s. Please inspect your container logs for more details., Details: Pulling image 10.1.0.5:13209/appsvc/python:3.12_20260203.2.tuxprod for careorbit-api-dev., DetailsLevel: INFO
2026-03-17T20:23:46.6081073Z Establishing network.
2026-03-17T20:23:46.9615050Z Pulling image: appsvc/python:3.12_20260203.2.tuxprod.
2026-03-17T20:24:44.8977007Z Container is starting.
2026-03-17T20:24:44.9504450Z State: Starting, Action: MountingVolumes, LastError: ContainerTimeout, LastErrorTimestamp: 03/17/2026 20:21:05, LastErrorDetails: Container did not start within expected time limit of 230s. Please inspect your container logs for more details., Details: Mounting volumes for careorbit-api-dev., DetailsLevel: INFO
2026-03-17T20:24:44.9688822Z Establishing user namespace if not established already.
2026-03-17T20:24:44.9796944Z Establishing network if not established already.
2026-03-17T20:24:45.0768127Z Mounting volumes.
2026-03-17T20:24:45.1275425Z Nested mountpoint 
2026-03-17T20:24:45.2450705Z Nested mountpoint volatile/logs
2026-03-17T20:24:45.4300489Z Nested mountpoint 
2026-03-17T20:24:46.1649254Z Nested mountpoint 
2026-03-17T20:24:46.2046867Z Nested mountpoint 
2026-03-17T20:24:47.5777159Z State: Starting, Action: CreatingContainer, LastError: ContainerTimeout, LastErrorTimestamp: 03/17/2026 20:21:05, LastErrorDetails: Container did not start within expected time limit of 230s. Please inspect your container logs for more details., Details: Finished pulling container image and mounting volumes for careorbit-api-dev. Allocatinng the rest of the container resources to finish container creation., DetailsLevel: INFO
2026-03-17T20:24:47.7785323Z Creating container.
2026-03-17T20:24:47.7791810Z Creating pipes for streaming container io.
2026-03-17T20:24:47.7873918Z Creating stdout named pipe at /podr/container/pipe/320c6f305504_careorbit-api-dev/stdout_52cbcb9d2bf24f79b7f85d7443ff0b3e.
2026-03-17T20:24:47.8174412Z Successfully created stdout named pipe at: /podr/container/pipe/320c6f305504_careorbit-api-dev/stdout_52cbcb9d2bf24f79b7f85d7443ff0b3e.
2026-03-17T20:24:47.8175509Z Opening named pipe /podr/container/pipe/320c6f305504_careorbit-api-dev/stdout_52cbcb9d2bf24f79b7f85d7443ff0b3e for reading in non-blocking mode.
2026-03-17T20:24:47.8176498Z Successfully opened named pipe: /podr/container/pipe/320c6f305504_careorbit-api-dev/stdout_52cbcb9d2bf24f79b7f85d7443ff0b3e.
2026-03-17T20:24:47.8269789Z Successfully removed non-blocking flag from /podr/container/pipe/320c6f305504_careorbit-api-dev/stdout_52cbcb9d2bf24f79b7f85d7443ff0b3e.
2026-03-17T20:24:47.8271322Z Creating stderr named pipe at /podr/container/pipe/320c6f305504_careorbit-api-dev/stderr_db1313bf1fe54054906993939502af27.
2026-03-17T20:24:47.8272657Z Successfully created stderr named pipe at: /podr/container/pipe/320c6f305504_careorbit-api-dev/stderr_db1313bf1fe54054906993939502af27.
2026-03-17T20:24:47.8273419Z Opening named pipe /podr/container/pipe/320c6f305504_careorbit-api-dev/stderr_db1313bf1fe54054906993939502af27 for reading in non-blocking mode.
2026-03-17T20:24:47.8274334Z Successfully opened named pipe: /podr/container/pipe/320c6f305504_careorbit-api-dev/stderr_db1313bf1fe54054906993939502af27.
2026-03-17T20:24:47.8275021Z Successfully removed non-blocking flag from /podr/container/pipe/320c6f305504_careorbit-api-dev/stderr_db1313bf1fe54054906993939502af27.
2026-03-17T20:24:47.8494345Z Creating container with image: appsvc/python:3.12_20260203.2.tuxprod from registry: 10.1.0.5:13209 and fully qualified image name: 10.1.0.5:13209/appsvc/python:3.12_20260203.2.tuxprod
2026-03-17T20:25:00.9699391Z Starting container: 320c6f305504_careorbit-api-dev.
2026-03-17T20:25:01.3102395Z Starting watchers and probes.
2026-03-17T20:25:01.3993909Z Starting metrics collection.
2026-03-17T20:25:01.5092855Z Container is running.
2026-03-17T20:25:01.5791667Z State: Starting, Action: CreatingContainer, LastError: ContainerTimeout, LastErrorTimestamp: 03/17/2026 20:21:05, LastErrorDetails: Container did not start within expected time limit of 230s. Please inspect your container logs for more details., Details: Container careorbit-api-dev successfully created and is running., DetailsLevel: INFO
2026-03-17T20:25:02.9274045Z Container start method finished after 76319 ms.
2026-03-17T20:25:02.9519673Z State: Starting, Action: InitiatingSiteWarmUpProbe, LastError: ContainerTimeout, LastErrorTimestamp: 03/17/2026 20:21:05, LastErrorDetails: Container did not start within expected time limit of 230s. Please inspect your container logs for more details., Details: Container careorbit-api-dev successfully created and is running., DetailsLevel: INFO
2026-03-17T20:25:02.9536949Z State: Starting, Action: WaitingForSiteWarmUpProbeSuccess, LastError: ContainerTimeout, LastErrorTimestamp: 03/17/2026 20:21:05, LastErrorDetails: Container did not start within expected time limit of 230s. Please inspect your container logs for more details., Details: Pinging warmup path to ensure container is ready to receive requests., DetailsLevel: INFO
2026-03-17T20:28:53.3829006Z Site startup probe failed after 230.3103604 seconds.
2026-03-17T20:28:53.7241987Z State: Starting, Action: WaitingForSiteWarmUpProbeSuccess, LastError: ContainerTimeout, LastErrorTimestamp: 03/17/2026 20:28:53, LastErrorDetails: Container did not start within expected time limit of 230s. Please inspect your container logs for more details., Details: Pinging warmup path to ensure container is ready to receive requests., DetailsLevel: ERR
2026-03-17T20:28:53.7420353Z Failed to start site. Revert by stopping site.
2026-03-17T20:28:53.7809263Z State: Stopping, Action: StoppingSite, LastError: ContainerTimeout, LastErrorTimestamp: 03/17/2026 20:28:53, LastErrorDetails: Container did not start within expected time limit of 230s. Please inspect your container logs for more details., Details: Pinging warmup path to ensure container is ready to receive requests., DetailsLevel: ERR
2026-03-17T20:28:53.8255627Z State: Stopping, Action: StoppingSiteContainers, LastError: ContainerTimeout, LastErrorTimestamp: 03/17/2026 20:28:53, LastErrorDetails: Container did not start within expected time limit of 230s. Please inspect your container logs for more details., Details: Pinging warmup path to ensure container is ready to receive requests., DetailsLevel: ERR
2026-03-17T20:28:53.8337327Z Container is terminating. Grace period: 5 seconds.
2026-03-17T20:28:54.4048568Z Stop and delete container. Retry count = 0
2026-03-17T20:28:54.4051124Z Stopping container: 320c6f305504_careorbit-api-dev.
2026-03-17T20:29:03.6704238Z Deleting container: 320c6f305504_careorbit-api-dev. Retry count = 0
2026-03-17T20:29:05.6682485Z Container spec TerminationMessagePolicy  path 
2026-03-17T20:29:05.6773924Z Container is terminated. Total time elapsed: 11834 ms.
2026-03-17T20:29:05.6782810Z Site container: careorbit-api-dev terminated during site startup.
2026-03-17T20:29:05.6791971Z State: Stopping, Action: CancellingStartup, LastError: ContainerTimeout, LastErrorTimestamp: 03/17/2026 20:28:53, LastErrorDetails: Container did not start within expected time limit of 230s. Please inspect your container logs for more details., Details: Site container: careorbit-api-dev terminated during site startup. Cancelling site startup., DetailsLevel: ERR
2026-03-17T20:29:05.6891351Z Site: careorbit-api-dev stopped.
2026-03-17T20:29:05.7173310Z State: Stopping, Action: UnmountingVolumes, LastError: ContainerTimeout, LastErrorTimestamp: 03/17/2026 20:28:53, LastErrorDetails: Container did not start within expected time limit of 230s. Please inspect your container logs for more details., Details: Site container: careorbit-api-dev terminated during site startup. Cancelling site startup., DetailsLevel: ERR
2026-03-17T20:29:06.7509061Z State: Stopping, Action: StoppingSiteNetworks, LastError: ContainerTimeout, LastErrorTimestamp: 03/17/2026 20:28:53, LastErrorDetails: Container did not start within expected time limit of 230s. Please inspect your container logs for more details., Details: Site container: careorbit-api-dev terminated during site startup. Cancelling site startup., DetailsLevel: ERR
2026-03-17T20:29:07.6028449Z Site: careorbit-api-dev will be blocked for 2 minutes till 03/17/2026 20:31:07
2026-03-17T20:29:07.6029950Z State: Blocked, Action: StoppingSiteNetworks, LastError: ContainerTimeout, LastErrorTimestamp: 03/17/2026 20:28:53, LastErrorDetails: Container did not start within expected time limit of 230s. Please inspect your container logs for more details., Details: Site: careorbit-api-dev will be blocked for 2 minutes till 03/17/2026 20:31:07, DetailsLevel: WARN
2026-03-17T20:29:07.6032572Z State: Stopped, Action: None, LastError: ContainerTimeout, LastErrorTimestamp: 03/17/2026 20:28:53, LastErrorDetails: Container did not start within expected time limit of 230s. Please inspect your container logs for more details., Details: Site stopped at 03/17/2026 20:29:07 (UTC), DetailsLevel: WARN
2026-03-17T20:29:08.6941360Z State: Stopped, Action: None, LastError: ContainerTimeout, LastErrorTimestamp: 03/17/2026 20:28:53, LastErrorDetails: Container did not start within expected time limit of 230s. Please inspect your container logs for more details., Details: Site stopped at 03/17/2026 20:29:07 (UTC), DetailsLevel: WARN
2026-03-17T20:29:13.9795511Z State: Blocked, Action: None, LastError: ContainerTimeout, LastErrorTimestamp: 03/17/2026 20:28:53, LastErrorDetails: Container did not start within expected time limit of 230s. Please inspect your container logs for more details., Details: Site is blocked due to multiple, consecutive cold start failures. Site scheduled to be unblocked at 03/17/2026 20:31:07, DetailsLevel: WARN
2026-03-17T20:29:13.9795884Z Start site prohibitted because the site is being blocked.
2026-03-17T20:29:19.3547154Z State: Blocked, Action: None, LastError: ContainerTimeout, LastErrorTimestamp: 03/17/2026 20:28:53, LastErrorDetails: Container did not start within expected time limit of 230s. Please inspect your container logs for more details., Details: Site is blocked due to multiple, consecutive cold start failures. Site scheduled to be unblocked at 03/17/2026 20:31:07, DetailsLevel: WARN
2026-03-17T20:29:19.3547776Z Start site prohibitted because the site is being blocked.
2026-03-17T20:29:24.6456629Z State: Blocked, Action: None, LastError: ContainerTimeout, LastErrorTimestamp: 03/17/2026 20:28:53, LastErrorDetails: Container did not start within expected time limit of 230s. Please inspect your container logs for more details., Details: Site is blocked due to multiple, consecutive cold start failures. Site scheduled to be unblocked at 03/17/2026 20:31:07, DetailsLevel: WARN
2026-03-17T20:29:24.6457866Z Start site prohibitted because the site is being blocked.
2026-03-17T20:29:30.1580649Z State: Blocked, Action: None, LastError: ContainerTimeout, LastErrorTimestamp: 03/17/2026 20:28:53, LastErrorDetails: Container did not start within expected time limit of 230s. Please inspect your container logs for more details., Details: Site is blocked due to multiple, consecutive cold start failures. Site scheduled to be unblocked at 03/17/2026 20:31:07, DetailsLevel: WARN
2026-03-17T20:29:30.1581288Z Start site prohibitted because the site is being blocked.
2026-03-17T20:29:35.3511946Z State: Blocked, Action: None, LastError: ContainerTimeout, LastErrorTimestamp: 03/17/2026 20:28:53, LastErrorDetails: Container did not start within expected time limit of 230s. Please inspect your container logs for more details., Details: Site is blocked due to multiple, consecutive cold start failures. Site scheduled to be unblocked at 03/17/2026 20:31:07, DetailsLevel: WARN
2026-03-17T20:29:35.3512524Z Start site prohibitted because the site is being blocked.
2026-03-17T20:29:40.5079455Z State: Blocked, Action: None, LastError: ContainerTimeout, LastErrorTimestamp: 03/17/2026 20:28:53, LastErrorDetails: Container did not start within expected time limit of 230s. Please inspect your container logs for more details., Details: Site is blocked due to multiple, consecutive cold start failures. Site scheduled to be unblocked at 03/17/2026 20:31:07, DetailsLevel: WARN
2026-03-17T20:29:40.5506103Z Start site prohibitted because the site is being blocked.
2026-03-17T20:29:45.9963365Z State: Blocked, Action: None, LastError: ContainerTimeout, LastErrorTimestamp: 03/17/2026 20:28:53, LastErrorDetails: Container did not start within expected time limit of 230s. Please inspect your container logs for more details., Details: Site is blocked due to multiple, consecutive cold start failures. Site scheduled to be unblocked at 03/17/2026 20:31:07, DetailsLevel: WARN
2026-03-17T20:29:45.9963847Z Start site prohibitted because the site is being blocked.
2026-03-17T20:29:51.3807406Z State: Blocked, Action: None, LastError: ContainerTimeout, LastErrorTimestamp: 03/17/2026 20:28:53, LastErrorDetails: Container did not start within expected time limit of 230s. Please inspect your container logs for more details., Details: Site is blocked due to multiple, consecutive cold start failures. Site scheduled to be unblocked at 03/17/2026 20:31:07, DetailsLevel: WARN
2026-03-17T20:29:51.3808028Z Start site prohibitted because the site is being blocked.
2026-03-17T20:29:56.5893957Z State: Blocked, Action: None, LastError: ContainerTimeout, LastErrorTimestamp: 03/17/2026 20:28:53, LastErrorDetails: Container did not start within expected time limit of 230s. Please inspect your container logs for more details., Details: Site is blocked due to multiple, consecutive cold start failures. Site scheduled to be unblocked at 03/17/2026 20:31:07, DetailsLevel: WARN
2026-03-17T20:29:56.5894319Z Start site prohibitted because the site is being blocked.
2026-03-17T20:30:02.9703102Z State: Blocked, Action: None, LastError: ContainerTimeout, LastErrorTimestamp: 03/17/2026 20:28:53, LastErrorDetails: Container did not start within expected time limit of 230s. Please inspect your container logs for more details., Details: Site is blocked due to multiple, consecutive cold start failures. Site scheduled to be unblocked at 03/17/2026 20:31:07, DetailsLevel: WARN
2026-03-17T20:30:02.9703734Z Start site prohibitted because the site is being blocked.
2026-03-17T20:30:08.6246757Z State: Blocked, Action: None, LastError: ContainerTimeout, LastErrorTimestamp: 03/17/2026 20:28:53, LastErrorDetails: Container did not start within expected time limit of 230s. Please inspect your container logs for more details., Details: Site is blocked due to multiple, consecutive cold start failures. Site scheduled to be unblocked at 03/17/2026 20:31:07, DetailsLevel: WARN
2026-03-17T20:30:08.6247385Z Start site prohibitted because the site is being blocked.
2026-03-17T20:30:14.3950770Z State: Blocked, Action: None, LastError: ContainerTimeout, LastErrorTimestamp: 03/17/2026 20:28:53, LastErrorDetails: Container did not start within expected time limit of 230s. Please inspect your container logs for more details., Details: Site is blocked due to multiple, consecutive cold start failures. Site scheduled to be unblocked at 03/17/2026 20:31:07, DetailsLevel: WARN
2026-03-17T20:30:14.3951141Z Start site prohibitted because the site is being blocked.
2026-03-17T20:30:19.6384979Z State: Blocked, Action: None, LastError: ContainerTimeout, LastErrorTimestamp: 03/17/2026 20:28:53, LastErrorDetails: Container did not start within expected time limit of 230s. Please inspect your container logs for more details., Details: Site is blocked due to multiple, consecutive cold start failures. Site scheduled to be unblocked at 03/17/2026 20:31:07, DetailsLevel: WARN
2026-03-17T20:30:19.6385798Z Start site prohibitted because the site is being blocked.
2026-03-17T20:30:25.3171699Z State: Blocked, Action: None, LastError: ContainerTimeout, LastErrorTimestamp: 03/17/2026 20:28:53, LastErrorDetails: Container did not start within expected time limit of 230s. Please inspect your container logs for more details., Details: Site is blocked due to multiple, consecutive cold start failures. Site scheduled to be unblocked at 03/17/2026 20:31:07, DetailsLevel: WARN
2026-03-17T20:30:25.3172389Z Start site prohibitted because the site is being blocked.
2026-03-17T20:30:30.4767233Z State: Blocked, Action: None, LastError: ContainerTimeout, LastErrorTimestamp: 03/17/2026 20:28:53, LastErrorDetails: Container did not start within expected time limit of 230s. Please inspect your container logs for more details., Details: Site is blocked due to multiple, consecutive cold start failures. Site scheduled to be unblocked at 03/17/2026 20:31:07, DetailsLevel: WARN
2026-03-17T20:30:30.4767842Z Start site prohibitted because the site is being blocked.
2026-03-17T20:30:36.1861513Z State: Blocked, Action: None, LastError: ContainerTimeout, LastErrorTimestamp: 03/17/2026 20:28:53, LastErrorDetails: Container did not start within expected time limit of 230s. Please inspect your container logs for more details., Details: Site is blocked due to multiple, consecutive cold start failures. Site scheduled to be unblocked at 03/17/2026 20:31:07, DetailsLevel: WARN
2026-03-17T20:30:36.1862121Z Start site prohibitted because the site is being blocked.
2026-03-17T20:30:41.6097129Z State: Blocked, Action: None, LastError: ContainerTimeout, LastErrorTimestamp: 03/17/2026 20:28:53, LastErrorDetails: Container did not start within expected time limit of 230s. Please inspect your container logs for more details., Details: Site is blocked due to multiple, consecutive cold start failures. Site scheduled to be unblocked at 03/17/2026 20:31:07, DetailsLevel: WARN
2026-03-17T20:30:41.6098834Z Start site prohibitted because the site is being blocked.
2026-03-17T20:30:47.2509079Z State: Blocked, Action: None, LastError: ContainerTimeout, LastErrorTimestamp: 03/17/2026 20:28:53, LastErrorDetails: Container did not start within expected time limit of 230s. Please inspect your container logs for more details., Details: Site is blocked due to multiple, consecutive cold start failures. Site scheduled to be unblocked at 03/17/2026 20:31:07, DetailsLevel: WARN
2026-03-17T20:30:47.2509591Z Start site prohibitted because the site is being blocked.
2026-03-17T20:30:52.9799599Z State: Blocked, Action: None, LastError: ContainerTimeout, LastErrorTimestamp: 03/17/2026 20:28:53, LastErrorDetails: Container did not start within expected time limit of 230s. Please inspect your container logs for more details., Details: Site is blocked due to multiple, consecutive cold start failures. Site scheduled to be unblocked at 03/17/2026 20:31:07, DetailsLevel: WARN
2026-03-17T20:30:52.9800402Z Start site prohibitted because the site is being blocked.
2026-03-17T20:30:58.6097737Z State: Blocked, Action: None, LastError: ContainerTimeout, LastErrorTimestamp: 03/17/2026 20:28:53, LastErrorDetails: Container did not start within expected time limit of 230s. Please inspect your container logs for more details., Details: Site is blocked due to multiple, consecutive cold start failures. Site scheduled to be unblocked at 03/17/2026 20:31:07, DetailsLevel: WARN
2026-03-17T20:30:58.6194499Z Start site prohibitted because the site is being blocked.
2026-03-17T20:31:03.9904734Z State: Blocked, Action: None, LastError: ContainerTimeout, LastErrorTimestamp: 03/17/2026 20:28:53, LastErrorDetails: Container did not start within expected time limit of 230s. Please inspect your container logs for more details., Details: Site is blocked due to multiple, consecutive cold start failures. Site scheduled to be unblocked at 03/17/2026 20:31:07, DetailsLevel: WARN
2026-03-17T20:31:03.9905376Z Start site prohibitted because the site is being blocked.
2026-03-17T20:31:07.6344613Z Site: careorbit-api-dev is unblocked.
2026-03-17T20:31:09.2728361Z State: Starting, Action: EstablishingSiteNetworks, LastError: ContainerTimeout, LastErrorTimestamp: 03/17/2026 20:28:53, LastErrorDetails: Container did not start within expected time limit of 230s. Please inspect your container logs for more details., Details: Site is blocked due to multiple, consecutive cold start failures. Site scheduled to be unblocked at 03/17/2026 20:31:07, DetailsLevel: WARN
2026-03-17T20:31:15.2719617Z State: Starting, Action: StartingSiteContainers, LastError: ContainerTimeout, LastErrorTimestamp: 03/17/2026 20:28:53, LastErrorDetails: Container did not start within expected time limit of 230s. Please inspect your container logs for more details., Details: Site is blocked due to multiple, consecutive cold start failures. Site scheduled to be unblocked at 03/17/2026 20:31:07, DetailsLevel: WARN
2026-03-17T20:31:15.2726341Z Container start method called.
2026-03-17T20:31:15.2732249Z State: Starting, Action: PullingImage, LastError: ContainerTimeout, LastErrorTimestamp: 03/17/2026 20:28:53, LastErrorDetails: Container did not start within expected time limit of 230s. Please inspect your container logs for more details., Details: Pulling image 10.1.0.5:13209/appsvc/python:3.12_20260203.2.tuxprod for careorbit-api-dev., DetailsLevel: INFO
2026-03-17T20:31:15.2912308Z Establishing network.
2026-03-17T20:31:15.2915594Z Pulling image: appsvc/python:3.12_20260203.2.tuxprod.
2026-03-17T20:31:55.6384758Z Container is starting.
2026-03-17T20:31:55.6840746Z State: Starting, Action: MountingVolumes, LastError: ContainerTimeout, LastErrorTimestamp: 03/17/2026 20:28:53, LastErrorDetails: Container did not start within expected time limit of 230s. Please inspect your container logs for more details., Details: Mounting volumes for careorbit-api-dev., DetailsLevel: INFO
2026-03-17T20:31:55.6851470Z Establishing user namespace if not established already.
2026-03-17T20:31:55.6854872Z Establishing network if not established already.
2026-03-17T20:31:55.6858954Z Mounting volumes.
2026-03-17T20:31:55.7328444Z Nested mountpoint 
2026-03-17T20:31:55.9744723Z Nested mountpoint volatile/logs
2026-03-17T20:31:55.9951374Z Nested mountpoint 
2026-03-17T20:31:56.1546206Z Nested mountpoint 
2026-03-17T20:31:56.2858951Z Nested mountpoint 
2026-03-17T20:31:57.9597719Z State: Starting, Action: CreatingContainer, LastError: ContainerTimeout, LastErrorTimestamp: 03/17/2026 20:28:53, LastErrorDetails: Container did not start within expected time limit of 230s. Please inspect your container logs for more details., Details: Finished pulling container image and mounting volumes for careorbit-api-dev. Allocatinng the rest of the container resources to finish container creation., DetailsLevel: INFO
2026-03-17T20:31:57.9600711Z Creating container.
2026-03-17T20:31:57.9697501Z Creating pipes for streaming container io.
2026-03-17T20:31:57.9699320Z Creating stdout named pipe at /podr/container/pipe/cb0f4a202afc_careorbit-api-dev/stdout_811aff70009d44cca0c2d20532f6c469.
2026-03-17T20:31:57.9702648Z Successfully created stdout named pipe at: /podr/container/pipe/cb0f4a202afc_careorbit-api-dev/stdout_811aff70009d44cca0c2d20532f6c469.
2026-03-17T20:31:57.9703867Z Opening named pipe /podr/container/pipe/cb0f4a202afc_careorbit-api-dev/stdout_811aff70009d44cca0c2d20532f6c469 for reading in non-blocking mode.
2026-03-17T20:31:57.9705152Z Successfully opened named pipe: /podr/container/pipe/cb0f4a202afc_careorbit-api-dev/stdout_811aff70009d44cca0c2d20532f6c469.
2026-03-17T20:31:57.9706343Z Successfully removed non-blocking flag from /podr/container/pipe/cb0f4a202afc_careorbit-api-dev/stdout_811aff70009d44cca0c2d20532f6c469.
2026-03-17T20:31:57.9709328Z Creating stderr named pipe at /podr/container/pipe/cb0f4a202afc_careorbit-api-dev/stderr_639d1ff2e1394674a18be3b571841c87.
2026-03-17T20:31:58.0203196Z Successfully created stderr named pipe at: /podr/container/pipe/cb0f4a202afc_careorbit-api-dev/stderr_639d1ff2e1394674a18be3b571841c87.
2026-03-17T20:31:58.0204822Z Opening named pipe /podr/container/pipe/cb0f4a202afc_careorbit-api-dev/stderr_639d1ff2e1394674a18be3b571841c87 for reading in non-blocking mode.
2026-03-17T20:31:58.0206062Z Successfully opened named pipe: /podr/container/pipe/cb0f4a202afc_careorbit-api-dev/stderr_639d1ff2e1394674a18be3b571841c87.
2026-03-17T20:31:58.0206781Z Successfully removed non-blocking flag from /podr/container/pipe/cb0f4a202afc_careorbit-api-dev/stderr_639d1ff2e1394674a18be3b571841c87.
2026-03-17T20:31:58.0207952Z Creating container with image: appsvc/python:3.12_20260203.2.tuxprod from registry: 10.1.0.5:13209 and fully qualified image name: 10.1.0.5:13209/appsvc/python:3.12_20260203.2.tuxprod
2026-03-17T20:32:01.6064152Z Starting container: cb0f4a202afc_careorbit-api-dev.
2026-03-17T20:32:02.1949372Z Starting watchers and probes.
2026-03-17T20:32:02.7409653Z Starting metrics collection.
2026-03-17T20:32:02.7491411Z Container is running.
2026-03-17T20:32:02.7492304Z State: Starting, Action: CreatingContainer, LastError: ContainerTimeout, LastErrorTimestamp: 03/17/2026 20:28:53, LastErrorDetails: Container did not start within expected time limit of 230s. Please inspect your container logs for more details., Details: Container careorbit-api-dev successfully created and is running., DetailsLevel: INFO
2026-03-17T20:32:03.5903355Z Container start method finished after 48243 ms.
2026-03-17T20:32:03.6020322Z State: Starting, Action: InitiatingSiteWarmUpProbe, LastError: ContainerTimeout, LastErrorTimestamp: 03/17/2026 20:28:53, LastErrorDetails: Container did not start within expected time limit of 230s. Please inspect your container logs for more details., Details: Container careorbit-api-dev successfully created and is running., DetailsLevel: INFO
2026-03-17T20:32:03.6021274Z State: Starting, Action: WaitingForSiteWarmUpProbeSuccess, LastError: ContainerTimeout, LastErrorTimestamp: 03/17/2026 20:28:53, LastErrorDetails: Container did not start within expected time limit of 230s. Please inspect your container logs for more details., Details: Pinging warmup path to ensure container is ready to receive requests., DetailsLevel: INFO
2026-03-17T20:35:54.7482430Z Site startup probe failed after 231.0934738 seconds.
2026-03-17T20:35:55.2074895Z State: Starting, Action: WaitingForSiteWarmUpProbeSuccess, LastError: ContainerTimeout, LastErrorTimestamp: 03/17/2026 20:35:55, LastErrorDetails: Container did not start within expected time limit of 230s. Please inspect your container logs for more details., Details: Pinging warmup path to ensure container is ready to receive requests., DetailsLevel: ERR
2026-03-17T20:35:55.2467452Z Failed to start site. Revert by stopping site.
2026-03-17T20:35:55.2469503Z State: Stopping, Action: StoppingSite, LastError: ContainerTimeout, LastErrorTimestamp: 03/17/2026 20:35:55, LastErrorDetails: Container did not start within expected time limit of 230s. Please inspect your container logs for more details., Details: Pinging warmup path to ensure container is ready to receive requests., DetailsLevel: ERR
2026-03-17T20:35:55.2473076Z State: Stopping, Action: StoppingSiteContainers, LastError: ContainerTimeout, LastErrorTimestamp: 03/17/2026 20:35:55, LastErrorDetails: Container did not start within expected time limit of 230s. Please inspect your container logs for more details., Details: Pinging warmup path to ensure container is ready to receive requests., DetailsLevel: ERR
2026-03-17T20:35:55.2474488Z Container is terminating. Grace period: 5 seconds.
2026-03-17T20:35:55.3074587Z Stop and delete container. Retry count = 0
2026-03-17T20:35:55.3354632Z Stopping container: cb0f4a202afc_careorbit-api-dev.
2026-03-17T20:35:57.2258696Z Deleting container: cb0f4a202afc_careorbit-api-dev. Retry count = 0
2026-03-17T20:35:58.0073942Z Container spec TerminationMessagePolicy  path 
2026-03-17T20:35:58.0155067Z Container is terminated. Total time elapsed: 2767 ms.
2026-03-17T20:35:58.0156188Z Site container: careorbit-api-dev terminated during site startup.
2026-03-17T20:35:58.0166265Z State: Stopping, Action: CancellingStartup, LastError: ContainerTimeout, LastErrorTimestamp: 03/17/2026 20:35:55, LastErrorDetails: Container did not start within expected time limit of 230s. Please inspect your container logs for more details., Details: Site container: careorbit-api-dev terminated during site startup. Cancelling site startup., DetailsLevel: ERR
2026-03-17T20:35:58.0169061Z Site: careorbit-api-dev stopped.
2026-03-17T20:36:26.9848418Z State: Starting, Action: EstablishingSiteNetworks, LastError: ContainerTimeout, LastErrorTimestamp: 03/17/2026 20:35:55, LastErrorDetails: Container did not start within expected time limit of 230s. Please inspect your container logs for more details., Details: Site stopped at 03/17/2026 20:36:00 (UTC), DetailsLevel: WARN
2026-03-17T20:36:32.7921116Z State: Starting, Action: StartingSiteContainers, LastError: ContainerTimeout, LastErrorTimestamp: 03/17/2026 20:35:55, LastErrorDetails: Container did not start within expected time limit of 230s. Please inspect your container logs for more details., Details: Site stopped at 03/17/2026 20:36:00 (UTC), DetailsLevel: WARN
2026-03-17T20:36:32.8665471Z Container start method called.
2026-03-17T20:36:32.8671429Z State: Starting, Action: PullingImage, LastError: ContainerTimeout, LastErrorTimestamp: 03/17/2026 20:35:55, LastErrorDetails: Container did not start within expected time limit of 230s. Please inspect your container logs for more details., Details: Pulling image 10.1.0.5:13209/appsvc/python:3.12_20260203.2.tuxprod for careorbit-api-dev., DetailsLevel: INFO
2026-03-17T20:36:32.8681466Z Establishing network.
2026-03-17T20:36:32.8686235Z Pulling image: appsvc/python:3.12_20260203.2.tuxprod.
2026-03-17T20:36:34.4467866Z Container is starting.
2026-03-17T20:36:34.4481479Z State: Starting, Action: MountingVolumes, LastError: ContainerTimeout, LastErrorTimestamp: 03/17/2026 20:35:55, LastErrorDetails: Container did not start within expected time limit of 230s. Please inspect your container logs for more details., Details: Mounting volumes for careorbit-api-dev., DetailsLevel: INFO
2026-03-17T20:36:34.4670608Z Establishing user namespace if not established already.
2026-03-17T20:36:34.4672464Z Establishing network if not established already.
2026-03-17T20:36:34.4675336Z Mounting volumes.
2026-03-17T20:36:34.4768027Z Nested mountpoint 
2026-03-17T20:36:34.6372587Z Nested mountpoint volatile/logs
2026-03-17T20:36:34.9450104Z Nested mountpoint 
2026-03-17T20:36:34.9458510Z Nested mountpoint 
2026-03-17T20:36:34.9850901Z Nested mountpoint 
2026-03-17T20:36:36.1840038Z State: Starting, Action: CreatingContainer, LastError: ContainerTimeout, LastErrorTimestamp: 03/17/2026 20:35:55, LastErrorDetails: Container did not start within expected time limit of 230s. Please inspect your container logs for more details., Details: Finished pulling container image and mounting volumes for careorbit-api-dev. Allocatinng the rest of the container resources to finish container creation., DetailsLevel: INFO
2026-03-17T20:36:36.3018941Z Creating container.
2026-03-17T20:36:36.3027967Z Creating pipes for streaming container io.
2026-03-17T20:36:36.3033742Z Creating stdout named pipe at /podr/container/pipe/643b3accfd56_careorbit-api-dev/stdout_d467e8978c954c7c9e0dd272764818ca.
2026-03-17T20:36:36.3133280Z Successfully created stdout named pipe at: /podr/container/pipe/643b3accfd56_careorbit-api-dev/stdout_d467e8978c954c7c9e0dd272764818ca.
2026-03-17T20:36:36.3411340Z Opening named pipe /podr/container/pipe/643b3accfd56_careorbit-api-dev/stdout_d467e8978c954c7c9e0dd272764818ca for reading in non-blocking mode.
2026-03-17T20:36:36.3413410Z Successfully opened named pipe: /podr/container/pipe/643b3accfd56_careorbit-api-dev/stdout_d467e8978c954c7c9e0dd272764818ca.
2026-03-17T20:36:36.3420194Z Successfully removed non-blocking flag from /podr/container/pipe/643b3accfd56_careorbit-api-dev/stdout_d467e8978c954c7c9e0dd272764818ca.
2026-03-17T20:36:36.3421648Z Creating stderr named pipe at /podr/container/pipe/643b3accfd56_careorbit-api-dev/stderr_d36d1429afc543f9b9fc1eb03a418346.
2026-03-17T20:36:36.3424612Z Successfully created stderr named pipe at: /podr/container/pipe/643b3accfd56_careorbit-api-dev/stderr_d36d1429afc543f9b9fc1eb03a418346.
2026-03-17T20:36:36.3426254Z Opening named pipe /podr/container/pipe/643b3accfd56_careorbit-api-dev/stderr_d36d1429afc543f9b9fc1eb03a418346 for reading in non-blocking mode.
2026-03-17T20:36:36.3427358Z Successfully opened named pipe: /podr/container/pipe/643b3accfd56_careorbit-api-dev/stderr_d36d1429afc543f9b9fc1eb03a418346.
2026-03-17T20:36:36.3428143Z Successfully removed non-blocking flag from /podr/container/pipe/643b3accfd56_careorbit-api-dev/stderr_d36d1429afc543f9b9fc1eb03a418346.
2026-03-17T20:36:36.3438910Z Creating container with image: appsvc/python:3.12_20260203.2.tuxprod from registry: 10.1.0.5:13209 and fully qualified image name: 10.1.0.5:13209/appsvc/python:3.12_20260203.2.tuxprod
2026-03-17T20:36:39.9672093Z Starting container: 643b3accfd56_careorbit-api-dev.
2026-03-17T20:36:40.1951661Z Starting watchers and probes.
2026-03-17T20:36:40.2029496Z Starting metrics collection.
2026-03-17T20:36:40.2034869Z Container is running.
2026-03-17T20:36:40.2041330Z State: Starting, Action: CreatingContainer, LastError: ContainerTimeout, LastErrorTimestamp: 03/17/2026 20:35:55, LastErrorDetails: Container did not start within expected time limit of 230s. Please inspect your container logs for more details., Details: Container careorbit-api-dev successfully created and is running., DetailsLevel: INFO
2026-03-17T20:36:40.4842862Z Container start method finished after 7617 ms.
2026-03-17T20:36:40.6310875Z State: Starting, Action: InitiatingSiteWarmUpProbe, LastError: ContainerTimeout, LastErrorTimestamp: 03/17/2026 20:35:55, LastErrorDetails: Container did not start within expected time limit of 230s. Please inspect your container logs for more details., Details: Container careorbit-api-dev successfully created and is running., DetailsLevel: INFO
2026-03-17T20:36:40.6319069Z State: Starting, Action: WaitingForSiteWarmUpProbeSuccess, LastError: ContainerTimeout, LastErrorTimestamp: 03/17/2026 20:35:55, LastErrorDetails: Container did not start within expected time limit of 230s. Please inspect your container logs for more details., Details: Pinging warmup path to ensure container is ready to receive requests., DetailsLevel: INFO
2026-03-17T20:40:30.7475920Z Site startup probe failed after 230.066016 seconds.
2026-03-17T20:40:31.1614176Z State: Starting, Action: WaitingForSiteWarmUpProbeSuccess, LastError: ContainerTimeout, LastErrorTimestamp: 03/17/2026 20:40:31, LastErrorDetails: Container did not start within expected time limit of 230s. Please inspect your container logs for more details., Details: Pinging warmup path to ensure container is ready to receive requests., DetailsLevel: ERR
2026-03-17T20:40:31.1720073Z Failed to start site. Revert by stopping site.
2026-03-17T20:40:31.1729403Z State: Stopping, Action: StoppingSite, LastError: ContainerTimeout, LastErrorTimestamp: 03/17/2026 20:40:31, LastErrorDetails: Container did not start within expected time limit of 230s. Please inspect your container logs for more details., Details: Pinging warmup path to ensure container is ready to receive requests., DetailsLevel: ERR
2026-03-17T20:40:31.1948017Z State: Stopping, Action: StoppingSiteContainers, LastError: ContainerTimeout, LastErrorTimestamp: 03/17/2026 20:40:31, LastErrorDetails: Container did not start within expected time limit of 230s. Please inspect your container logs for more details., Details: Pinging warmup path to ensure container is ready to receive requests., DetailsLevel: ERR
2026-03-17T20:40:31.2036238Z Container is terminating. Grace period: 5 seconds.
2026-03-17T20:40:31.2671808Z Stop and delete container. Retry count = 0
2026-03-17T20:40:31.2819944Z Stopping container: 643b3accfd56_careorbit-api-dev.
2026-03-17T20:40:36.8847675Z Deleting container: 643b3accfd56_careorbit-api-dev. Retry count = 0
2026-03-17T20:40:40.8297930Z Container spec TerminationMessagePolicy  path 
2026-03-17T20:40:40.8515792Z Container is terminated. Total time elapsed: 9647 ms.
2026-03-17T20:40:40.8597797Z Site container: careorbit-api-dev terminated during site startup.
2026-03-17T20:40:40.8615604Z State: Stopping, Action: CancellingStartup, LastError: ContainerTimeout, LastErrorTimestamp: 03/17/2026 20:40:31, LastErrorDetails: Container did not start within expected time limit of 230s. Please inspect your container logs for more details., Details: Site container: careorbit-api-dev terminated during site startup. Cancelling site startup., DetailsLevel: ERR
2026-03-17T20:40:40.9113088Z Site: careorbit-api-dev stopped.
2026-03-17T20:40:40.9319855Z State: Stopping, Action: UnmountingVolumes, LastError: ContainerTimeout, LastErrorTimestamp: 03/17/2026 20:40:31, LastErrorDetails: Container did not start within expected time limit of 230s. Please inspect your container logs for more details., Details: Site container: careorbit-api-dev terminated during site startup. Cancelling site startup., DetailsLevel: ERR
2026-03-17T20:40:42.2215872Z State: Stopping, Action: StoppingSiteNetworks, LastError: ContainerTimeout, LastErrorTimestamp: 03/17/2026 20:40:31, LastErrorDetails: Container did not start within expected time limit of 230s. Please inspect your container logs for more details., Details: Site container: careorbit-api-dev terminated during site startup. Cancelling site startup., DetailsLevel: ERR
2026-03-17T20:40:43.7044244Z State: Stopped, Action: None, LastError: ContainerTimeout, LastErrorTimestamp: 03/17/2026 20:40:31, LastErrorDetails: Container did not start within expected time limit of 230s. Please inspect your container logs for more details., Details: Site stopped at 03/17/2026 20:40:43 (UTC), DetailsLevel: ERR
2026-03-17T20:40:44.3565771Z State: Stopped, Action: None, LastError: ContainerTimeout, LastErrorTimestamp: 03/17/2026 20:40:31, LastErrorDetails: Container did not start within expected time limit of 230s. Please inspect your container logs for more details., Details: Site stopped at 03/17/2026 20:40:43 (UTC), DetailsLevel: ERR
2026-03-17T20:40:49.7454183Z State: Starting, Action: EstablishingSiteNetworks, LastError: ContainerTimeout, LastErrorTimestamp: 03/17/2026 20:40:31, LastErrorDetails: Container did not start within expected time limit of 230s. Please inspect your container logs for more details., Details: Site stopped at 03/17/2026 20:40:43 (UTC), DetailsLevel: ERR
2026-03-17T20:40:57.8657203Z State: Starting, Action: StartingSiteContainers, LastError: ContainerTimeout, LastErrorTimestamp: 03/17/2026 20:40:31, LastErrorDetails: Container did not start within expected time limit of 230s. Please inspect your container logs for more details., Details: Site stopped at 03/17/2026 20:40:43 (UTC), DetailsLevel: ERR
2026-03-17T20:40:57.8658149Z Container start method called.
2026-03-17T20:40:57.8658484Z State: Starting, Action: PullingImage, LastError: ContainerTimeout, LastErrorTimestamp: 03/17/2026 20:40:31, LastErrorDetails: Container did not start within expected time limit of 230s. Please inspect your container logs for more details., Details: Pulling image 10.1.0.5:13209/appsvc/python:3.12_20260203.2.tuxprod for careorbit-api-dev., DetailsLevel: INFO
2026-03-17T20:40:57.8659160Z Establishing network.
2026-03-17T20:40:57.8659974Z Pulling image: appsvc/python:3.12_20260203.2.tuxprod.
2026-03-17T20:40:59.1786884Z Container is starting.
2026-03-17T20:40:59.1787900Z State: Starting, Action: MountingVolumes, LastError: ContainerTimeout, LastErrorTimestamp: 03/17/2026 20:40:31, LastErrorDetails: Container did not start within expected time limit of 230s. Please inspect your container logs for more details., Details: Mounting volumes for careorbit-api-dev., DetailsLevel: INFO
2026-03-17T20:40:59.1788732Z Establishing user namespace if not established already.
2026-03-17T20:40:59.1789465Z Establishing network if not established already.
2026-03-17T20:40:59.1790455Z Mounting volumes.
2026-03-17T20:40:59.1791599Z Nested mountpoint 
2026-03-17T20:40:59.7607919Z Nested mountpoint volatile/logs
2026-03-17T20:41:00.9060341Z Nested mountpoint 
2026-03-17T20:41:01.1268873Z Nested mountpoint 
2026-03-17T20:41:01.9018326Z Nested mountpoint 
2026-03-17T20:41:04.1698774Z State: Starting, Action: CreatingContainer, LastError: ContainerTimeout, LastErrorTimestamp: 03/17/2026 20:40:31, LastErrorDetails: Container did not start within expected time limit of 230s. Please inspect your container logs for more details., Details: Finished pulling container image and mounting volumes for careorbit-api-dev. Allocatinng the rest of the container resources to finish container creation., DetailsLevel: INFO
2026-03-17T20:41:04.1702663Z Creating container.
2026-03-17T20:41:04.1797865Z Creating pipes for streaming container io.
2026-03-17T20:41:04.1810429Z Creating stdout named pipe at /podr/container/pipe/ec0caf337347_careorbit-api-dev/stdout_937db8f3587a4f6eb94703720bafda35.
2026-03-17T20:41:04.1812741Z Successfully created stdout named pipe at: /podr/container/pipe/ec0caf337347_careorbit-api-dev/stdout_937db8f3587a4f6eb94703720bafda35.
2026-03-17T20:41:04.1813565Z Opening named pipe /podr/container/pipe/ec0caf337347_careorbit-api-dev/stdout_937db8f3587a4f6eb94703720bafda35 for reading in non-blocking mode.
2026-03-17T20:41:04.1814500Z Successfully opened named pipe: /podr/container/pipe/ec0caf337347_careorbit-api-dev/stdout_937db8f3587a4f6eb94703720bafda35.
2026-03-17T20:41:04.2342214Z Successfully removed non-blocking flag from /podr/container/pipe/ec0caf337347_careorbit-api-dev/stdout_937db8f3587a4f6eb94703720bafda35.
2026-03-17T20:41:04.2848653Z Creating stderr named pipe at /podr/container/pipe/ec0caf337347_careorbit-api-dev/stderr_f624806d33594e18bf6767ee82ad873f.
2026-03-17T20:41:04.2930087Z Successfully created stderr named pipe at: /podr/container/pipe/ec0caf337347_careorbit-api-dev/stderr_f624806d33594e18bf6767ee82ad873f.
2026-03-17T20:41:04.2937835Z Opening named pipe /podr/container/pipe/ec0caf337347_careorbit-api-dev/stderr_f624806d33594e18bf6767ee82ad873f for reading in non-blocking mode.
2026-03-17T20:41:04.2941990Z Successfully opened named pipe: /podr/container/pipe/ec0caf337347_careorbit-api-dev/stderr_f624806d33594e18bf6767ee82ad873f.
2026-03-17T20:41:04.3076514Z Successfully removed non-blocking flag from /podr/container/pipe/ec0caf337347_careorbit-api-dev/stderr_f624806d33594e18bf6767ee82ad873f.
2026-03-17T20:41:04.3220896Z Creating container with image: appsvc/python:3.12_20260203.2.tuxprod from registry: 10.1.0.5:13209 and fully qualified image name: 10.1.0.5:13209/appsvc/python:3.12_20260203.2.tuxprod
2026-03-17T20:41:09.3983949Z Starting container: ec0caf337347_careorbit-api-dev.
2026-03-17T20:41:10.0314802Z Starting watchers and probes.
2026-03-17T20:41:10.0336882Z Starting metrics collection.
2026-03-17T20:41:10.0618167Z Container is running.
2026-03-17T20:41:10.0619766Z State: Starting, Action: CreatingContainer, LastError: ContainerTimeout, LastErrorTimestamp: 03/17/2026 20:40:31, LastErrorDetails: Container did not start within expected time limit of 230s. Please inspect your container logs for more details., Details: Container careorbit-api-dev successfully created and is running., DetailsLevel: INFO
2026-03-17T20:41:10.2524727Z Container start method finished after 12386 ms.
2026-03-17T20:41:10.2536391Z State: Starting, Action: InitiatingSiteWarmUpProbe, LastError: ContainerTimeout, LastErrorTimestamp: 03/17/2026 20:40:31, LastErrorDetails: Container did not start within expected time limit of 230s. Please inspect your container logs for more details., Details: Container careorbit-api-dev successfully created and is running., DetailsLevel: INFO
2026-03-17T20:41:10.2536956Z State: Starting, Action: WaitingForSiteWarmUpProbeSuccess, LastError: ContainerTimeout, LastErrorTimestamp: 03/17/2026 20:40:31, LastErrorDetails: Container did not start within expected time limit of 230s. Please inspect your container logs for more details., Details: Pinging warmup path to ensure container is ready to receive requests., DetailsLevel: INFO
2026-03-17T20:45:00.4674360Z Site startup probe failed after 230.2129786 seconds.
2026-03-17T20:45:01.1107285Z State: Starting, Action: WaitingForSiteWarmUpProbeSuccess, LastError: ContainerTimeout, LastErrorTimestamp: 03/17/2026 20:45:01, LastErrorDetails: Container did not start within expected time limit of 230s. Please inspect your container logs for more details., Details: Pinging warmup path to ensure container is ready to receive requests., DetailsLevel: ERR
2026-03-17T20:45:01.1562658Z Failed to start site. Revert by stopping site.
2026-03-17T20:45:01.1588171Z State: Stopping, Action: StoppingSite, LastError: ContainerTimeout, LastErrorTimestamp: 03/17/2026 20:45:01, LastErrorDetails: Container did not start within expected time limit of 230s. Please inspect your container logs for more details., Details: Pinging warmup path to ensure container is ready to receive requests., DetailsLevel: ERR
2026-03-17T20:45:01.2268756Z State: Stopping, Action: StoppingSiteContainers, LastError: ContainerTimeout, LastErrorTimestamp: 03/17/2026 20:45:01, LastErrorDetails: Container did not start within expected time limit of 230s. Please inspect your container logs for more details., Details: Pinging warmup path to ensure container is ready to receive requests., DetailsLevel: ERR
2026-03-17T20:45:01.2793304Z Container is terminating. Grace period: 5 seconds.
2026-03-17T20:45:02.0055691Z Stop and delete container. Retry count = 0
2026-03-17T20:45:02.0057008Z Stopping container: ec0caf337347_careorbit-api-dev.
2026-03-17T20:45:07.0024966Z Deleting container: ec0caf337347_careorbit-api-dev. Retry count = 0
2026-03-17T20:45:10.5884893Z Container spec TerminationMessagePolicy  path 
2026-03-17T20:45:10.5985121Z Container is terminated. Total time elapsed: 9318 ms.
2026-03-17T20:45:10.6084584Z Site container: careorbit-api-dev terminated during site startup.
2026-03-17T20:45:10.6092743Z State: Stopping, Action: CancellingStartup, LastError: ContainerTimeout, LastErrorTimestamp: 03/17/2026 20:45:01, LastErrorDetails: Container did not start within expected time limit of 230s. Please inspect your container logs for more details., Details: Site container: careorbit-api-dev terminated during site startup. Cancelling site startup., DetailsLevel: ERR
2026-03-17T20:45:10.6567856Z Site: careorbit-api-dev stopped.
2026-03-17T20:45:10.8318030Z State: Stopping, Action: UnmountingVolumes, LastError: ContainerTimeout, LastErrorTimestamp: 03/17/2026 20:45:01, LastErrorDetails: Container did not start within expected time limit of 230s. Please inspect your container logs for more details., Details: Site container: careorbit-api-dev terminated during site startup. Cancelling site startup., DetailsLevel: ERR
2026-03-17T20:45:13.3290281Z State: Stopping, Action: StoppingSiteNetworks, LastError: ContainerTimeout, LastErrorTimestamp: 03/17/2026 20:45:01, LastErrorDetails: Container did not start within expected time limit of 230s. Please inspect your container logs for more details., Details: Site container: careorbit-api-dev terminated during site startup. Cancelling site startup., DetailsLevel: ERR
2026-03-17T20:45:14.2259001Z Site: careorbit-api-dev will be blocked for 1 minutes till 03/17/2026 20:46:14
2026-03-17T20:45:14.2262701Z State: Blocked, Action: StoppingSiteNetworks, LastError: ContainerTimeout, LastErrorTimestamp: 03/17/2026 20:45:01, LastErrorDetails: Container did not start within expected time limit of 230s. Please inspect your container logs for more details., Details: Site: careorbit-api-dev will be blocked for 1 minutes till 03/17/2026 20:46:14, DetailsLevel: WARN
2026-03-17T20:45:14.3354768Z State: Stopped, Action: None, LastError: ContainerTimeout, LastErrorTimestamp: 03/17/2026 20:45:01, LastErrorDetails: Container did not start within expected time limit of 230s. Please inspect your container logs for more details., Details: Site stopped at 03/17/2026 20:45:14 (UTC), DetailsLevel: WARN
2026-03-17T20:45:15.3713214Z State: Stopped, Action: None, LastError: ContainerTimeout, LastErrorTimestamp: 03/17/2026 20:45:01, LastErrorDetails: Container did not start within expected time limit of 230s. Please inspect your container logs for more details., Details: Site stopped at 03/17/2026 20:45:14 (UTC), DetailsLevel: WARN
2026-03-17T20:45:19.9936393Z State: Blocked, Action: None, LastError: ContainerTimeout, LastErrorTimestamp: 03/17/2026 20:45:01, LastErrorDetails: Container did not start within expected time limit of 230s. Please inspect your container logs for more details., Details: Site is blocked due to multiple, consecutive cold start failures. Site scheduled to be unblocked at 03/17/2026 20:46:14, DetailsLevel: WARN
2026-03-17T20:45:19.9937013Z Start site prohibitted because the site is being blocked.
2026-03-17T20:45:25.2819362Z State: Blocked, Action: None, LastError: ContainerTimeout, LastErrorTimestamp: 03/17/2026 20:45:01, LastErrorDetails: Container did not start within expected time limit of 230s. Please inspect your container logs for more details., Details: Site is blocked due to multiple, consecutive cold start failures. Site scheduled to be unblocked at 03/17/2026 20:46:14, DetailsLevel: WARN
2026-03-17T20:45:25.2819731Z Start site prohibitted because the site is being blocked.
2026-03-17T20:45:30.5730942Z State: Blocked, Action: None, LastError: ContainerTimeout, LastErrorTimestamp: 03/17/2026 20:45:01, LastErrorDetails: Container did not start within expected time limit of 230s. Please inspect your container logs for more details., Details: Site is blocked due to multiple, consecutive cold start failures. Site scheduled to be unblocked at 03/17/2026 20:46:14, DetailsLevel: WARN
2026-03-17T20:45:30.5731259Z Start site prohibitted because the site is being blocked.
2026-03-17T20:45:36.0437040Z State: Blocked, Action: None, LastError: ContainerTimeout, LastErrorTimestamp: 03/17/2026 20:45:01, LastErrorDetails: Container did not start within expected time limit of 230s. Please inspect your container logs for more details., Details: Site is blocked due to multiple, consecutive cold start failures. Site scheduled to be unblocked at 03/17/2026 20:46:14, DetailsLevel: WARN
2026-03-17T20:45:36.0437636Z Start site prohibitted because the site is being blocked.
2026-03-17T20:45:41.3194490Z State: Blocked, Action: None, LastError: ContainerTimeout, LastErrorTimestamp: 03/17/2026 20:45:01, LastErrorDetails: Container did not start within expected time limit of 230s. Please inspect your container logs for more details., Details: Site is blocked due to multiple, consecutive cold start failures. Site scheduled to be unblocked at 03/17/2026 20:46:14, DetailsLevel: WARN
2026-03-17T20:45:41.3194813Z Start site prohibitted because the site is being blocked.
2026-03-17T20:45:46.7201947Z State: Blocked, Action: None, LastError: ContainerTimeout, LastErrorTimestamp: 03/17/2026 20:45:01, LastErrorDetails: Container did not start within expected time limit of 230s. Please inspect your container logs for more details., Details: Site is blocked due to multiple, consecutive cold start failures. Site scheduled to be unblocked at 03/17/2026 20:46:14, DetailsLevel: WARN
2026-03-17T20:45:46.7202331Z Start site prohibitted because the site is being blocked.
2026-03-17T20:45:51.9783196Z State: Blocked, Action: None, LastError: ContainerTimeout, LastErrorTimestamp: 03/17/2026 20:45:01, LastErrorDetails: Container did not start within expected time limit of 230s. Please inspect your container logs for more details., Details: Site is blocked due to multiple, consecutive cold start failures. Site scheduled to be unblocked at 03/17/2026 20:46:14, DetailsLevel: WARN
2026-03-17T20:45:51.9783861Z Start site prohibitted because the site is being blocked.
2026-03-17T20:45:57.1836245Z State: Blocked, Action: None, LastError: ContainerTimeout, LastErrorTimestamp: 03/17/2026 20:45:01, LastErrorDetails: Container did not start within expected time limit of 230s. Please inspect your container logs for more details., Details: Site is blocked due to multiple, consecutive cold start failures. Site scheduled to be unblocked at 03/17/2026 20:46:14, DetailsLevel: WARN
2026-03-17T20:45:57.1836896Z Start site prohibitted because the site is being blocked.
2026-03-17T20:46:02.3434411Z State: Blocked, Action: None, LastError: ContainerTimeout, LastErrorTimestamp: 03/17/2026 20:45:01, LastErrorDetails: Container did not start within expected time limit of 230s. Please inspect your container logs for more details., Details: Site is blocked due to multiple, consecutive cold start failures. Site scheduled to be unblocked at 03/17/2026 20:46:14, DetailsLevel: WARN
2026-03-17T20:46:02.3436046Z Start site prohibitted because the site is being blocked.
2026-03-17T20:46:07.5287530Z State: Blocked, Action: None, LastError: ContainerTimeout, LastErrorTimestamp: 03/17/2026 20:45:01, LastErrorDetails: Container did not start within expected time limit of 230s. Please inspect your container logs for more details., Details: Site is blocked due to multiple, consecutive cold start failures. Site scheduled to be unblocked at 03/17/2026 20:46:14, DetailsLevel: WARN
2026-03-17T20:46:07.5288118Z Start site prohibitted because the site is being blocked.
2026-03-17T20:46:12.7340518Z State: Blocked, Action: None, LastError: ContainerTimeout, LastErrorTimestamp: 03/17/2026 20:45:01, LastErrorDetails: Container did not start within expected time limit of 230s. Please inspect your container logs for more details., Details: Site is blocked due to multiple, consecutive cold start failures. Site scheduled to be unblocked at 03/17/2026 20:46:14, DetailsLevel: WARN
2026-03-17T20:46:12.7341163Z Start site prohibitted because the site is being blocked.
2026-03-17T20:46:14.2191223Z Site: careorbit-api-dev is unblocked.
2026-03-17T20:46:18.0735065Z State: Starting, Action: EstablishingSiteNetworks, LastError: ContainerTimeout, LastErrorTimestamp: 03/17/2026 20:45:01, LastErrorDetails: Container did not start within expected time limit of 230s. Please inspect your container logs for more details., Details: Site is blocked due to multiple, consecutive cold start failures. Site scheduled to be unblocked at 03/17/2026 20:46:14, DetailsLevel: WARN
2026-03-17T20:46:20.6971025Z State: Starting, Action: StartingSiteContainers, LastError: ContainerTimeout, LastErrorTimestamp: 03/17/2026 20:45:01, LastErrorDetails: Container did not start within expected time limit of 230s. Please inspect your container logs for more details., Details: Site is blocked due to multiple, consecutive cold start failures. Site scheduled to be unblocked at 03/17/2026 20:46:14, DetailsLevel: WARN
2026-03-17T20:46:20.6972268Z Container start method called.
2026-03-17T20:46:20.6972672Z State: Starting, Action: PullingImage, LastError: ContainerTimeout, LastErrorTimestamp: 03/17/2026 20:45:01, LastErrorDetails: Container did not start within expected time limit of 230s. Please inspect your container logs for more details., Details: Pulling image 10.1.0.5:13209/appsvc/python:3.12_20260203.2.tuxprod for careorbit-api-dev., DetailsLevel: INFO
2026-03-17T20:46:20.6973485Z Establishing network.
2026-03-17T20:46:20.6974332Z Pulling image: appsvc/python:3.12_20260203.2.tuxprod.
2026-03-17T20:46:21.1700694Z Container is starting.
2026-03-17T20:46:21.1705469Z State: Starting, Action: MountingVolumes, LastError: ContainerTimeout, LastErrorTimestamp: 03/17/2026 20:45:01, LastErrorDetails: Container did not start within expected time limit of 230s. Please inspect your container logs for more details., Details: Mounting volumes for careorbit-api-dev., DetailsLevel: INFO
2026-03-17T20:46:21.1802114Z Establishing user namespace if not established already.
2026-03-17T20:46:21.1804327Z Establishing network if not established already.
2026-03-17T20:46:21.1805392Z Mounting volumes.
2026-03-17T20:46:21.1912742Z Nested mountpoint 
2026-03-17T20:46:21.2834240Z Nested mountpoint volatile/logs
2026-03-17T20:46:21.3247617Z Nested mountpoint 
2026-03-17T20:46:21.3420675Z Nested mountpoint 
2026-03-17T20:46:21.4022357Z Nested mountpoint 
2026-03-17T20:46:22.7583475Z State: Starting, Action: CreatingContainer, LastError: ContainerTimeout, LastErrorTimestamp: 03/17/2026 20:45:01, LastErrorDetails: Container did not start within expected time limit of 230s. Please inspect your container logs for more details., Details: Finished pulling container image and mounting volumes for careorbit-api-dev. Allocatinng the rest of the container resources to finish container creation., DetailsLevel: INFO
2026-03-17T20:46:22.7603178Z Creating container.
2026-03-17T20:46:22.7604357Z Creating pipes for streaming container io.
2026-03-17T20:46:22.7605774Z Creating stdout named pipe at /podr/container/pipe/b8a03af2bedd_careorbit-api-dev/stdout_fbf90eaf379a4b62abd9c8a3062bdb92.
2026-03-17T20:46:22.8611095Z Successfully created stdout named pipe at: /podr/container/pipe/b8a03af2bedd_careorbit-api-dev/stdout_fbf90eaf379a4b62abd9c8a3062bdb92.
2026-03-17T20:46:22.9207700Z Opening named pipe /podr/container/pipe/b8a03af2bedd_careorbit-api-dev/stdout_fbf90eaf379a4b62abd9c8a3062bdb92 for reading in non-blocking mode.
2026-03-17T20:46:22.9295276Z Successfully opened named pipe: /podr/container/pipe/b8a03af2bedd_careorbit-api-dev/stdout_fbf90eaf379a4b62abd9c8a3062bdb92.
2026-03-17T20:46:22.9310296Z Successfully removed non-blocking flag from /podr/container/pipe/b8a03af2bedd_careorbit-api-dev/stdout_fbf90eaf379a4b62abd9c8a3062bdb92.
2026-03-17T20:46:22.9393361Z Creating stderr named pipe at /podr/container/pipe/b8a03af2bedd_careorbit-api-dev/stderr_078370413560421fbec2106e10d30b6c.
2026-03-17T20:46:22.9410886Z Successfully created stderr named pipe at: /podr/container/pipe/b8a03af2bedd_careorbit-api-dev/stderr_078370413560421fbec2106e10d30b6c.
2026-03-17T20:46:22.9895455Z Opening named pipe /podr/container/pipe/b8a03af2bedd_careorbit-api-dev/stderr_078370413560421fbec2106e10d30b6c for reading in non-blocking mode.
2026-03-17T20:46:22.9999579Z Successfully opened named pipe: /podr/container/pipe/b8a03af2bedd_careorbit-api-dev/stderr_078370413560421fbec2106e10d30b6c.
2026-03-17T20:46:23.0299742Z Successfully removed non-blocking flag from /podr/container/pipe/b8a03af2bedd_careorbit-api-dev/stderr_078370413560421fbec2106e10d30b6c.
2026-03-17T20:46:23.0307971Z Creating container with image: appsvc/python:3.12_20260203.2.tuxprod from registry: 10.1.0.5:13209 and fully qualified image name: 10.1.0.5:13209/appsvc/python:3.12_20260203.2.tuxprod
2026-03-17T20:46:30.9423896Z Starting container: b8a03af2bedd_careorbit-api-dev.
2026-03-17T20:46:31.2996250Z Starting watchers and probes.
2026-03-17T20:46:31.3589032Z Starting metrics collection.
2026-03-17T20:46:31.3890069Z Container is running.
2026-03-17T20:46:31.3892794Z State: Starting, Action: CreatingContainer, LastError: ContainerTimeout, LastErrorTimestamp: 03/17/2026 20:45:01, LastErrorDetails: Container did not start within expected time limit of 230s. Please inspect your container logs for more details., Details: Container careorbit-api-dev successfully created and is running., DetailsLevel: INFO
2026-03-17T20:46:32.5007619Z Container start method finished after 11803 ms.
2026-03-17T20:46:32.5712227Z State: Starting, Action: InitiatingSiteWarmUpProbe, LastError: ContainerTimeout, LastErrorTimestamp: 03/17/2026 20:45:01, LastErrorDetails: Container did not start within expected time limit of 230s. Please inspect your container logs for more details., Details: Container careorbit-api-dev successfully created and is running., DetailsLevel: INFO
2026-03-17T20:46:32.5712629Z State: Starting, Action: WaitingForSiteWarmUpProbeSuccess, LastError: ContainerTimeout, LastErrorTimestamp: 03/17/2026 20:45:01, LastErrorDetails: Container did not start within expected time limit of 230s. Please inspect your container logs for more details., Details: Pinging warmup path to ensure container is ready to receive requests., DetailsLevel: INFO
2026-03-17T20:49:56.1056778Z Site startup probe succeeded after 203.4385489 seconds.
2026-03-17T20:49:56.5234379Z State: Starting, Action: WarmUpProbeSucceeded, LastError: ContainerTimeout, LastErrorTimestamp: 03/17/2026 20:45:01, LastErrorDetails: Container did not start within expected time limit of 230s. Please inspect your container logs for more details., Details: Site startup probe succeeded after 203.4385489 seconds., DetailsLevel: INFO
2026-03-17T20:49:57.1829265Z Site is running with deployment version: a61709cf-b73d-402e-a42b-8b10c44dee8b
2026-03-17T20:49:57.1845960Z Site started.
2026-03-17T20:49:57.1857887Z State: Started, Action: None, LastError: ContainerTimeout, LastErrorTimestamp: 03/17/2026 20:45:01, LastErrorDetails: Container did not start within expected time limit of 230s. Please inspect your container logs for more details., Details: Site started at 03/17/2026 20:49:57 (UTC), DetailsLevel: INFO
2026-03-17T20:49:57.5288760Z Site is running with patch version PYTHON 3.12.12
2026-03-17T20:58:21.1757908Z State: Starting, Action: EstablishingSiteNetworks, LastError: , LastErrorTimestamp: 01/01/0001 00:00:00, LastErrorDetails: , Details: , DetailsLevel: INFO
2026-03-17T20:58:26.6980575Z State: Starting, Action: StartingSiteContainers, LastError: , LastErrorTimestamp: 01/01/0001 00:00:00, LastErrorDetails: , Details: , DetailsLevel: INFO
2026-03-17T20:58:26.6981866Z Container start method called.
2026-03-17T20:58:26.6982168Z State: Starting, Action: PullingImage, LastError: , LastErrorTimestamp: 01/01/0001 00:00:00, LastErrorDetails: , Details: Pulling image 10.1.0.5:13209/appsvc/python:3.12_20260203.2.tuxprod for careorbit-api-dev., DetailsLevel: INFO
2026-03-17T20:58:26.6982900Z Establishing network.
2026-03-17T20:58:26.6983734Z Pulling image: appsvc/python:3.12_20260203.2.tuxprod.
2026-03-17T20:58:28.1644494Z Container is starting.
2026-03-17T20:58:28.1649128Z State: Starting, Action: MountingVolumes, LastError: , LastErrorTimestamp: 01/01/0001 00:00:00, LastErrorDetails: , Details: Mounting volumes for careorbit-api-dev., DetailsLevel: INFO
2026-03-17T20:58:28.1731554Z Establishing user namespace if not established already.
2026-03-17T20:58:28.1732951Z Establishing network if not established already.
2026-03-17T20:58:28.1734527Z Mounting volumes.
2026-03-17T20:58:28.2053554Z Nested mountpoint 
2026-03-17T20:58:28.5225986Z Nested mountpoint volatile/logs
2026-03-17T20:58:28.7949598Z Nested mountpoint 
2026-03-17T20:58:29.1432546Z Nested mountpoint 
2026-03-17T20:58:29.2142434Z Nested mountpoint 
2026-03-17T20:58:33.7686770Z State: Starting, Action: CreatingContainer, LastError: , LastErrorTimestamp: 01/01/0001 00:00:00, LastErrorDetails: , Details: Finished pulling container image and mounting volumes for careorbit-api-dev. Allocatinng the rest of the container resources to finish container creation., DetailsLevel: INFO
2026-03-17T20:58:33.9590686Z Creating container.
2026-03-17T20:58:33.9593350Z Creating pipes for streaming container io.
2026-03-17T20:58:34.0109462Z Creating stdout named pipe at /podr/container/pipe/31e8a9623dbf_careorbit-api-dev/stdout_3ead971de38c484c808da4868e796f4e.
2026-03-17T20:58:34.1324474Z Successfully created stdout named pipe at: /podr/container/pipe/31e8a9623dbf_careorbit-api-dev/stdout_3ead971de38c484c808da4868e796f4e.
2026-03-17T20:58:34.1374611Z Opening named pipe /podr/container/pipe/31e8a9623dbf_careorbit-api-dev/stdout_3ead971de38c484c808da4868e796f4e for reading in non-blocking mode.
2026-03-17T20:58:34.1377334Z Successfully opened named pipe: /podr/container/pipe/31e8a9623dbf_careorbit-api-dev/stdout_3ead971de38c484c808da4868e796f4e.
2026-03-17T20:58:34.1459626Z Successfully removed non-blocking flag from /podr/container/pipe/31e8a9623dbf_careorbit-api-dev/stdout_3ead971de38c484c808da4868e796f4e.
2026-03-17T20:58:34.1479651Z Creating stderr named pipe at /podr/container/pipe/31e8a9623dbf_careorbit-api-dev/stderr_963e5878f44247e9a0f54344af373cd4.
2026-03-17T20:58:34.1853419Z Successfully created stderr named pipe at: /podr/container/pipe/31e8a9623dbf_careorbit-api-dev/stderr_963e5878f44247e9a0f54344af373cd4.
2026-03-17T20:58:34.1942779Z Opening named pipe /podr/container/pipe/31e8a9623dbf_careorbit-api-dev/stderr_963e5878f44247e9a0f54344af373cd4 for reading in non-blocking mode.
2026-03-17T20:58:34.1953183Z Successfully opened named pipe: /podr/container/pipe/31e8a9623dbf_careorbit-api-dev/stderr_963e5878f44247e9a0f54344af373cd4.
2026-03-17T20:58:34.1961107Z Successfully removed non-blocking flag from /podr/container/pipe/31e8a9623dbf_careorbit-api-dev/stderr_963e5878f44247e9a0f54344af373cd4.
2026-03-17T20:58:34.2361559Z Creating container with image: appsvc/python:3.12_20260203.2.tuxprod from registry: 10.1.0.5:13209 and fully qualified image name: 10.1.0.5:13209/appsvc/python:3.12_20260203.2.tuxprod
2026-03-17T20:58:44.2511349Z Starting container: 31e8a9623dbf_careorbit-api-dev.
2026-03-17T20:58:44.6182325Z Starting watchers and probes.
2026-03-17T20:58:44.6586214Z Starting metrics collection.
2026-03-17T20:58:44.6980142Z Container is running.
2026-03-17T20:58:44.6981800Z State: Starting, Action: CreatingContainer, LastError: , LastErrorTimestamp: 01/01/0001 00:00:00, LastErrorDetails: , Details: Container careorbit-api-dev successfully created and is running., DetailsLevel: INFO
2026-03-17T20:58:45.5050467Z Container start method finished after 18806 ms.
2026-03-17T20:58:45.5447977Z State: Starting, Action: InitiatingSiteWarmUpProbe, LastError: , LastErrorTimestamp: 01/01/0001 00:00:00, LastErrorDetails: , Details: Container careorbit-api-dev successfully created and is running., DetailsLevel: INFO
2026-03-17T20:58:45.5540608Z State: Starting, Action: WaitingForSiteWarmUpProbeSuccess, LastError: , LastErrorTimestamp: 01/01/0001 00:00:00, LastErrorDetails: , Details: Pinging warmup path to ensure container is ready to receive requests., DetailsLevel: INFO
2026-03-17T21:00:53.4126175Z Site startup probe succeeded after 127.7738417 seconds.
2026-03-17T21:00:53.7167214Z State: Starting, Action: WarmUpProbeSucceeded, LastError: , LastErrorTimestamp: 01/01/0001 00:00:00, LastErrorDetails: , Details: Site startup probe succeeded after 127.7738417 seconds., DetailsLevel: INFO
2026-03-17T21:00:54.0476633Z Site is running with deployment version: dec4778a-4500-4649-9778-08a44c3a0183
2026-03-17T21:00:54.0566713Z Site started.
2026-03-17T21:00:54.0634914Z State: Started, Action: None, LastError: , LastErrorTimestamp: 01/01/0001 00:00:00, LastErrorDetails: , Details: Site started at 03/17/2026 21:00:54 (UTC), DetailsLevel: INFO
2026-03-17T21:00:54.0674255Z Site is running with patch version PYTHON 3.12.12
2026-03-17T21:01:14.1855676Z State: Stopping, Action: StoppingSite, LastError: ContainerTimeout, LastErrorTimestamp: 03/17/2026 20:45:01, LastErrorDetails: Container did not start within expected time limit of 230s. Please inspect your container logs for more details., Details: Site started at 03/17/2026 20:49:57 (UTC), DetailsLevel: INFO
2026-03-17T21:01:14.1910120Z State: Stopping, Action: StoppingSiteContainers, LastError: ContainerTimeout, LastErrorTimestamp: 03/17/2026 20:45:01, LastErrorDetails: Container did not start within expected time limit of 230s. Please inspect your container logs for more details., Details: Site started at 03/17/2026 20:49:57 (UTC), DetailsLevel: INFO
2026-03-17T21:01:14.1983400Z Container is terminating. Grace period: 5 seconds.
2026-03-17T21:01:14.2516046Z Stop and delete container. Retry count = 0
2026-03-17T21:01:14.2523679Z Stopping container: b8a03af2bedd_careorbit-api-dev.
2026-03-17T21:01:20.1427681Z Deleting container: b8a03af2bedd_careorbit-api-dev. Retry count = 0
2026-03-17T21:01:21.3626251Z Container spec TerminationMessagePolicy  path 
2026-03-17T21:01:21.3630526Z Container is terminated. Total time elapsed: 7164 ms.
2026-03-17T21:01:21.3699774Z Site: careorbit-api-dev stopped.
2026-03-17T21:08:17.7944588Z State: Starting, Action: EstablishingSiteNetworks, LastError: , LastErrorTimestamp: 01/01/0001 00:00:00, LastErrorDetails: , Details: , DetailsLevel: INFO
2026-03-17T21:08:21.6276908Z State: Starting, Action: StartingSiteContainers, LastError: , LastErrorTimestamp: 01/01/0001 00:00:00, LastErrorDetails: , Details: , DetailsLevel: INFO
2026-03-17T21:08:21.6872877Z Container start method called.
2026-03-17T21:08:21.7677618Z State: Starting, Action: PullingImage, LastError: , LastErrorTimestamp: 01/01/0001 00:00:00, LastErrorDetails: , Details: Pulling image 10.1.0.5:13209/appsvc/python:3.12_20260203.2.tuxprod for careorbit-api-dev., DetailsLevel: INFO
2026-03-17T21:08:21.7680999Z Establishing network.
2026-03-17T21:08:21.7786564Z Pulling image: appsvc/python:3.12_20260203.2.tuxprod.
2026-03-17T21:08:23.0985437Z Container is starting.
2026-03-17T21:08:23.0987053Z State: Starting, Action: MountingVolumes, LastError: , LastErrorTimestamp: 01/01/0001 00:00:00, LastErrorDetails: , Details: Mounting volumes for careorbit-api-dev., DetailsLevel: INFO
2026-03-17T21:08:23.0993142Z Establishing user namespace if not established already.
2026-03-17T21:08:23.0994048Z Establishing network if not established already.
2026-03-17T21:08:23.0995022Z Mounting volumes.
2026-03-17T21:08:23.1622826Z Nested mountpoint 
2026-03-17T21:08:23.2833570Z Nested mountpoint volatile/logs
2026-03-17T21:08:23.3213756Z Nested mountpoint 
2026-03-17T21:08:23.4114219Z Nested mountpoint 
2026-03-17T21:08:23.4288343Z Nested mountpoint 
2026-03-17T21:08:25.9390785Z State: Starting, Action: CreatingContainer, LastError: , LastErrorTimestamp: 01/01/0001 00:00:00, LastErrorDetails: , Details: Finished pulling container image and mounting volumes for careorbit-api-dev. Allocatinng the rest of the container resources to finish container creation., DetailsLevel: INFO
2026-03-17T21:08:25.9490704Z Creating container.
2026-03-17T21:08:25.9491896Z Creating pipes for streaming container io.
2026-03-17T21:08:25.9567282Z Creating stdout named pipe at /podr/container/pipe/32be7563b2dd_careorbit-api-dev/stdout_b4be33d7473744f39795f5ae18b89feb.
2026-03-17T21:08:26.1063032Z Successfully created stdout named pipe at: /podr/container/pipe/32be7563b2dd_careorbit-api-dev/stdout_b4be33d7473744f39795f5ae18b89feb.
2026-03-17T21:08:26.1072647Z Opening named pipe /podr/container/pipe/32be7563b2dd_careorbit-api-dev/stdout_b4be33d7473744f39795f5ae18b89feb for reading in non-blocking mode.
2026-03-17T21:08:26.1074137Z Successfully opened named pipe: /podr/container/pipe/32be7563b2dd_careorbit-api-dev/stdout_b4be33d7473744f39795f5ae18b89feb.
2026-03-17T21:08:26.1380411Z Successfully removed non-blocking flag from /podr/container/pipe/32be7563b2dd_careorbit-api-dev/stdout_b4be33d7473744f39795f5ae18b89feb.
2026-03-17T21:08:26.1473139Z Creating stderr named pipe at /podr/container/pipe/32be7563b2dd_careorbit-api-dev/stderr_36f4c4aff3914eefa71ccffc1a816d7b.
2026-03-17T21:08:26.1474929Z Successfully created stderr named pipe at: /podr/container/pipe/32be7563b2dd_careorbit-api-dev/stderr_36f4c4aff3914eefa71ccffc1a816d7b.
2026-03-17T21:08:26.1475734Z Opening named pipe /podr/container/pipe/32be7563b2dd_careorbit-api-dev/stderr_36f4c4aff3914eefa71ccffc1a816d7b for reading in non-blocking mode.
2026-03-17T21:08:26.1476604Z Successfully opened named pipe: /podr/container/pipe/32be7563b2dd_careorbit-api-dev/stderr_36f4c4aff3914eefa71ccffc1a816d7b.
2026-03-17T21:08:26.1477353Z Successfully removed non-blocking flag from /podr/container/pipe/32be7563b2dd_careorbit-api-dev/stderr_36f4c4aff3914eefa71ccffc1a816d7b.
2026-03-17T21:08:26.1654098Z Creating container with image: appsvc/python:3.12_20260203.2.tuxprod from registry: 10.1.0.5:13209 and fully qualified image name: 10.1.0.5:13209/appsvc/python:3.12_20260203.2.tuxprod
2026-03-17T21:08:29.4358059Z Starting container: 32be7563b2dd_careorbit-api-dev.
2026-03-17T21:08:29.8322239Z Starting watchers and probes.
2026-03-17T21:08:29.8877607Z Starting metrics collection.
2026-03-17T21:08:29.9087147Z Container is running.
2026-03-17T21:08:29.9174742Z State: Starting, Action: CreatingContainer, LastError: , LastErrorTimestamp: 01/01/0001 00:00:00, LastErrorDetails: , Details: Container careorbit-api-dev successfully created and is running., DetailsLevel: INFO
2026-03-17T21:08:30.1380631Z Container start method finished after 8450 ms.
2026-03-17T21:08:30.1563126Z State: Starting, Action: InitiatingSiteWarmUpProbe, LastError: , LastErrorTimestamp: 01/01/0001 00:00:00, LastErrorDetails: , Details: Container careorbit-api-dev successfully created and is running., DetailsLevel: INFO
2026-03-17T21:08:30.1577978Z State: Starting, Action: WaitingForSiteWarmUpProbeSuccess, LastError: , LastErrorTimestamp: 01/01/0001 00:00:00, LastErrorDetails: , Details: Pinging warmup path to ensure container is ready to receive requests., DetailsLevel: INFO
2026-03-17T21:09:46.1037443Z Site startup probe succeeded after 75.792912 seconds.
2026-03-17T21:09:46.5573460Z State: Starting, Action: WarmUpProbeSucceeded, LastError: , LastErrorTimestamp: 01/01/0001 00:00:00, LastErrorDetails: , Details: Site startup probe succeeded after 75.792912 seconds., DetailsLevel: INFO
2026-03-17T21:09:46.7166479Z Site is running with deployment version: 5f915c9d-a1a6-48f0-9adc-d2ed95445fe3
2026-03-17T21:09:46.7261747Z Site started.
2026-03-17T21:09:46.7359881Z State: Started, Action: None, LastError: , LastErrorTimestamp: 01/01/0001 00:00:00, LastErrorDetails: , Details: Site started at 03/17/2026 21:09:46 (UTC), DetailsLevel: INFO
2026-03-17T21:09:46.7444250Z Site is running with patch version PYTHON 3.12.12
2026-03-17T21:10:07.6233312Z State: Stopping, Action: StoppingSite, LastError: ContainerTimeout, LastErrorTimestamp: 03/17/2026 20:45:01, LastErrorDetails: Container did not start within expected time limit of 230s. Please inspect your container logs for more details., Details: Site started at 03/17/2026 21:00:54 (UTC), DetailsLevel: INFO
2026-03-17T21:10:07.9812153Z State: Stopping, Action: StoppingSiteContainers, LastError: ContainerTimeout, LastErrorTimestamp: 03/17/2026 20:45:01, LastErrorDetails: Container did not start within expected time limit of 230s. Please inspect your container logs for more details., Details: Site started at 03/17/2026 21:00:54 (UTC), DetailsLevel: INFO
2026-03-17T21:10:08.0197457Z Container is terminating. Grace period: 5 seconds.
2026-03-17T21:10:09.6107971Z Stop and delete container. Retry count = 0
2026-03-17T21:10:09.6987288Z Stopping container: 31e8a9623dbf_careorbit-api-dev.
2026-03-17T21:10:13.7502946Z Deleting container: 31e8a9623dbf_careorbit-api-dev. Retry count = 0
2026-03-17T21:10:17.3507056Z Container spec TerminationMessagePolicy  path 
2026-03-17T21:10:17.3701211Z Container is terminated. Total time elapsed: 9349 ms.
2026-03-17T21:10:17.3718220Z Site: careorbit-api-dev stopped.
2026-03-17T21:13:12.1858940Z State: Starting, Action: EstablishingSiteNetworks, LastError: , LastErrorTimestamp: 01/01/0001 00:00:00, LastErrorDetails: , Details: , DetailsLevel: INFO
2026-03-17T21:13:15.4464699Z State: Starting, Action: StartingSiteContainers, LastError: , LastErrorTimestamp: 01/01/0001 00:00:00, LastErrorDetails: , Details: , DetailsLevel: INFO
2026-03-17T21:13:15.4656784Z Container start method called.
2026-03-17T21:13:15.4750988Z State: Starting, Action: PullingImage, LastError: , LastErrorTimestamp: 01/01/0001 00:00:00, LastErrorDetails: , Details: Pulling image 10.1.0.5:13209/appsvc/python:3.12_20260203.2.tuxprod for careorbit-api-dev., DetailsLevel: INFO
2026-03-17T21:13:15.4774087Z Establishing network.
2026-03-17T21:13:15.4849321Z Pulling image: appsvc/python:3.12_20260203.2.tuxprod.
2026-03-17T21:13:16.4944173Z Container is starting.
2026-03-17T21:13:16.4964842Z State: Starting, Action: MountingVolumes, LastError: , LastErrorTimestamp: 01/01/0001 00:00:00, LastErrorDetails: , Details: Mounting volumes for careorbit-api-dev., DetailsLevel: INFO
2026-03-17T21:13:16.5046276Z Establishing user namespace if not established already.
2026-03-17T21:13:16.5060468Z Establishing network if not established already.
2026-03-17T21:13:16.5141353Z Mounting volumes.
2026-03-17T21:13:16.5168810Z Nested mountpoint 
2026-03-17T21:13:16.5853549Z Nested mountpoint volatile/logs
2026-03-17T21:13:16.6244608Z Nested mountpoint 
2026-03-17T21:13:16.8869269Z Nested mountpoint 
2026-03-17T21:13:17.0233819Z Nested mountpoint 
2026-03-17T21:13:17.9684481Z State: Starting, Action: CreatingContainer, LastError: , LastErrorTimestamp: 01/01/0001 00:00:00, LastErrorDetails: , Details: Finished pulling container image and mounting volumes for careorbit-api-dev. Allocatinng the rest of the container resources to finish container creation., DetailsLevel: INFO
2026-03-17T21:13:18.0164451Z Creating container.
2026-03-17T21:13:18.0246045Z Creating pipes for streaming container io.
2026-03-17T21:13:18.0530920Z Creating stdout named pipe at /podr/container/pipe/ed05f757e6a7_careorbit-api-dev/stdout_ba8430293409401eb538542e9f92028a.
2026-03-17T21:13:18.0579601Z Successfully created stdout named pipe at: /podr/container/pipe/ed05f757e6a7_careorbit-api-dev/stdout_ba8430293409401eb538542e9f92028a.
2026-03-17T21:13:18.0608447Z Opening named pipe /podr/container/pipe/ed05f757e6a7_careorbit-api-dev/stdout_ba8430293409401eb538542e9f92028a for reading in non-blocking mode.
2026-03-17T21:13:18.0615094Z Successfully opened named pipe: /podr/container/pipe/ed05f757e6a7_careorbit-api-dev/stdout_ba8430293409401eb538542e9f92028a.
2026-03-17T21:13:18.0622807Z Successfully removed non-blocking flag from /podr/container/pipe/ed05f757e6a7_careorbit-api-dev/stdout_ba8430293409401eb538542e9f92028a.
2026-03-17T21:13:18.0804970Z Creating stderr named pipe at /podr/container/pipe/ed05f757e6a7_careorbit-api-dev/stderr_f5438cd6a6ff46c1bfde803e44cd8d1f.
2026-03-17T21:13:18.0809734Z Successfully created stderr named pipe at: /podr/container/pipe/ed05f757e6a7_careorbit-api-dev/stderr_f5438cd6a6ff46c1bfde803e44cd8d1f.
2026-03-17T21:13:18.0811371Z Opening named pipe /podr/container/pipe/ed05f757e6a7_careorbit-api-dev/stderr_f5438cd6a6ff46c1bfde803e44cd8d1f for reading in non-blocking mode.
2026-03-17T21:13:18.0812973Z Successfully opened named pipe: /podr/container/pipe/ed05f757e6a7_careorbit-api-dev/stderr_f5438cd6a6ff46c1bfde803e44cd8d1f.
2026-03-17T21:13:18.0814127Z Successfully removed non-blocking flag from /podr/container/pipe/ed05f757e6a7_careorbit-api-dev/stderr_f5438cd6a6ff46c1bfde803e44cd8d1f.
2026-03-17T21:13:18.0924470Z Creating container with image: appsvc/python:3.12_20260203.2.tuxprod from registry: 10.1.0.5:13209 and fully qualified image name: 10.1.0.5:13209/appsvc/python:3.12_20260203.2.tuxprod
2026-03-17T21:13:18.8898447Z Starting container: ed05f757e6a7_careorbit-api-dev.
2026-03-17T21:13:18.9892744Z Starting watchers and probes.
2026-03-17T21:13:18.9989513Z Starting metrics collection.
2026-03-17T21:13:19.0159563Z Container is running.
2026-03-17T21:13:19.0250147Z State: Starting, Action: CreatingContainer, LastError: , LastErrorTimestamp: 01/01/0001 00:00:00, LastErrorDetails: , Details: Container careorbit-api-dev successfully created and is running., DetailsLevel: INFO
2026-03-17T21:13:19.2930958Z Container start method finished after 3826 ms.
2026-03-17T21:13:19.3792496Z State: Starting, Action: InitiatingSiteWarmUpProbe, LastError: , LastErrorTimestamp: 01/01/0001 00:00:00, LastErrorDetails: , Details: Container careorbit-api-dev successfully created and is running., DetailsLevel: INFO
2026-03-17T21:13:19.3812085Z State: Starting, Action: WaitingForSiteWarmUpProbeSuccess, LastError: , LastErrorTimestamp: 01/01/0001 00:00:00, LastErrorDetails: , Details: Pinging warmup path to ensure container is ready to receive requests., DetailsLevel: INFO
2026-03-17T21:15:10.2766504Z Site startup probe succeeded after 110.8486947 seconds.
2026-03-17T21:15:10.8662644Z State: Starting, Action: WarmUpProbeSucceeded, LastError: , LastErrorTimestamp: 01/01/0001 00:00:00, LastErrorDetails: , Details: Site startup probe succeeded after 110.8486947 seconds., DetailsLevel: INFO
2026-03-17T21:15:10.9855231Z Site is running with deployment version: 06aebf39-0a80-4e32-8ab0-953cd64ab5f7
2026-03-17T21:15:10.9971967Z Site started.
2026-03-17T21:15:10.9984736Z State: Started, Action: None, LastError: , LastErrorTimestamp: 01/01/0001 00:00:00, LastErrorDetails: , Details: Site started at 03/17/2026 21:15:10 (UTC), DetailsLevel: INFO
2026-03-17T21:15:11.0096357Z Site is running with patch version PYTHON 3.12.12
2026-03-17T21:15:31.5548423Z State: Stopping, Action: StoppingSite, LastError: ContainerTimeout, LastErrorTimestamp: 03/17/2026 20:45:01, LastErrorDetails: Container did not start within expected time limit of 230s. Please inspect your container logs for more details., Details: Site started at 03/17/2026 21:09:46 (UTC), DetailsLevel: INFO
2026-03-17T21:15:31.6917381Z State: Stopping, Action: StoppingSiteContainers, LastError: ContainerTimeout, LastErrorTimestamp: 03/17/2026 20:45:01, LastErrorDetails: Container did not start within expected time limit of 230s. Please inspect your container logs for more details., Details: Site started at 03/17/2026 21:09:46 (UTC), DetailsLevel: INFO
2026-03-17T21:15:31.7088988Z Container is terminating. Grace period: 5 seconds.
2026-03-17T21:15:31.9378384Z Stop and delete container. Retry count = 0
2026-03-17T21:15:31.9465693Z Stopping container: 32be7563b2dd_careorbit-api-dev.
2026-03-17T21:15:37.6420195Z Deleting container: 32be7563b2dd_careorbit-api-dev. Retry count = 0
2026-03-17T21:15:40.2432301Z Container spec TerminationMessagePolicy  path 
2026-03-17T21:15:40.2911213Z Container is terminated. Total time elapsed: 8581 ms.
2026-03-17T21:15:40.2926095Z Site: careorbit-api-dev stopped.
2026-03-17T21:19:46.4013055Z State: Starting, Action: EstablishingSiteNetworks, LastError: , LastErrorTimestamp: 01/01/0001 00:00:00, LastErrorDetails: , Details: , DetailsLevel: INFO
2026-03-17T21:19:49.6112611Z State: Starting, Action: StartingSiteContainers, LastError: , LastErrorTimestamp: 01/01/0001 00:00:00, LastErrorDetails: , Details: , DetailsLevel: INFO
2026-03-17T21:19:49.6214493Z Container start method called.
2026-03-17T21:19:49.6500737Z State: Starting, Action: PullingImage, LastError: , LastErrorTimestamp: 01/01/0001 00:00:00, LastErrorDetails: , Details: Pulling image 10.1.0.5:13209/appsvc/python:3.12_20260203.2.tuxprod for careorbit-api-dev., DetailsLevel: INFO
2026-03-17T21:19:49.6514418Z Establishing network.
2026-03-17T21:19:49.6516702Z Pulling image: appsvc/python:3.12_20260203.2.tuxprod.
2026-03-17T21:19:50.3205809Z Container is starting.
2026-03-17T21:19:50.3291633Z State: Starting, Action: MountingVolumes, LastError: , LastErrorTimestamp: 01/01/0001 00:00:00, LastErrorDetails: , Details: Mounting volumes for careorbit-api-dev., DetailsLevel: INFO
2026-03-17T21:19:50.3300612Z Establishing user namespace if not established already.
2026-03-17T21:19:50.3302719Z Establishing network if not established already.
2026-03-17T21:19:50.3383188Z Mounting volumes.
2026-03-17T21:19:50.3412136Z Nested mountpoint 
2026-03-17T21:19:50.3749652Z Nested mountpoint volatile/logs
2026-03-17T21:19:50.4441083Z Nested mountpoint 
2026-03-17T21:19:50.5222860Z Nested mountpoint 
2026-03-17T21:19:50.5642222Z Nested mountpoint 
2026-03-17T21:19:51.3970970Z State: Starting, Action: CreatingContainer, LastError: , LastErrorTimestamp: 01/01/0001 00:00:00, LastErrorDetails: , Details: Finished pulling container image and mounting volumes for careorbit-api-dev. Allocatinng the rest of the container resources to finish container creation., DetailsLevel: INFO
2026-03-17T21:19:51.4171698Z Creating container.
2026-03-17T21:19:51.4179928Z Creating pipes for streaming container io.
2026-03-17T21:19:51.4270747Z Creating stdout named pipe at /podr/container/pipe/f160a84d707b_careorbit-api-dev/stdout_745c47eab1554b579e64c8b59195ccf7.
2026-03-17T21:19:51.4371554Z Successfully created stdout named pipe at: /podr/container/pipe/f160a84d707b_careorbit-api-dev/stdout_745c47eab1554b579e64c8b59195ccf7.
2026-03-17T21:19:51.4377119Z Opening named pipe /podr/container/pipe/f160a84d707b_careorbit-api-dev/stdout_745c47eab1554b579e64c8b59195ccf7 for reading in non-blocking mode.
2026-03-17T21:19:51.4381936Z Successfully opened named pipe: /podr/container/pipe/f160a84d707b_careorbit-api-dev/stdout_745c47eab1554b579e64c8b59195ccf7.
2026-03-17T21:19:51.4474628Z Successfully removed non-blocking flag from /podr/container/pipe/f160a84d707b_careorbit-api-dev/stdout_745c47eab1554b579e64c8b59195ccf7.
2026-03-17T21:19:51.4676539Z Creating stderr named pipe at /podr/container/pipe/f160a84d707b_careorbit-api-dev/stderr_8b4d95db8d1e4ba6a79aa5b1e28302b0.
2026-03-17T21:19:51.4971814Z Successfully created stderr named pipe at: /podr/container/pipe/f160a84d707b_careorbit-api-dev/stderr_8b4d95db8d1e4ba6a79aa5b1e28302b0.
2026-03-17T21:19:51.4976453Z Opening named pipe /podr/container/pipe/f160a84d707b_careorbit-api-dev/stderr_8b4d95db8d1e4ba6a79aa5b1e28302b0 for reading in non-blocking mode.
2026-03-17T21:19:51.4982443Z Successfully opened named pipe: /podr/container/pipe/f160a84d707b_careorbit-api-dev/stderr_8b4d95db8d1e4ba6a79aa5b1e28302b0.
2026-03-17T21:19:51.4983699Z Successfully removed non-blocking flag from /podr/container/pipe/f160a84d707b_careorbit-api-dev/stderr_8b4d95db8d1e4ba6a79aa5b1e28302b0.
2026-03-17T21:19:51.4992645Z Creating container with image: appsvc/python:3.12_20260203.2.tuxprod from registry: 10.1.0.5:13209 and fully qualified image name: 10.1.0.5:13209/appsvc/python:3.12_20260203.2.tuxprod
2026-03-17T21:19:52.7624139Z Starting container: f160a84d707b_careorbit-api-dev.
2026-03-17T21:19:52.9116289Z Starting watchers and probes.
2026-03-17T21:19:52.9230348Z Starting metrics collection.
2026-03-17T21:19:52.9418200Z Container is running.
2026-03-17T21:19:52.9422045Z State: Starting, Action: CreatingContainer, LastError: , LastErrorTimestamp: 01/01/0001 00:00:00, LastErrorDetails: , Details: Container careorbit-api-dev successfully created and is running., DetailsLevel: INFO
2026-03-17T21:19:53.6143607Z Container start method finished after 3929 ms.
2026-03-17T21:19:53.6586052Z State: Starting, Action: InitiatingSiteWarmUpProbe, LastError: , LastErrorTimestamp: 01/01/0001 00:00:00, LastErrorDetails: , Details: Container careorbit-api-dev successfully created and is running., DetailsLevel: INFO
2026-03-17T21:19:53.6592568Z State: Starting, Action: WaitingForSiteWarmUpProbeSuccess, LastError: , LastErrorTimestamp: 01/01/0001 00:00:00, LastErrorDetails: , Details: Pinging warmup path to ensure container is ready to receive requests., DetailsLevel: INFO
2026-03-17T21:21:55.6507870Z Site startup probe succeeded after 121.9599483 seconds.
2026-03-17T21:21:56.0023160Z State: Starting, Action: WarmUpProbeSucceeded, LastError: , LastErrorTimestamp: 01/01/0001 00:00:00, LastErrorDetails: , Details: Site startup probe succeeded after 121.9599483 seconds., DetailsLevel: INFO
2026-03-17T21:21:56.4089577Z Site is running with deployment version: 2defe661-a613-4ac3-b8e4-328136bd0940
2026-03-17T21:21:56.4460061Z Site started.
2026-03-17T21:21:56.4479947Z State: Started, Action: None, LastError: , LastErrorTimestamp: 01/01/0001 00:00:00, LastErrorDetails: , Details: Site started at 03/17/2026 21:21:56 (UTC), DetailsLevel: INFO
2026-03-17T21:21:56.4589574Z Site is running with patch version PYTHON 3.12.12
2026-03-17T21:22:16.5970804Z State: Stopping, Action: StoppingSite, LastError: ContainerTimeout, LastErrorTimestamp: 03/17/2026 20:45:01, LastErrorDetails: Container did not start within expected time limit of 230s. Please inspect your container logs for more details., Details: Site started at 03/17/2026 21:15:10 (UTC), DetailsLevel: INFO
2026-03-17T21:22:16.6862048Z State: Stopping, Action: StoppingSiteContainers, LastError: ContainerTimeout, LastErrorTimestamp: 03/17/2026 20:45:01, LastErrorDetails: Container did not start within expected time limit of 230s. Please inspect your container logs for more details., Details: Site started at 03/17/2026 21:15:10 (UTC), DetailsLevel: INFO
2026-03-17T21:22:16.6866542Z Container is terminating. Grace period: 5 seconds.
2026-03-17T21:22:16.8809794Z Stop and delete container. Retry count = 0
2026-03-17T21:22:16.9095407Z Stopping container: ed05f757e6a7_careorbit-api-dev.
2026-03-17T21:22:23.9577106Z Deleting container: ed05f757e6a7_careorbit-api-dev. Retry count = 0
2026-03-17T21:22:33.1574652Z Container spec TerminationMessagePolicy  path 
2026-03-17T21:22:33.2465300Z Container is terminated. Total time elapsed: 16541 ms.
2026-03-17T21:22:33.2857948Z Site: careorbit-api-dev stopped.
2026-03-17T21:24:10.2069448Z State: Starting, Action: EstablishingSiteNetworks, LastError: , LastErrorTimestamp: 01/01/0001 00:00:00, LastErrorDetails: , Details: , DetailsLevel: INFO
2026-03-17T21:24:13.7486147Z State: Starting, Action: StartingSiteContainers, LastError: , LastErrorTimestamp: 01/01/0001 00:00:00, LastErrorDetails: , Details: , DetailsLevel: INFO
2026-03-17T21:24:13.7983082Z Container start method called.
2026-03-17T21:24:13.7999489Z State: Starting, Action: PullingImage, LastError: , LastErrorTimestamp: 01/01/0001 00:00:00, LastErrorDetails: , Details: Pulling image 10.1.0.5:13209/appsvc/python:3.12_20260203.2.tuxprod for careorbit-api-dev., DetailsLevel: INFO
2026-03-17T21:24:13.8098613Z Establishing network.
2026-03-17T21:24:13.8173249Z Pulling image: appsvc/python:3.12_20260203.2.tuxprod.
2026-03-17T21:24:14.1358584Z Container is starting.
2026-03-17T21:24:14.1359955Z State: Starting, Action: MountingVolumes, LastError: , LastErrorTimestamp: 01/01/0001 00:00:00, LastErrorDetails: , Details: Mounting volumes for careorbit-api-dev., DetailsLevel: INFO
2026-03-17T21:24:14.1439914Z Establishing user namespace if not established already.
2026-03-17T21:24:14.1441897Z Establishing network if not established already.
2026-03-17T21:24:14.1444018Z Mounting volumes.
2026-03-17T21:24:14.1557191Z Nested mountpoint 
2026-03-17T21:24:14.1753860Z Nested mountpoint volatile/logs
2026-03-17T21:24:14.2709297Z Nested mountpoint 
2026-03-17T21:24:14.3178189Z Nested mountpoint 
2026-03-17T21:24:14.3466620Z Nested mountpoint 
2026-03-17T21:24:15.5809590Z State: Starting, Action: CreatingContainer, LastError: , LastErrorTimestamp: 01/01/0001 00:00:00, LastErrorDetails: , Details: Finished pulling container image and mounting volumes for careorbit-api-dev. Allocatinng the rest of the container resources to finish container creation., DetailsLevel: INFO
2026-03-17T21:24:15.5894700Z Creating container.
2026-03-17T21:24:15.5898796Z Creating pipes for streaming container io.
2026-03-17T21:24:15.6205661Z Creating stdout named pipe at /podr/container/pipe/82a28c2b55e7_careorbit-api-dev/stdout_9cc4aa3c336e42a087ca60a97c778bd2.
2026-03-17T21:24:15.6519776Z Successfully created stdout named pipe at: /podr/container/pipe/82a28c2b55e7_careorbit-api-dev/stdout_9cc4aa3c336e42a087ca60a97c778bd2.
2026-03-17T21:24:15.6521316Z Opening named pipe /podr/container/pipe/82a28c2b55e7_careorbit-api-dev/stdout_9cc4aa3c336e42a087ca60a97c778bd2 for reading in non-blocking mode.
2026-03-17T21:24:15.6706795Z Successfully opened named pipe: /podr/container/pipe/82a28c2b55e7_careorbit-api-dev/stdout_9cc4aa3c336e42a087ca60a97c778bd2.
2026-03-17T21:24:15.6997627Z Successfully removed non-blocking flag from /podr/container/pipe/82a28c2b55e7_careorbit-api-dev/stdout_9cc4aa3c336e42a087ca60a97c778bd2.
2026-03-17T21:24:15.7007018Z Creating stderr named pipe at /podr/container/pipe/82a28c2b55e7_careorbit-api-dev/stderr_b91a62729a394863aacf6d1acaf4100e.
2026-03-17T21:24:15.7008590Z Successfully created stderr named pipe at: /podr/container/pipe/82a28c2b55e7_careorbit-api-dev/stderr_b91a62729a394863aacf6d1acaf4100e.
2026-03-17T21:24:15.7009296Z Opening named pipe /podr/container/pipe/82a28c2b55e7_careorbit-api-dev/stderr_b91a62729a394863aacf6d1acaf4100e for reading in non-blocking mode.
2026-03-17T21:24:15.7010192Z Successfully opened named pipe: /podr/container/pipe/82a28c2b55e7_careorbit-api-dev/stderr_b91a62729a394863aacf6d1acaf4100e.
2026-03-17T21:24:15.7010882Z Successfully removed non-blocking flag from /podr/container/pipe/82a28c2b55e7_careorbit-api-dev/stderr_b91a62729a394863aacf6d1acaf4100e.
2026-03-17T21:24:15.7103842Z Creating container with image: appsvc/python:3.12_20260203.2.tuxprod from registry: 10.1.0.5:13209 and fully qualified image name: 10.1.0.5:13209/appsvc/python:3.12_20260203.2.tuxprod
2026-03-17T21:24:18.0690556Z Starting container: 82a28c2b55e7_careorbit-api-dev.
2026-03-17T21:24:18.2106680Z Starting watchers and probes.
2026-03-17T21:24:18.2117320Z Starting metrics collection.
2026-03-17T21:24:18.2195428Z Container is running.
2026-03-17T21:24:18.2200002Z State: Starting, Action: CreatingContainer, LastError: , LastErrorTimestamp: 01/01/0001 00:00:00, LastErrorDetails: , Details: Container careorbit-api-dev successfully created and is running., DetailsLevel: INFO
2026-03-17T21:24:18.4982056Z Container start method finished after 4698 ms.
2026-03-17T21:24:18.4984457Z State: Starting, Action: InitiatingSiteWarmUpProbe, LastError: , LastErrorTimestamp: 01/01/0001 00:00:00, LastErrorDetails: , Details: Container careorbit-api-dev successfully created and is running., DetailsLevel: INFO
2026-03-17T21:24:18.5824792Z State: Starting, Action: WaitingForSiteWarmUpProbeSuccess, LastError: , LastErrorTimestamp: 01/01/0001 00:00:00, LastErrorDetails: , Details: Pinging warmup path to ensure container is ready to receive requests., DetailsLevel: INFO
2026-03-17T21:25:25.5354400Z Site startup probe succeeded after 66.8454535 seconds.
2026-03-17T21:25:25.8874743Z State: Starting, Action: WarmUpProbeSucceeded, LastError: , LastErrorTimestamp: 01/01/0001 00:00:00, LastErrorDetails: , Details: Site startup probe succeeded after 66.8454535 seconds., DetailsLevel: INFO
2026-03-17T21:25:26.0165709Z Site is running with deployment version: 235fffa2-839c-4e74-9cff-5a56e82e67bc
2026-03-17T21:25:26.0193989Z Site started.
2026-03-17T21:25:26.0268887Z State: Started, Action: None, LastError: , LastErrorTimestamp: 01/01/0001 00:00:00, LastErrorDetails: , Details: Site started at 03/17/2026 21:25:26 (UTC), DetailsLevel: INFO
2026-03-17T21:25:26.0367443Z Site is running with patch version PYTHON 3.12.12
2026-03-17T21:25:46.1191782Z State: Stopping, Action: StoppingSite, LastError: ContainerTimeout, LastErrorTimestamp: 03/17/2026 20:45:01, LastErrorDetails: Container did not start within expected time limit of 230s. Please inspect your container logs for more details., Details: Site started at 03/17/2026 21:21:56 (UTC), DetailsLevel: INFO
2026-03-17T21:25:46.1292700Z State: Stopping, Action: StoppingSiteContainers, LastError: ContainerTimeout, LastErrorTimestamp: 03/17/2026 20:45:01, LastErrorDetails: Container did not start within expected time limit of 230s. Please inspect your container logs for more details., Details: Site started at 03/17/2026 21:21:56 (UTC), DetailsLevel: INFO
2026-03-17T21:25:46.1311488Z Container is terminating. Grace period: 5 seconds.
2026-03-17T21:25:46.1814722Z Stop and delete container. Retry count = 0
2026-03-17T21:25:46.1895842Z Stopping container: f160a84d707b_careorbit-api-dev.
2026-03-17T21:25:51.4376396Z Deleting container: f160a84d707b_careorbit-api-dev. Retry count = 0
2026-03-17T21:25:53.8682760Z Container spec TerminationMessagePolicy  path 
2026-03-17T21:25:53.9097634Z Container is terminated. Total time elapsed: 7777 ms.
2026-03-17T21:25:53.9374748Z Site: careorbit-api-dev stopped.
2026-03-17T21:28:25.6474004Z State: Starting, Action: EstablishingSiteNetworks, LastError: , LastErrorTimestamp: 01/01/0001 00:00:00, LastErrorDetails: , Details: , DetailsLevel: INFO
2026-03-17T21:28:30.9012434Z State: Starting, Action: StartingSiteContainers, LastError: , LastErrorTimestamp: 01/01/0001 00:00:00, LastErrorDetails: , Details: , DetailsLevel: INFO
2026-03-17T21:28:30.9291199Z Container start method called.
2026-03-17T21:28:30.9396561Z State: Starting, Action: PullingImage, LastError: , LastErrorTimestamp: 01/01/0001 00:00:00, LastErrorDetails: , Details: Pulling image 10.1.0.5:13209/appsvc/python:3.12_20260203.2.tuxprod for careorbit-api-dev., DetailsLevel: INFO
2026-03-17T21:28:30.9409471Z Establishing network.
2026-03-17T21:28:30.9411586Z Pulling image: appsvc/python:3.12_20260203.2.tuxprod.
2026-03-17T21:28:33.9738056Z Container is starting.
2026-03-17T21:28:33.9750147Z State: Starting, Action: MountingVolumes, LastError: , LastErrorTimestamp: 01/01/0001 00:00:00, LastErrorDetails: , Details: Mounting volumes for careorbit-api-dev., DetailsLevel: INFO
2026-03-17T21:28:33.9841494Z Establishing user namespace if not established already.
2026-03-17T21:28:33.9853926Z Establishing network if not established already.
2026-03-17T21:28:33.9863532Z Mounting volumes.
2026-03-17T21:28:33.9968415Z Nested mountpoint 
2026-03-17T21:28:34.1069473Z Nested mountpoint volatile/logs
2026-03-17T21:28:34.3624584Z Nested mountpoint 
2026-03-17T21:28:34.4216192Z Nested mountpoint 
2026-03-17T21:28:34.4713388Z Nested mountpoint 
2026-03-17T21:28:35.3320707Z State: Starting, Action: CreatingContainer, LastError: , LastErrorTimestamp: 01/01/0001 00:00:00, LastErrorDetails: , Details: Finished pulling container image and mounting volumes for careorbit-api-dev. Allocatinng the rest of the container resources to finish container creation., DetailsLevel: INFO
2026-03-17T21:28:35.3323966Z Creating container.
2026-03-17T21:28:35.3325434Z Creating pipes for streaming container io.
2026-03-17T21:28:35.3326576Z Creating stdout named pipe at /podr/container/pipe/c9c4c3cf585e_careorbit-api-dev/stdout_f400c69cc6484f11897348c5df5eb963.
2026-03-17T21:28:35.3506488Z Successfully created stdout named pipe at: /podr/container/pipe/c9c4c3cf585e_careorbit-api-dev/stdout_f400c69cc6484f11897348c5df5eb963.
2026-03-17T21:28:35.3508778Z Opening named pipe /podr/container/pipe/c9c4c3cf585e_careorbit-api-dev/stdout_f400c69cc6484f11897348c5df5eb963 for reading in non-blocking mode.
2026-03-17T21:28:35.3525269Z Successfully opened named pipe: /podr/container/pipe/c9c4c3cf585e_careorbit-api-dev/stdout_f400c69cc6484f11897348c5df5eb963.
2026-03-17T21:28:35.3526804Z Successfully removed non-blocking flag from /podr/container/pipe/c9c4c3cf585e_careorbit-api-dev/stdout_f400c69cc6484f11897348c5df5eb963.
2026-03-17T21:28:35.3897645Z Creating stderr named pipe at /podr/container/pipe/c9c4c3cf585e_careorbit-api-dev/stderr_f4df02b02a934be39b46810e8a6e86f2.
2026-03-17T21:28:35.3912182Z Successfully created stderr named pipe at: /podr/container/pipe/c9c4c3cf585e_careorbit-api-dev/stderr_f4df02b02a934be39b46810e8a6e86f2.
2026-03-17T21:28:35.3917067Z Opening named pipe /podr/container/pipe/c9c4c3cf585e_careorbit-api-dev/stderr_f4df02b02a934be39b46810e8a6e86f2 for reading in non-blocking mode.
2026-03-17T21:28:35.4000376Z Successfully opened named pipe: /podr/container/pipe/c9c4c3cf585e_careorbit-api-dev/stderr_f4df02b02a934be39b46810e8a6e86f2.
2026-03-17T21:28:35.4080490Z Successfully removed non-blocking flag from /podr/container/pipe/c9c4c3cf585e_careorbit-api-dev/stderr_f4df02b02a934be39b46810e8a6e86f2.
2026-03-17T21:28:35.4087326Z Creating container with image: appsvc/python:3.12_20260203.2.tuxprod from registry: 10.1.0.5:13209 and fully qualified image name: 10.1.0.5:13209/appsvc/python:3.12_20260203.2.tuxprod
2026-03-17T21:28:36.9443389Z Starting container: c9c4c3cf585e_careorbit-api-dev.
2026-03-17T21:28:37.1406335Z Starting watchers and probes.
2026-03-17T21:28:37.1783248Z Starting metrics collection.
2026-03-17T21:28:37.2000207Z Container is running.
2026-03-17T21:28:37.2095214Z State: Starting, Action: CreatingContainer, LastError: , LastErrorTimestamp: 01/01/0001 00:00:00, LastErrorDetails: , Details: Container careorbit-api-dev successfully created and is running., DetailsLevel: INFO
2026-03-17T21:28:37.4778279Z Container start method finished after 6548 ms.
2026-03-17T21:28:37.5592577Z State: Starting, Action: InitiatingSiteWarmUpProbe, LastError: , LastErrorTimestamp: 01/01/0001 00:00:00, LastErrorDetails: , Details: Container careorbit-api-dev successfully created and is running., DetailsLevel: INFO
2026-03-17T21:28:37.5592986Z State: Starting, Action: WaitingForSiteWarmUpProbeSuccess, LastError: , LastErrorTimestamp: 01/01/0001 00:00:00, LastErrorDetails: , Details: Pinging warmup path to ensure container is ready to receive requests., DetailsLevel: INFO
2026-03-17T21:29:43.5459149Z Site startup probe succeeded after 65.7383318 seconds.
2026-03-17T21:29:43.8232313Z State: Starting, Action: WarmUpProbeSucceeded, LastError: , LastErrorTimestamp: 01/01/0001 00:00:00, LastErrorDetails: , Details: Site startup probe succeeded after 65.7383318 seconds., DetailsLevel: INFO
2026-03-17T21:29:43.9043505Z Site is running with deployment version: 0286528c-4692-496a-9af4-4fdffb428ad6
2026-03-17T21:29:43.9100692Z Site started.
2026-03-17T21:29:43.9111392Z State: Started, Action: None, LastError: , LastErrorTimestamp: 01/01/0001 00:00:00, LastErrorDetails: , Details: Site started at 03/17/2026 21:29:43 (UTC), DetailsLevel: INFO
2026-03-17T21:29:43.9127215Z Site is running with patch version PYTHON 3.12.12
2026-03-17T21:30:04.0683619Z State: Stopping, Action: StoppingSite, LastError: ContainerTimeout, LastErrorTimestamp: 03/17/2026 20:45:01, LastErrorDetails: Container did not start within expected time limit of 230s. Please inspect your container logs for more details., Details: Site started at 03/17/2026 21:25:26 (UTC), DetailsLevel: INFO
2026-03-17T21:30:04.0899737Z State: Stopping, Action: StoppingSiteContainers, LastError: ContainerTimeout, LastErrorTimestamp: 03/17/2026 20:45:01, LastErrorDetails: Container did not start within expected time limit of 230s. Please inspect your container logs for more details., Details: Site started at 03/17/2026 21:25:26 (UTC), DetailsLevel: INFO
2026-03-17T21:30:04.0991077Z Container is terminating. Grace period: 5 seconds.
2026-03-17T21:30:04.3422148Z Stop and delete container. Retry count = 0
2026-03-17T21:30:04.3425124Z Stopping container: 82a28c2b55e7_careorbit-api-dev.
2026-03-17T21:30:10.4841214Z Deleting container: 82a28c2b55e7_careorbit-api-dev. Retry count = 0
2026-03-17T21:30:11.9081064Z Container spec TerminationMessagePolicy  path 
2026-03-17T21:30:11.9254866Z Container is terminated. Total time elapsed: 7820 ms.
2026-03-17T21:30:11.9314368Z Site: careorbit-api-dev stopped.
2026-03-17T21:31:14.0543377Z State: Starting, Action: EstablishingSiteNetworks, LastError: , LastErrorTimestamp: 01/01/0001 00:00:00, LastErrorDetails: , Details: , DetailsLevel: INFO
2026-03-17T21:31:32.8699729Z State: Starting, Action: StartingSiteContainers, LastError: , LastErrorTimestamp: 01/01/0001 00:00:00, LastErrorDetails: , Details: , DetailsLevel: INFO
2026-03-17T21:31:32.8802008Z Container start method called.
2026-03-17T21:31:32.8881749Z State: Starting, Action: PullingImage, LastError: , LastErrorTimestamp: 01/01/0001 00:00:00, LastErrorDetails: , Details: Pulling image 10.1.0.4:13209/appsvc/python:3.12_20260203.2.tuxprod for careorbit-api-dev., DetailsLevel: INFO
2026-03-17T21:31:32.8909205Z Establishing network.
2026-03-17T21:31:32.9097928Z Pulling image: appsvc/python:3.12_20260203.2.tuxprod.
2026-03-17T21:31:34.4893273Z Container is starting.
2026-03-17T21:31:34.4973768Z State: Starting, Action: MountingVolumes, LastError: , LastErrorTimestamp: 01/01/0001 00:00:00, LastErrorDetails: , Details: Mounting volumes for careorbit-api-dev., DetailsLevel: INFO
2026-03-17T21:31:34.4976368Z Establishing user namespace if not established already.
2026-03-17T21:31:34.5190276Z Establishing network if not established already.
2026-03-17T21:31:34.5266520Z Mounting volumes.
2026-03-17T21:31:34.5285952Z Nested mountpoint 
2026-03-17T21:31:34.8657805Z Nested mountpoint volatile/logs
2026-03-17T21:31:35.2294442Z Nested mountpoint 
2026-03-17T21:31:35.2692660Z Nested mountpoint 
2026-03-17T21:31:35.3605612Z Nested mountpoint 
2026-03-17T21:31:37.9921027Z State: Starting, Action: CreatingContainer, LastError: , LastErrorTimestamp: 01/01/0001 00:00:00, LastErrorDetails: , Details: Finished pulling container image and mounting volumes for careorbit-api-dev. Allocatinng the rest of the container resources to finish container creation., DetailsLevel: INFO
2026-03-17T21:31:37.9927297Z Creating container.
2026-03-17T21:31:38.0230246Z Creating pipes for streaming container io.
2026-03-17T21:31:38.0231747Z Creating stdout named pipe at /podr/container/pipe/5e10ce0cde4e_careorbit-api-dev/stdout_c6f3caac07c448e4b9e390163864bdcf.
2026-03-17T21:31:38.0233847Z Successfully created stdout named pipe at: /podr/container/pipe/5e10ce0cde4e_careorbit-api-dev/stdout_c6f3caac07c448e4b9e390163864bdcf.
2026-03-17T21:31:38.0234600Z Opening named pipe /podr/container/pipe/5e10ce0cde4e_careorbit-api-dev/stdout_c6f3caac07c448e4b9e390163864bdcf for reading in non-blocking mode.
2026-03-17T21:31:38.0235569Z Successfully opened named pipe: /podr/container/pipe/5e10ce0cde4e_careorbit-api-dev/stdout_c6f3caac07c448e4b9e390163864bdcf.
2026-03-17T21:31:38.0834439Z Successfully removed non-blocking flag from /podr/container/pipe/5e10ce0cde4e_careorbit-api-dev/stdout_c6f3caac07c448e4b9e390163864bdcf.
2026-03-17T21:31:38.0940334Z Creating stderr named pipe at /podr/container/pipe/5e10ce0cde4e_careorbit-api-dev/stderr_3bc70c87e5ab4343a959f3d9f2f66f62.
2026-03-17T21:31:38.1612508Z Successfully created stderr named pipe at: /podr/container/pipe/5e10ce0cde4e_careorbit-api-dev/stderr_3bc70c87e5ab4343a959f3d9f2f66f62.
2026-03-17T21:31:38.1620024Z Opening named pipe /podr/container/pipe/5e10ce0cde4e_careorbit-api-dev/stderr_3bc70c87e5ab4343a959f3d9f2f66f62 for reading in non-blocking mode.
2026-03-17T21:31:38.1639546Z Successfully opened named pipe: /podr/container/pipe/5e10ce0cde4e_careorbit-api-dev/stderr_3bc70c87e5ab4343a959f3d9f2f66f62.
2026-03-17T21:31:38.1716754Z Successfully removed non-blocking flag from /podr/container/pipe/5e10ce0cde4e_careorbit-api-dev/stderr_3bc70c87e5ab4343a959f3d9f2f66f62.
2026-03-17T21:31:38.1727763Z Creating container with image: appsvc/python:3.12_20260203.2.tuxprod from registry: 10.1.0.4:13209 and fully qualified image name: 10.1.0.4:13209/appsvc/python:3.12_20260203.2.tuxprod
2026-03-17T21:31:43.2015651Z Starting container: 5e10ce0cde4e_careorbit-api-dev.
2026-03-17T21:31:43.6523307Z Starting watchers and probes.
2026-03-17T21:31:43.6526521Z Starting metrics collection.
2026-03-17T21:31:43.6527530Z Container is running.
2026-03-17T21:31:43.6528539Z State: Starting, Action: CreatingContainer, LastError: , LastErrorTimestamp: 01/01/0001 00:00:00, LastErrorDetails: , Details: Container careorbit-api-dev successfully created and is running., DetailsLevel: INFO
2026-03-17T21:31:44.5435345Z Container start method finished after 11655 ms.
2026-03-17T21:31:44.5527993Z State: Starting, Action: InitiatingSiteWarmUpProbe, LastError: , LastErrorTimestamp: 01/01/0001 00:00:00, LastErrorDetails: , Details: Container careorbit-api-dev successfully created and is running., DetailsLevel: INFO
2026-03-17T21:31:44.5713491Z State: Starting, Action: WaitingForSiteWarmUpProbeSuccess, LastError: , LastErrorTimestamp: 01/01/0001 00:00:00, LastErrorDetails: , Details: Pinging warmup path to ensure container is ready to receive requests., DetailsLevel: INFO
2026-03-17T21:34:43.0607201Z Site startup probe succeeded after 178.488621 seconds.
2026-03-17T21:34:43.4603906Z State: Starting, Action: WarmUpProbeSucceeded, LastError: , LastErrorTimestamp: 01/01/0001 00:00:00, LastErrorDetails: , Details: Site startup probe succeeded after 178.488621 seconds., DetailsLevel: INFO
2026-03-17T21:34:43.7547367Z State: Starting, Action: StartingAuthContainer, LastError: , LastErrorTimestamp: 01/01/0001 00:00:00, LastErrorDetails: , Details: Site startup probe succeeded after 178.488621 seconds., DetailsLevel: INFO
2026-03-17T21:35:04.4851866Z Site is running with deployment version: 0286528c-4692-496a-9af4-4fdffb428ad6
2026-03-17T21:35:04.5077772Z Site started.
2026-03-17T21:35:04.5085726Z State: Started, Action: None, LastError: , LastErrorTimestamp: 01/01/0001 00:00:00, LastErrorDetails: , Details: Site started at 03/17/2026 21:35:04 (UTC), DetailsLevel: INFO
2026-03-17T21:35:04.5908111Z Site is running with patch version PYTHON 3.12.12
2026-03-17T21:35:24.8750461Z State: Stopping, Action: StoppingSite, LastError: ContainerTimeout, LastErrorTimestamp: 03/17/2026 20:45:01, LastErrorDetails: Container did not start within expected time limit of 230s. Please inspect your container logs for more details., Details: Site started at 03/17/2026 21:29:43 (UTC), DetailsLevel: INFO
2026-03-17T21:35:24.9221175Z State: Stopping, Action: StoppingSiteContainers, LastError: ContainerTimeout, LastErrorTimestamp: 03/17/2026 20:45:01, LastErrorDetails: Container did not start within expected time limit of 230s. Please inspect your container logs for more details., Details: Site started at 03/17/2026 21:29:43 (UTC), DetailsLevel: INFO
2026-03-17T21:35:24.9645657Z Container is terminating. Grace period: 5 seconds.
2026-03-17T21:35:25.8396534Z Stop and delete container. Retry count = 0
2026-03-17T21:35:25.8647839Z Stopping container: c9c4c3cf585e_careorbit-api-dev.
2026-03-17T21:35:31.2692930Z Deleting container: c9c4c3cf585e_careorbit-api-dev. Retry count = 0
2026-03-17T21:35:33.9796593Z Container spec TerminationMessagePolicy  path 
2026-03-17T21:35:33.9910899Z Container is terminated. Total time elapsed: 8941 ms.
2026-03-17T21:35:34.0212780Z Site: careorbit-api-dev stopped.
2026-03-17T21:40:14.0517041Z State: Starting, Action: EstablishingSiteNetworks, LastError: , LastErrorTimestamp: 01/01/0001 00:00:00, LastErrorDetails: , Details: , DetailsLevel: INFO
2026-03-17T21:40:19.8859998Z State: Starting, Action: StartingSiteContainers, LastError: , LastErrorTimestamp: 01/01/0001 00:00:00, LastErrorDetails: , Details: , DetailsLevel: INFO
2026-03-17T21:40:19.8926816Z Container start method called.
2026-03-17T21:40:19.8934191Z State: Starting, Action: PullingImage, LastError: , LastErrorTimestamp: 01/01/0001 00:00:00, LastErrorDetails: , Details: Pulling image 10.1.0.5:13209/appsvc/python:3.12_20260203.2.tuxprod for careorbit-api-dev., DetailsLevel: INFO
2026-03-17T21:40:19.8936001Z Establishing network.
2026-03-17T21:40:19.8939424Z Pulling image: appsvc/python:3.12_20260203.2.tuxprod.
2026-03-17T21:40:21.0561687Z Container is starting.
2026-03-17T21:40:21.0565803Z State: Starting, Action: MountingVolumes, LastError: , LastErrorTimestamp: 01/01/0001 00:00:00, LastErrorDetails: , Details: Mounting volumes for careorbit-api-dev., DetailsLevel: INFO
2026-03-17T21:40:21.0572359Z Establishing user namespace if not established already.
2026-03-17T21:40:21.0575494Z Establishing network if not established already.
2026-03-17T21:40:21.0583187Z Mounting volumes.
2026-03-17T21:40:21.0675569Z Nested mountpoint 
2026-03-17T21:40:21.0967923Z Nested mountpoint volatile/logs
2026-03-17T21:40:21.1872509Z Nested mountpoint 
2026-03-17T21:40:21.2790994Z Nested mountpoint 
2026-03-17T21:40:21.3068278Z Nested mountpoint 
2026-03-17T21:40:21.8729585Z State: Starting, Action: CreatingContainer, LastError: , LastErrorTimestamp: 01/01/0001 00:00:00, LastErrorDetails: , Details: Finished pulling container image and mounting volumes for careorbit-api-dev. Allocatinng the rest of the container resources to finish container creation., DetailsLevel: INFO
2026-03-17T21:40:21.9073642Z Creating container.
2026-03-17T21:40:21.9261025Z Creating pipes for streaming container io.
2026-03-17T21:40:21.9442178Z Creating stdout named pipe at /podr/container/pipe/ce8a428d12ac_careorbit-api-dev/stdout_7c4aa7b8cdeb456fb800828b89871f7a.
2026-03-17T21:40:21.9459847Z Successfully created stdout named pipe at: /podr/container/pipe/ce8a428d12ac_careorbit-api-dev/stdout_7c4aa7b8cdeb456fb800828b89871f7a.
2026-03-17T21:40:21.9463665Z Opening named pipe /podr/container/pipe/ce8a428d12ac_careorbit-api-dev/stdout_7c4aa7b8cdeb456fb800828b89871f7a for reading in non-blocking mode.
2026-03-17T21:40:21.9468269Z Successfully opened named pipe: /podr/container/pipe/ce8a428d12ac_careorbit-api-dev/stdout_7c4aa7b8cdeb456fb800828b89871f7a.
2026-03-17T21:40:21.9554640Z Successfully removed non-blocking flag from /podr/container/pipe/ce8a428d12ac_careorbit-api-dev/stdout_7c4aa7b8cdeb456fb800828b89871f7a.
2026-03-17T21:40:21.9569553Z Creating stderr named pipe at /podr/container/pipe/ce8a428d12ac_careorbit-api-dev/stderr_8a154d9253384070ba2ba8d1ecbf1a8e.
2026-03-17T21:40:21.9764229Z Successfully created stderr named pipe at: /podr/container/pipe/ce8a428d12ac_careorbit-api-dev/stderr_8a154d9253384070ba2ba8d1ecbf1a8e.
2026-03-17T21:40:21.9774418Z Opening named pipe /podr/container/pipe/ce8a428d12ac_careorbit-api-dev/stderr_8a154d9253384070ba2ba8d1ecbf1a8e for reading in non-blocking mode.
2026-03-17T21:40:21.9956652Z Successfully opened named pipe: /podr/container/pipe/ce8a428d12ac_careorbit-api-dev/stderr_8a154d9253384070ba2ba8d1ecbf1a8e.
2026-03-17T21:40:21.9958728Z Successfully removed non-blocking flag from /podr/container/pipe/ce8a428d12ac_careorbit-api-dev/stderr_8a154d9253384070ba2ba8d1ecbf1a8e.
2026-03-17T21:40:21.9964701Z Creating container with image: appsvc/python:3.12_20260203.2.tuxprod from registry: 10.1.0.5:13209 and fully qualified image name: 10.1.0.5:13209/appsvc/python:3.12_20260203.2.tuxprod
2026-03-17T21:40:24.9004989Z Starting container: ce8a428d12ac_careorbit-api-dev.
2026-03-17T21:40:25.0271787Z Starting watchers and probes.
2026-03-17T21:40:25.0361782Z Starting metrics collection.
2026-03-17T21:40:25.0371290Z Container is running.
2026-03-17T21:40:25.0372857Z State: Starting, Action: CreatingContainer, LastError: , LastErrorTimestamp: 01/01/0001 00:00:00, LastErrorDetails: , Details: Container careorbit-api-dev successfully created and is running., DetailsLevel: INFO
2026-03-17T21:40:25.3653901Z Container start method finished after 5435 ms.
2026-03-17T21:40:25.4036589Z State: Starting, Action: InitiatingSiteWarmUpProbe, LastError: , LastErrorTimestamp: 01/01/0001 00:00:00, LastErrorDetails: , Details: Container careorbit-api-dev successfully created and is running., DetailsLevel: INFO
2026-03-17T21:40:25.4216153Z State: Starting, Action: WaitingForSiteWarmUpProbeSuccess, LastError: , LastErrorTimestamp: 01/01/0001 00:00:00, LastErrorDetails: , Details: Pinging warmup path to ensure container is ready to receive requests., DetailsLevel: INFO
2026-03-17T21:41:13.2085160Z Container has finished running with exit code: 1.
2026-03-17T21:41:13.2103737Z Container is terminating. Grace period: 5 seconds.
2026-03-17T21:41:13.2214662Z Stop and delete container. Retry count = 0
2026-03-17T21:41:13.2275639Z Stopping container: ce8a428d12ac_careorbit-api-dev.
2026-03-17T21:41:13.3095172Z Deleting container: ce8a428d12ac_careorbit-api-dev. Retry count = 0
2026-03-17T21:41:13.8748307Z Container spec TerminationMessagePolicy  path 
2026-03-17T21:41:13.8841833Z Container is terminated. Total time elapsed: 665 ms.
2026-03-17T21:41:13.8976083Z Site container: careorbit-api-dev terminated during site startup.
2026-03-17T21:41:13.9056910Z State: Stopping, Action: CancellingStartup, LastError: , LastErrorTimestamp: 01/01/0001 00:00:00, LastErrorDetails: , Details: Site container: careorbit-api-dev terminated during site startup. Cancelling site startup., DetailsLevel: ERR
2026-03-17T21:41:14.7494648Z Site startup probe failed after 49.2561992 seconds.
2026-03-17T21:41:15.5729953Z State: Stopping, Action: CancellingStartup, LastError: ContainerTimeout, LastErrorTimestamp: 03/17/2026 21:41:15, LastErrorDetails: Container did not start within expected time limit of 230s. Please inspect your container logs for more details., Details: Site container: careorbit-api-dev terminated during site startup. Cancelling site startup., DetailsLevel: ERR
2026-03-17T21:41:15.6030759Z Failed to start site. Revert by stopping site.
2026-03-17T21:41:15.6066886Z State: Stopping, Action: StoppingSite, LastError: ContainerTimeout, LastErrorTimestamp: 03/17/2026 21:41:15, LastErrorDetails: Container did not start within expected time limit of 230s. Please inspect your container logs for more details., Details: Site container: careorbit-api-dev terminated during site startup. Cancelling site startup., DetailsLevel: ERR
2026-03-17T21:41:15.6145119Z State: Stopping, Action: StoppingSiteContainers, LastError: ContainerTimeout, LastErrorTimestamp: 03/17/2026 21:41:15, LastErrorDetails: Container did not start within expected time limit of 230s. Please inspect your container logs for more details., Details: Site container: careorbit-api-dev terminated during site startup. Cancelling site startup., DetailsLevel: ERR
2026-03-17T21:41:15.6145343Z Site: careorbit-api-dev stopped.
2026-03-17T21:41:38.6423403Z State: Stopping, Action: StoppingSite, LastError: ContainerTimeout, LastErrorTimestamp: 03/17/2026 20:45:01, LastErrorDetails: Container did not start within expected time limit of 230s. Please inspect your container logs for more details., Details: Site started at 03/17/2026 21:35:04 (UTC), DetailsLevel: INFO
2026-03-17T21:41:38.6439470Z State: Stopping, Action: StoppingSiteContainers, LastError: ContainerTimeout, LastErrorTimestamp: 03/17/2026 20:45:01, LastErrorDetails: Container did not start within expected time limit of 230s. Please inspect your container logs for more details., Details: Site started at 03/17/2026 21:35:04 (UTC), DetailsLevel: INFO
2026-03-17T21:41:38.6441616Z Container is terminating. Grace period: 5 seconds.
2026-03-17T21:41:39.1679880Z Stop and delete container. Retry count = 0
2026-03-17T21:41:39.1695202Z Stopping container: 5e10ce0cde4e_careorbit-api-dev.
2026-03-17T21:41:44.5952031Z Deleting container: 5e10ce0cde4e_careorbit-api-dev. Retry count = 0
2026-03-17T21:41:47.9180125Z Container spec TerminationMessagePolicy  path 
2026-03-17T21:41:47.9192784Z Container is terminated. Total time elapsed: 9131 ms.
2026-03-17T21:41:47.9274253Z Site: careorbit-api-dev stopped.
2026-03-17T21:41:15.6258788Z State: Stopping, Action: UnmountingVolumes, LastError: ContainerTimeout, LastErrorTimestamp: 03/17/2026 21:41:15, LastErrorDetails: Container did not start within expected time limit of 230s. Please inspect your container logs for more details., Details: Site container: careorbit-api-dev terminated during site startup. Cancelling site startup., DetailsLevel: ERR
2026-03-17T21:41:16.6448079Z State: Stopping, Action: StoppingSiteNetworks, LastError: ContainerTimeout, LastErrorTimestamp: 03/17/2026 21:41:15, LastErrorDetails: Container did not start within expected time limit of 230s. Please inspect your container logs for more details., Details: Site container: careorbit-api-dev terminated during site startup. Cancelling site startup., DetailsLevel: ERR
2026-03-17T21:41:17.9316421Z State: Stopped, Action: None, LastError: ContainerTimeout, LastErrorTimestamp: 03/17/2026 21:41:15, LastErrorDetails: Container did not start within expected time limit of 230s. Please inspect your container logs for more details., Details: Site stopped at 03/17/2026 21:41:17 (UTC), DetailsLevel: ERR
2026-03-17T21:41:18.0412785Z State: Stopped, Action: None, LastError: ContainerTimeout, LastErrorTimestamp: 03/17/2026 21:41:15, LastErrorDetails: Container did not start within expected time limit of 230s. Please inspect your container logs for more details., Details: Site stopped at 03/17/2026 21:41:17 (UTC), DetailsLevel: ERR
2026-03-17T21:43:04.6739777Z State: Starting, Action: EstablishingSiteNetworks, LastError: ContainerTimeout, LastErrorTimestamp: 03/17/2026 21:41:15, LastErrorDetails: Container did not start within expected time limit of 230s. Please inspect your container logs for more details., Details: Site stopped at 03/17/2026 21:41:17 (UTC), DetailsLevel: ERR
2026-03-17T21:43:10.2403712Z State: Starting, Action: StartingSiteContainers, LastError: ContainerTimeout, LastErrorTimestamp: 03/17/2026 21:41:15, LastErrorDetails: Container did not start within expected time limit of 230s. Please inspect your container logs for more details., Details: Site stopped at 03/17/2026 21:41:17 (UTC), DetailsLevel: ERR
2026-03-17T21:43:10.2406970Z Container start method called.
2026-03-17T21:43:10.2407675Z State: Starting, Action: PullingImage, LastError: ContainerTimeout, LastErrorTimestamp: 03/17/2026 21:41:15, LastErrorDetails: Container did not start within expected time limit of 230s. Please inspect your container logs for more details., Details: Pulling image 10.1.0.5:13209/appsvc/python:3.12_20260203.2.tuxprod for careorbit-api-dev., DetailsLevel: INFO
2026-03-17T21:43:10.2408537Z Establishing network.
2026-03-17T21:43:10.2409581Z Pulling image: appsvc/python:3.12_20260203.2.tuxprod.
2026-03-17T21:43:10.7569329Z Container is starting.
2026-03-17T21:43:10.8062649Z State: Starting, Action: MountingVolumes, LastError: ContainerTimeout, LastErrorTimestamp: 03/17/2026 21:41:15, LastErrorDetails: Container did not start within expected time limit of 230s. Please inspect your container logs for more details., Details: Mounting volumes for careorbit-api-dev., DetailsLevel: INFO
2026-03-17T21:43:10.8066778Z Establishing user namespace if not established already.
2026-03-17T21:43:10.8249981Z Establishing network if not established already.
2026-03-17T21:43:10.8251839Z Mounting volumes.
2026-03-17T21:43:10.8267123Z Nested mountpoint 
2026-03-17T21:43:11.1841308Z Nested mountpoint volatile/logs
2026-03-17T21:43:11.3431182Z Nested mountpoint 
2026-03-17T21:43:11.3438101Z Nested mountpoint 
2026-03-17T21:43:11.7331590Z Nested mountpoint 
2026-03-17T21:43:13.0621185Z State: Starting, Action: CreatingContainer, LastError: ContainerTimeout, LastErrorTimestamp: 03/17/2026 21:41:15, LastErrorDetails: Container did not start within expected time limit of 230s. Please inspect your container logs for more details., Details: Finished pulling container image and mounting volumes for careorbit-api-dev. Allocatinng the rest of the container resources to finish container creation., DetailsLevel: INFO
2026-03-17T21:43:13.0623548Z Creating container.
2026-03-17T21:43:13.0624390Z Creating pipes for streaming container io.
2026-03-17T21:43:13.0625124Z Creating stdout named pipe at /podr/container/pipe/fd1a9954b7f7_careorbit-api-dev/stdout_d316d1d2d3c243c682a3f64d7d7b9efa.
2026-03-17T21:43:13.0631444Z Successfully created stdout named pipe at: /podr/container/pipe/fd1a9954b7f7_careorbit-api-dev/stdout_d316d1d2d3c243c682a3f64d7d7b9efa.
2026-03-17T21:43:13.0632270Z Opening named pipe /podr/container/pipe/fd1a9954b7f7_careorbit-api-dev/stdout_d316d1d2d3c243c682a3f64d7d7b9efa for reading in non-blocking mode.
2026-03-17T21:43:13.0634353Z Successfully opened named pipe: /podr/container/pipe/fd1a9954b7f7_careorbit-api-dev/stdout_d316d1d2d3c243c682a3f64d7d7b9efa.
2026-03-17T21:43:13.0635509Z Successfully removed non-blocking flag from /podr/container/pipe/fd1a9954b7f7_careorbit-api-dev/stdout_d316d1d2d3c243c682a3f64d7d7b9efa.
2026-03-17T21:43:13.0637407Z Creating stderr named pipe at /podr/container/pipe/fd1a9954b7f7_careorbit-api-dev/stderr_74c5f71afc16412fb3d02031c52cfd1a.
2026-03-17T21:43:13.1092506Z Successfully created stderr named pipe at: /podr/container/pipe/fd1a9954b7f7_careorbit-api-dev/stderr_74c5f71afc16412fb3d02031c52cfd1a.
2026-03-17T21:43:13.1192991Z Opening named pipe /podr/container/pipe/fd1a9954b7f7_careorbit-api-dev/stderr_74c5f71afc16412fb3d02031c52cfd1a for reading in non-blocking mode.
2026-03-17T21:43:13.1288945Z Successfully opened named pipe: /podr/container/pipe/fd1a9954b7f7_careorbit-api-dev/stderr_74c5f71afc16412fb3d02031c52cfd1a.
2026-03-17T21:43:13.1386954Z Successfully removed non-blocking flag from /podr/container/pipe/fd1a9954b7f7_careorbit-api-dev/stderr_74c5f71afc16412fb3d02031c52cfd1a.
2026-03-17T21:43:13.1398475Z Creating container with image: appsvc/python:3.12_20260203.2.tuxprod from registry: 10.1.0.5:13209 and fully qualified image name: 10.1.0.5:13209/appsvc/python:3.12_20260203.2.tuxprod
2026-03-17T21:43:14.9249287Z Starting container: fd1a9954b7f7_careorbit-api-dev.
2026-03-17T21:43:15.1895137Z Starting watchers and probes.
2026-03-17T21:43:15.1899441Z Starting metrics collection.
2026-03-17T21:43:15.1900574Z Container is running.
2026-03-17T21:43:15.1901424Z State: Starting, Action: CreatingContainer, LastError: ContainerTimeout, LastErrorTimestamp: 03/17/2026 21:41:15, LastErrorDetails: Container did not start within expected time limit of 230s. Please inspect your container logs for more details., Details: Container careorbit-api-dev successfully created and is running., DetailsLevel: INFO
2026-03-17T21:43:15.7361098Z Container start method finished after 5495 ms.
2026-03-17T21:43:15.8622007Z State: Starting, Action: InitiatingSiteWarmUpProbe, LastError: ContainerTimeout, LastErrorTimestamp: 03/17/2026 21:41:15, LastErrorDetails: Container did not start within expected time limit of 230s. Please inspect your container logs for more details., Details: Container careorbit-api-dev successfully created and is running., DetailsLevel: INFO
2026-03-17T21:43:15.8826067Z State: Starting, Action: WaitingForSiteWarmUpProbeSuccess, LastError: ContainerTimeout, LastErrorTimestamp: 03/17/2026 21:41:15, LastErrorDetails: Container did not start within expected time limit of 230s. Please inspect your container logs for more details., Details: Pinging warmup path to ensure container is ready to receive requests., DetailsLevel: INFO
2026-03-17T21:45:33.6693378Z Site startup probe succeeded after 137.7862547 seconds.
2026-03-17T21:45:34.0814587Z State: Starting, Action: WarmUpProbeSucceeded, LastError: ContainerTimeout, LastErrorTimestamp: 03/17/2026 21:41:15, LastErrorDetails: Container did not start within expected time limit of 230s. Please inspect your container logs for more details., Details: Site startup probe succeeded after 137.7862547 seconds., DetailsLevel: INFO
2026-03-17T21:45:34.2679720Z State: Starting, Action: StartingAuthContainer, LastError: ContainerTimeout, LastErrorTimestamp: 03/17/2026 21:41:15, LastErrorDetails: Container did not start within expected time limit of 230s. Please inspect your container logs for more details., Details: Site startup probe succeeded after 137.7862547 seconds., DetailsLevel: INFO
2026-03-17T21:45:46.1722111Z Site is running with deployment version: 4e00f82f-896c-4e0c-bcba-cf5bb04e339c
2026-03-17T21:45:46.1899740Z Site started.
2026-03-17T21:45:46.2015263Z State: Started, Action: None, LastError: ContainerTimeout, LastErrorTimestamp: 03/17/2026 21:41:15, LastErrorDetails: Container did not start within expected time limit of 230s. Please inspect your container logs for more details., Details: Site started at 03/17/2026 21:45:46 (UTC), DetailsLevel: INFO
2026-03-17T21:45:46.8788125Z Site is running with patch version PYTHON 3.12.12
2026-03-17T21:56:30.9101088Z State: Starting, Action: EstablishingSiteNetworks, LastError: , LastErrorTimestamp: 01/01/0001 00:00:00, LastErrorDetails: , Details: , DetailsLevel: INFO
2026-03-17T21:56:35.4299082Z State: Starting, Action: StartingSiteContainers, LastError: , LastErrorTimestamp: 01/01/0001 00:00:00, LastErrorDetails: , Details: , DetailsLevel: INFO
2026-03-17T21:56:35.4301976Z Container start method called.
2026-03-17T21:56:35.4302435Z State: Starting, Action: PullingImage, LastError: , LastErrorTimestamp: 01/01/0001 00:00:00, LastErrorDetails: , Details: Pulling image 10.1.0.4:13209/appsvc/python:3.12_20260203.2.tuxprod for careorbit-api-dev., DetailsLevel: INFO
2026-03-17T21:56:35.4303256Z Establishing network.
2026-03-17T21:56:35.4387342Z Pulling image: appsvc/python:3.12_20260203.2.tuxprod.
2026-03-17T21:56:36.5915651Z Container is starting.
2026-03-17T21:56:36.6007179Z State: Starting, Action: MountingVolumes, LastError: , LastErrorTimestamp: 01/01/0001 00:00:00, LastErrorDetails: , Details: Mounting volumes for careorbit-api-dev., DetailsLevel: INFO
2026-03-17T21:56:36.6018812Z Establishing user namespace if not established already.
2026-03-17T21:56:36.6103496Z Establishing network if not established already.
2026-03-17T21:56:36.6113689Z Mounting volumes.
2026-03-17T21:56:36.6206508Z Nested mountpoint 
2026-03-17T21:56:36.7561994Z Nested mountpoint volatile/logs
2026-03-17T21:56:36.9111839Z Nested mountpoint 
2026-03-17T21:56:37.0532042Z Nested mountpoint 
2026-03-17T21:56:37.2585964Z Nested mountpoint 
2026-03-17T21:56:38.2498157Z State: Starting, Action: CreatingContainer, LastError: , LastErrorTimestamp: 01/01/0001 00:00:00, LastErrorDetails: , Details: Finished pulling container image and mounting volumes for careorbit-api-dev. Allocatinng the rest of the container resources to finish container creation., DetailsLevel: INFO
2026-03-17T21:56:38.2507180Z Creating container.
2026-03-17T21:56:38.2511505Z Creating pipes for streaming container io.
2026-03-17T21:56:38.3025837Z Creating stdout named pipe at /podr/container/pipe/6fbcdba9572f_careorbit-api-dev/stdout_b6d6b25c70f14a18a17c942d82145688.
2026-03-17T21:56:38.3235270Z Successfully created stdout named pipe at: /podr/container/pipe/6fbcdba9572f_careorbit-api-dev/stdout_b6d6b25c70f14a18a17c942d82145688.
2026-03-17T21:56:38.3236364Z Opening named pipe /podr/container/pipe/6fbcdba9572f_careorbit-api-dev/stdout_b6d6b25c70f14a18a17c942d82145688 for reading in non-blocking mode.
2026-03-17T21:56:38.3237399Z Successfully opened named pipe: /podr/container/pipe/6fbcdba9572f_careorbit-api-dev/stdout_b6d6b25c70f14a18a17c942d82145688.
2026-03-17T21:56:38.3238119Z Successfully removed non-blocking flag from /podr/container/pipe/6fbcdba9572f_careorbit-api-dev/stdout_b6d6b25c70f14a18a17c942d82145688.
2026-03-17T21:56:38.3320196Z Creating stderr named pipe at /podr/container/pipe/6fbcdba9572f_careorbit-api-dev/stderr_2a5aa205b3a643e2969d74c27de14fb5.
2026-03-17T21:56:38.3325739Z Successfully created stderr named pipe at: /podr/container/pipe/6fbcdba9572f_careorbit-api-dev/stderr_2a5aa205b3a643e2969d74c27de14fb5.
2026-03-17T21:56:38.3327370Z Opening named pipe /podr/container/pipe/6fbcdba9572f_careorbit-api-dev/stderr_2a5aa205b3a643e2969d74c27de14fb5 for reading in non-blocking mode.
2026-03-17T21:56:38.3626501Z Successfully opened named pipe: /podr/container/pipe/6fbcdba9572f_careorbit-api-dev/stderr_2a5aa205b3a643e2969d74c27de14fb5.
2026-03-17T21:56:38.3738227Z Successfully removed non-blocking flag from /podr/container/pipe/6fbcdba9572f_careorbit-api-dev/stderr_2a5aa205b3a643e2969d74c27de14fb5.
2026-03-17T21:56:38.3807882Z Creating container with image: appsvc/python:3.12_20260203.2.tuxprod from registry: 10.1.0.4:13209 and fully qualified image name: 10.1.0.4:13209/appsvc/python:3.12_20260203.2.tuxprod
2026-03-17T21:56:39.5965949Z Starting container: 6fbcdba9572f_careorbit-api-dev.
2026-03-17T21:56:39.7076484Z Starting watchers and probes.
2026-03-17T21:56:39.7171931Z Starting metrics collection.
2026-03-17T21:56:39.7184370Z Container is running.
2026-03-17T21:56:39.7186909Z State: Starting, Action: CreatingContainer, LastError: , LastErrorTimestamp: 01/01/0001 00:00:00, LastErrorDetails: , Details: Container careorbit-api-dev successfully created and is running., DetailsLevel: INFO
2026-03-17T21:56:40.4319506Z Container start method finished after 4972 ms.
2026-03-17T21:56:40.4620960Z State: Starting, Action: InitiatingSiteWarmUpProbe, LastError: , LastErrorTimestamp: 01/01/0001 00:00:00, LastErrorDetails: , Details: Container careorbit-api-dev successfully created and is running., DetailsLevel: INFO
2026-03-17T21:56:40.4708080Z State: Starting, Action: WaitingForSiteWarmUpProbeSuccess, LastError: , LastErrorTimestamp: 01/01/0001 00:00:00, LastErrorDetails: , Details: Pinging warmup path to ensure container is ready to receive requests., DetailsLevel: INFO
2026-03-17T21:58:12.6105967Z Site startup probe succeeded after 92.126493 seconds.
2026-03-17T21:58:13.0923143Z State: Starting, Action: WarmUpProbeSucceeded, LastError: , LastErrorTimestamp: 01/01/0001 00:00:00, LastErrorDetails: , Details: Site startup probe succeeded after 92.126493 seconds., DetailsLevel: INFO
2026-03-17T21:58:13.2092207Z State: Starting, Action: StartingAuthContainer, LastError: , LastErrorTimestamp: 01/01/0001 00:00:00, LastErrorDetails: , Details: Site startup probe succeeded after 92.126493 seconds., DetailsLevel: INFO
2026-03-17T21:58:26.1415555Z Site is running with deployment version: 944c82b1-3ddd-4daa-80d0-ee5a8a227cbb
2026-03-17T21:58:26.1505569Z Site started.
2026-03-17T21:58:26.1515450Z State: Started, Action: None, LastError: , LastErrorTimestamp: 01/01/0001 00:00:00, LastErrorDetails: , Details: Site started at 03/17/2026 21:58:26 (UTC), DetailsLevel: INFO
2026-03-17T21:58:26.1803228Z Site is running with patch version PYTHON 3.12.12
2026-03-17T21:58:46.5126452Z State: Stopping, Action: StoppingSite, LastError: ContainerTimeout, LastErrorTimestamp: 03/17/2026 21:41:15, LastErrorDetails: Container did not start within expected time limit of 230s. Please inspect your container logs for more details., Details: Site started at 03/17/2026 21:45:46 (UTC), DetailsLevel: INFO
2026-03-17T21:58:46.8680761Z State: Stopping, Action: StoppingSiteContainers, LastError: ContainerTimeout, LastErrorTimestamp: 03/17/2026 21:41:15, LastErrorDetails: Container did not start within expected time limit of 230s. Please inspect your container logs for more details., Details: Site started at 03/17/2026 21:45:46 (UTC), DetailsLevel: INFO
2026-03-17T21:58:46.9295458Z Container is terminating. Grace period: 5 seconds.
2026-03-17T21:58:47.0796782Z Stop and delete container. Retry count = 0
2026-03-17T21:58:47.0804565Z Stopping container: fd1a9954b7f7_careorbit-api-dev.
2026-03-17T21:58:53.1110353Z Deleting container: fd1a9954b7f7_careorbit-api-dev. Retry count = 0
2026-03-17T21:58:56.1302425Z Container spec TerminationMessagePolicy  path 
2026-03-17T21:58:56.1489864Z Container is terminated. Total time elapsed: 9218 ms.
2026-03-17T21:58:56.1575064Z Site: careorbit-api-dev stopped.
2026-03-17T22:01:26.1814546Z State: Starting, Action: EstablishingSiteNetworks, LastError: , LastErrorTimestamp: 01/01/0001 00:00:00, LastErrorDetails: , Details: , DetailsLevel: INFO
2026-03-17T22:01:32.4740404Z State: Starting, Action: StartingSiteContainers, LastError: , LastErrorTimestamp: 01/01/0001 00:00:00, LastErrorDetails: , Details: , DetailsLevel: INFO
2026-03-17T22:01:32.4856896Z Container start method called.
2026-03-17T22:01:32.4942600Z State: Starting, Action: PullingImage, LastError: , LastErrorTimestamp: 01/01/0001 00:00:00, LastErrorDetails: , Details: Pulling image 10.1.0.5:13209/appsvc/python:3.12_20260203.2.tuxprod for careorbit-api-dev., DetailsLevel: INFO
2026-03-17T22:01:32.4944853Z Establishing network.
2026-03-17T22:01:32.4945950Z Pulling image: appsvc/python:3.12_20260203.2.tuxprod.
2026-03-17T22:01:33.1564410Z Container is starting.
2026-03-17T22:01:33.1565317Z State: Starting, Action: MountingVolumes, LastError: , LastErrorTimestamp: 01/01/0001 00:00:00, LastErrorDetails: , Details: Mounting volumes for careorbit-api-dev., DetailsLevel: INFO
2026-03-17T22:01:33.1570493Z Establishing user namespace if not established already.
2026-03-17T22:01:33.1571433Z Establishing network if not established already.
2026-03-17T22:01:33.1577776Z Mounting volumes.
2026-03-17T22:01:33.1594206Z Nested mountpoint 
2026-03-17T22:01:33.2484033Z Nested mountpoint volatile/logs
2026-03-17T22:01:33.3082747Z Nested mountpoint 
2026-03-17T22:01:33.6031658Z Nested mountpoint 
2026-03-17T22:01:33.7159873Z Nested mountpoint 
2026-03-17T22:01:34.5765368Z State: Starting, Action: CreatingContainer, LastError: , LastErrorTimestamp: 01/01/0001 00:00:00, LastErrorDetails: , Details: Finished pulling container image and mounting volumes for careorbit-api-dev. Allocatinng the rest of the container resources to finish container creation., DetailsLevel: INFO
2026-03-17T22:01:34.5924436Z Creating container.
2026-03-17T22:01:34.5942212Z Creating pipes for streaming container io.
2026-03-17T22:01:34.6222027Z Creating stdout named pipe at /podr/container/pipe/0f09f3f4daa3_careorbit-api-dev/stdout_3920a4e7b91446b887f383a67aca044d.
2026-03-17T22:01:34.6529576Z Successfully created stdout named pipe at: /podr/container/pipe/0f09f3f4daa3_careorbit-api-dev/stdout_3920a4e7b91446b887f383a67aca044d.
2026-03-17T22:01:34.6531424Z Opening named pipe /podr/container/pipe/0f09f3f4daa3_careorbit-api-dev/stdout_3920a4e7b91446b887f383a67aca044d for reading in non-blocking mode.
2026-03-17T22:01:34.6532540Z Successfully opened named pipe: /podr/container/pipe/0f09f3f4daa3_careorbit-api-dev/stdout_3920a4e7b91446b887f383a67aca044d.
2026-03-17T22:01:34.6539778Z Successfully removed non-blocking flag from /podr/container/pipe/0f09f3f4daa3_careorbit-api-dev/stdout_3920a4e7b91446b887f383a67aca044d.
2026-03-17T22:01:34.6541086Z Creating stderr named pipe at /podr/container/pipe/0f09f3f4daa3_careorbit-api-dev/stderr_3d50d9baa6ec4cc8813c91eec4d8d071.
2026-03-17T22:01:34.6542387Z Successfully created stderr named pipe at: /podr/container/pipe/0f09f3f4daa3_careorbit-api-dev/stderr_3d50d9baa6ec4cc8813c91eec4d8d071.
2026-03-17T22:01:34.6543128Z Opening named pipe /podr/container/pipe/0f09f3f4daa3_careorbit-api-dev/stderr_3d50d9baa6ec4cc8813c91eec4d8d071 for reading in non-blocking mode.
2026-03-17T22:01:34.6543964Z Successfully opened named pipe: /podr/container/pipe/0f09f3f4daa3_careorbit-api-dev/stderr_3d50d9baa6ec4cc8813c91eec4d8d071.
2026-03-17T22:01:34.6544625Z Successfully removed non-blocking flag from /podr/container/pipe/0f09f3f4daa3_careorbit-api-dev/stderr_3d50d9baa6ec4cc8813c91eec4d8d071.
2026-03-17T22:01:34.6545545Z Creating container with image: appsvc/python:3.12_20260203.2.tuxprod from registry: 10.1.0.5:13209 and fully qualified image name: 10.1.0.5:13209/appsvc/python:3.12_20260203.2.tuxprod
2026-03-17T22:01:35.7817224Z Starting container: 0f09f3f4daa3_careorbit-api-dev.
2026-03-17T22:01:35.8770544Z Starting watchers and probes.
2026-03-17T22:01:35.8950081Z Starting metrics collection.
2026-03-17T22:01:35.9033775Z Container is running.
2026-03-17T22:01:35.9035160Z State: Starting, Action: CreatingContainer, LastError: , LastErrorTimestamp: 01/01/0001 00:00:00, LastErrorDetails: , Details: Container careorbit-api-dev successfully created and is running., DetailsLevel: INFO
2026-03-17T22:01:36.3124278Z Container start method finished after 3826 ms.
2026-03-17T22:01:36.3126184Z State: Starting, Action: InitiatingSiteWarmUpProbe, LastError: , LastErrorTimestamp: 01/01/0001 00:00:00, LastErrorDetails: , Details: Container careorbit-api-dev successfully created and is running., DetailsLevel: INFO
2026-03-17T22:01:36.3126359Z State: Starting, Action: WaitingForSiteWarmUpProbeSuccess, LastError: , LastErrorTimestamp: 01/01/0001 00:00:00, LastErrorDetails: , Details: Pinging warmup path to ensure container is ready to receive requests., DetailsLevel: INFO
2026-03-17T22:03:27.5870649Z Site startup probe succeeded after 111.1168278 seconds.
2026-03-17T22:03:29.8929608Z State: Starting, Action: WarmUpProbeSucceeded, LastError: , LastErrorTimestamp: 01/01/0001 00:00:00, LastErrorDetails: , Details: Site startup probe succeeded after 111.1168278 seconds., DetailsLevel: INFO
2026-03-17T22:03:30.6039712Z State: Starting, Action: StartingAuthContainer, LastError: , LastErrorTimestamp: 01/01/0001 00:00:00, LastErrorDetails: , Details: Site startup probe succeeded after 111.1168278 seconds., DetailsLevel: INFO
2026-03-17T22:03:48.2359019Z Site is running with deployment version: c4ab57ce-8862-45c9-baad-b31d4097d220
2026-03-17T22:03:48.2563357Z Site started.
2026-03-17T22:03:48.2575864Z State: Started, Action: None, LastError: , LastErrorTimestamp: 01/01/0001 00:00:00, LastErrorDetails: , Details: Site started at 03/17/2026 22:03:48 (UTC), DetailsLevel: INFO
2026-03-17T22:03:48.2761850Z Site is running with patch version PYTHON 3.12.12
2026-03-17T22:04:08.6220742Z State: Stopping, Action: StoppingSite, LastError: ContainerTimeout, LastErrorTimestamp: 03/17/2026 21:41:15, LastErrorDetails: Container did not start within expected time limit of 230s. Please inspect your container logs for more details., Details: Site started at 03/17/2026 21:58:26 (UTC), DetailsLevel: INFO
2026-03-17T22:04:08.6290327Z State: Stopping, Action: StoppingSiteContainers, LastError: ContainerTimeout, LastErrorTimestamp: 03/17/2026 21:41:15, LastErrorDetails: Container did not start within expected time limit of 230s. Please inspect your container logs for more details., Details: Site started at 03/17/2026 21:58:26 (UTC), DetailsLevel: INFO
2026-03-17T22:04:08.6379004Z Container is terminating. Grace period: 5 seconds.
2026-03-17T22:04:08.8176324Z Stop and delete container. Retry count = 0
2026-03-17T22:04:08.8191881Z Stopping container: 6fbcdba9572f_careorbit-api-dev.
2026-03-17T22:04:13.9057236Z Deleting container: 6fbcdba9572f_careorbit-api-dev. Retry count = 0
2026-03-17T22:04:15.2512868Z Container spec TerminationMessagePolicy  path 
2026-03-17T22:04:15.2728631Z Container is terminated. Total time elapsed: 6634 ms.
2026-03-17T22:04:15.2750943Z Site: careorbit-api-dev stopped.
2026-03-17T22:06:33.4484759Z State: Starting, Action: EstablishingSiteNetworks, LastError: , LastErrorTimestamp: 01/01/0001 00:00:00, LastErrorDetails: , Details: , DetailsLevel: INFO
2026-03-17T22:06:38.4655388Z State: Starting, Action: StartingSiteContainers, LastError: , LastErrorTimestamp: 01/01/0001 00:00:00, LastErrorDetails: , Details: , DetailsLevel: INFO
2026-03-17T22:06:38.4656883Z Container start method called.
2026-03-17T22:06:38.4840187Z State: Starting, Action: PullingImage, LastError: , LastErrorTimestamp: 01/01/0001 00:00:00, LastErrorDetails: , Details: Pulling image 10.1.0.4:13209/appsvc/python:3.12_20260203.2.tuxprod for careorbit-api-dev., DetailsLevel: INFO
2026-03-17T22:06:38.4843499Z Establishing network.
2026-03-17T22:06:38.4845059Z Pulling image: appsvc/python:3.12_20260203.2.tuxprod.
2026-03-17T22:06:39.5338137Z Container is starting.
2026-03-17T22:06:39.5351187Z State: Starting, Action: MountingVolumes, LastError: , LastErrorTimestamp: 01/01/0001 00:00:00, LastErrorDetails: , Details: Mounting volumes for careorbit-api-dev., DetailsLevel: INFO
2026-03-17T22:06:39.5435044Z Establishing user namespace if not established already.
2026-03-17T22:06:39.5436754Z Establishing network if not established already.
2026-03-17T22:06:39.5437744Z Mounting volumes.
2026-03-17T22:06:39.5469428Z Nested mountpoint 
2026-03-17T22:06:39.6813839Z Nested mountpoint volatile/logs
2026-03-17T22:06:39.7002180Z Nested mountpoint 
2026-03-17T22:06:39.7736764Z Nested mountpoint 
2026-03-17T22:06:39.8289485Z Nested mountpoint 
2026-03-17T22:06:40.9249105Z State: Starting, Action: CreatingContainer, LastError: , LastErrorTimestamp: 01/01/0001 00:00:00, LastErrorDetails: , Details: Finished pulling container image and mounting volumes for careorbit-api-dev. Allocatinng the rest of the container resources to finish container creation., DetailsLevel: INFO
2026-03-17T22:06:40.9261135Z Creating container.
2026-03-17T22:06:40.9272870Z Creating pipes for streaming container io.
2026-03-17T22:06:40.9364217Z Creating stdout named pipe at /podr/container/pipe/2a9eba64ac4d_careorbit-api-dev/stdout_505f56e4d5a64f6a98813f70c7831c20.
2026-03-17T22:06:40.9774867Z Successfully created stdout named pipe at: /podr/container/pipe/2a9eba64ac4d_careorbit-api-dev/stdout_505f56e4d5a64f6a98813f70c7831c20.
2026-03-17T22:06:40.9775852Z Opening named pipe /podr/container/pipe/2a9eba64ac4d_careorbit-api-dev/stdout_505f56e4d5a64f6a98813f70c7831c20 for reading in non-blocking mode.
2026-03-17T22:06:40.9776917Z Successfully opened named pipe: /podr/container/pipe/2a9eba64ac4d_careorbit-api-dev/stdout_505f56e4d5a64f6a98813f70c7831c20.
2026-03-17T22:06:40.9970589Z Successfully removed non-blocking flag from /podr/container/pipe/2a9eba64ac4d_careorbit-api-dev/stdout_505f56e4d5a64f6a98813f70c7831c20.
2026-03-17T22:06:41.0270980Z Creating stderr named pipe at /podr/container/pipe/2a9eba64ac4d_careorbit-api-dev/stderr_2c08724b30a04ac79481f263cd21c64f.
2026-03-17T22:06:41.0277989Z Successfully created stderr named pipe at: /podr/container/pipe/2a9eba64ac4d_careorbit-api-dev/stderr_2c08724b30a04ac79481f263cd21c64f.
2026-03-17T22:06:41.0375013Z Opening named pipe /podr/container/pipe/2a9eba64ac4d_careorbit-api-dev/stderr_2c08724b30a04ac79481f263cd21c64f for reading in non-blocking mode.
2026-03-17T22:06:41.0462638Z Successfully opened named pipe: /podr/container/pipe/2a9eba64ac4d_careorbit-api-dev/stderr_2c08724b30a04ac79481f263cd21c64f.
2026-03-17T22:06:41.0480214Z Successfully removed non-blocking flag from /podr/container/pipe/2a9eba64ac4d_careorbit-api-dev/stderr_2c08724b30a04ac79481f263cd21c64f.
2026-03-17T22:06:41.0565202Z Creating container with image: appsvc/python:3.12_20260203.2.tuxprod from registry: 10.1.0.4:13209 and fully qualified image name: 10.1.0.4:13209/appsvc/python:3.12_20260203.2.tuxprod
2026-03-17T22:06:41.9891734Z Starting container: 2a9eba64ac4d_careorbit-api-dev.
2026-03-17T22:06:42.1091458Z Starting watchers and probes.
2026-03-17T22:06:42.1170384Z Starting metrics collection.
2026-03-17T22:06:42.1179158Z Container is running.
2026-03-17T22:06:42.1180664Z State: Starting, Action: CreatingContainer, LastError: , LastErrorTimestamp: 01/01/0001 00:00:00, LastErrorDetails: , Details: Container careorbit-api-dev successfully created and is running., DetailsLevel: INFO
2026-03-17T22:06:42.2680189Z Container start method finished after 3801 ms.
2026-03-17T22:06:42.2690622Z State: Starting, Action: InitiatingSiteWarmUpProbe, LastError: , LastErrorTimestamp: 01/01/0001 00:00:00, LastErrorDetails: , Details: Container careorbit-api-dev successfully created and is running., DetailsLevel: INFO
2026-03-17T22:06:42.2691215Z State: Starting, Action: WaitingForSiteWarmUpProbeSuccess, LastError: , LastErrorTimestamp: 01/01/0001 00:00:00, LastErrorDetails: , Details: Pinging warmup path to ensure container is ready to receive requests., DetailsLevel: INFO
2026-03-17T22:08:20.2449300Z Site startup probe succeeded after 97.6943781 seconds.
2026-03-17T22:08:20.4435063Z State: Starting, Action: WarmUpProbeSucceeded, LastError: , LastErrorTimestamp: 01/01/0001 00:00:00, LastErrorDetails: , Details: Site startup probe succeeded after 97.6943781 seconds., DetailsLevel: INFO
2026-03-17T22:08:20.5908865Z State: Starting, Action: StartingAuthContainer, LastError: , LastErrorTimestamp: 01/01/0001 00:00:00, LastErrorDetails: , Details: Site startup probe succeeded after 97.6943781 seconds., DetailsLevel: INFO
2026-03-17T22:08:40.9913824Z Site is running with deployment version: 8cc91978-ca05-408f-982f-4ad6fa06524b
2026-03-17T22:08:41.0088933Z Site started.
2026-03-17T22:08:41.0102169Z State: Started, Action: None, LastError: , LastErrorTimestamp: 01/01/0001 00:00:00, LastErrorDetails: , Details: Site started at 03/17/2026 22:08:41 (UTC), DetailsLevel: INFO
2026-03-17T22:08:41.0195015Z Site is running with patch version PYTHON 3.12.12
2026-03-17T22:09:01.1579475Z State: Stopping, Action: StoppingSite, LastError: ContainerTimeout, LastErrorTimestamp: 03/17/2026 21:41:15, LastErrorDetails: Container did not start within expected time limit of 230s. Please inspect your container logs for more details., Details: Site started at 03/17/2026 22:03:48 (UTC), DetailsLevel: INFO
2026-03-17T22:09:01.1713546Z State: Stopping, Action: StoppingSiteContainers, LastError: ContainerTimeout, LastErrorTimestamp: 03/17/2026 21:41:15, LastErrorDetails: Container did not start within expected time limit of 230s. Please inspect your container logs for more details., Details: Site started at 03/17/2026 22:03:48 (UTC), DetailsLevel: INFO
2026-03-17T22:09:01.1731042Z Container is terminating. Grace period: 5 seconds.
2026-03-17T22:09:01.2534478Z Stop and delete container. Retry count = 0
2026-03-17T22:09:01.2536092Z Stopping container: 0f09f3f4daa3_careorbit-api-dev.
2026-03-17T22:09:06.6643264Z Deleting container: 0f09f3f4daa3_careorbit-api-dev. Retry count = 0
2026-03-17T22:09:07.6371452Z Container spec TerminationMessagePolicy  path 
2026-03-17T22:09:07.6464397Z Container is terminated. Total time elapsed: 6472 ms.
2026-03-17T22:09:07.6476995Z Site: careorbit-api-dev stopped.
2026-03-17T22:16:09.5067894Z State: Starting, Action: EstablishingSiteNetworks, LastError: , LastErrorTimestamp: 01/01/0001 00:00:00, LastErrorDetails: , Details: , DetailsLevel: INFO
2026-03-17T22:16:14.7305571Z State: Starting, Action: StartingSiteContainers, LastError: , LastErrorTimestamp: 01/01/0001 00:00:00, LastErrorDetails: , Details: , DetailsLevel: INFO
2026-03-17T22:16:14.7324331Z Container start method called.
2026-03-17T22:16:14.7328073Z State: Starting, Action: PullingImage, LastError: , LastErrorTimestamp: 01/01/0001 00:00:00, LastErrorDetails: , Details: Pulling image 10.1.0.5:13209/appsvc/python:3.12_20260203.2.tuxprod for careorbit-api-dev., DetailsLevel: INFO
2026-03-17T22:16:14.7330274Z Establishing network.
2026-03-17T22:16:14.7331786Z Pulling image: appsvc/python:3.12_20260203.2.tuxprod.
2026-03-17T22:16:15.2316622Z Container is starting.
2026-03-17T22:16:15.2317762Z State: Starting, Action: MountingVolumes, LastError: , LastErrorTimestamp: 01/01/0001 00:00:00, LastErrorDetails: , Details: Mounting volumes for careorbit-api-dev., DetailsLevel: INFO
2026-03-17T22:16:15.2319142Z Establishing user namespace if not established already.
2026-03-17T22:16:15.2320498Z Establishing network if not established already.
2026-03-17T22:16:15.2321856Z Mounting volumes.
2026-03-17T22:16:15.2323643Z Nested mountpoint 
2026-03-17T22:16:15.3817450Z Nested mountpoint volatile/logs
2026-03-17T22:16:15.3935374Z Nested mountpoint 
2026-03-17T22:16:15.4020668Z Nested mountpoint 
2026-03-17T22:16:15.6416861Z Nested mountpoint 
2026-03-17T22:16:16.3956112Z State: Starting, Action: CreatingContainer, LastError: , LastErrorTimestamp: 01/01/0001 00:00:00, LastErrorDetails: , Details: Finished pulling container image and mounting volumes for careorbit-api-dev. Allocatinng the rest of the container resources to finish container creation., DetailsLevel: INFO
2026-03-17T22:16:16.3958810Z Creating container.
2026-03-17T22:16:16.3964723Z Creating pipes for streaming container io.
2026-03-17T22:16:16.3966271Z Creating stdout named pipe at /podr/container/pipe/b69b4d00e2bd_careorbit-api-dev/stdout_3ba5200af77b4b228731ff01388fc7f5.
2026-03-17T22:16:16.4251327Z Successfully created stdout named pipe at: /podr/container/pipe/b69b4d00e2bd_careorbit-api-dev/stdout_3ba5200af77b4b228731ff01388fc7f5.
2026-03-17T22:16:16.4265724Z Opening named pipe /podr/container/pipe/b69b4d00e2bd_careorbit-api-dev/stdout_3ba5200af77b4b228731ff01388fc7f5 for reading in non-blocking mode.
2026-03-17T22:16:16.4271177Z Successfully opened named pipe: /podr/container/pipe/b69b4d00e2bd_careorbit-api-dev/stdout_3ba5200af77b4b228731ff01388fc7f5.
2026-03-17T22:16:16.4809542Z Successfully removed non-blocking flag from /podr/container/pipe/b69b4d00e2bd_careorbit-api-dev/stdout_3ba5200af77b4b228731ff01388fc7f5.
2026-03-17T22:16:16.5111068Z Creating stderr named pipe at /podr/container/pipe/b69b4d00e2bd_careorbit-api-dev/stderr_cb30f664694e4958813b2b80c462d668.
2026-03-17T22:16:16.5113013Z Successfully created stderr named pipe at: /podr/container/pipe/b69b4d00e2bd_careorbit-api-dev/stderr_cb30f664694e4958813b2b80c462d668.
2026-03-17T22:16:16.5113799Z Opening named pipe /podr/container/pipe/b69b4d00e2bd_careorbit-api-dev/stderr_cb30f664694e4958813b2b80c462d668 for reading in non-blocking mode.
2026-03-17T22:16:16.5114682Z Successfully opened named pipe: /podr/container/pipe/b69b4d00e2bd_careorbit-api-dev/stderr_cb30f664694e4958813b2b80c462d668.
2026-03-17T22:16:16.5115441Z Successfully removed non-blocking flag from /podr/container/pipe/b69b4d00e2bd_careorbit-api-dev/stderr_cb30f664694e4958813b2b80c462d668.
2026-03-17T22:16:16.5303272Z Creating container with image: appsvc/python:3.12_20260203.2.tuxprod from registry: 10.1.0.5:13209 and fully qualified image name: 10.1.0.5:13209/appsvc/python:3.12_20260203.2.tuxprod
2026-03-17T22:16:17.1623968Z Starting container: b69b4d00e2bd_careorbit-api-dev.
2026-03-17T22:16:17.2546332Z Starting watchers and probes.
2026-03-17T22:16:17.2626526Z Starting metrics collection.
2026-03-17T22:16:17.3225780Z Container is running.
2026-03-17T22:16:17.3227938Z State: Starting, Action: CreatingContainer, LastError: , LastErrorTimestamp: 01/01/0001 00:00:00, LastErrorDetails: , Details: Container careorbit-api-dev successfully created and is running., DetailsLevel: INFO
2026-03-17T22:16:17.4807521Z Container start method finished after 2748 ms.
2026-03-17T22:16:17.4809858Z State: Starting, Action: InitiatingSiteWarmUpProbe, LastError: , LastErrorTimestamp: 01/01/0001 00:00:00, LastErrorDetails: , Details: Container careorbit-api-dev successfully created and is running., DetailsLevel: INFO
2026-03-17T22:16:17.4810363Z State: Starting, Action: WaitingForSiteWarmUpProbeSuccess, LastError: , LastErrorTimestamp: 01/01/0001 00:00:00, LastErrorDetails: , Details: Pinging warmup path to ensure container is ready to receive requests., DetailsLevel: INFO
2026-03-17T22:17:42.0253042Z Site startup probe succeeded after 84.543362 seconds.
2026-03-17T22:17:42.6744464Z State: Starting, Action: WarmUpProbeSucceeded, LastError: , LastErrorTimestamp: 01/01/0001 00:00:00, LastErrorDetails: , Details: Site startup probe succeeded after 84.543362 seconds., DetailsLevel: INFO
2026-03-17T22:17:42.9462495Z State: Starting, Action: StartingAuthContainer, LastError: , LastErrorTimestamp: 01/01/0001 00:00:00, LastErrorDetails: , Details: Site startup probe succeeded after 84.543362 seconds., DetailsLevel: INFO
2026-03-17T22:17:53.0941718Z Site is running with deployment version: bee6e2d1-0f84-4c8d-9ed8-506667ab375e
2026-03-17T22:17:53.1053016Z Site started.
2026-03-17T22:17:53.1125663Z State: Started, Action: None, LastError: , LastErrorTimestamp: 01/01/0001 00:00:00, LastErrorDetails: , Details: Site started at 03/17/2026 22:17:53 (UTC), DetailsLevel: INFO
2026-03-17T22:17:53.1350639Z Site is running with patch version PYTHON 3.12.12
2026-03-17T22:18:13.3026679Z State: Stopping, Action: StoppingSite, LastError: ContainerTimeout, LastErrorTimestamp: 03/17/2026 21:41:15, LastErrorDetails: Container did not start within expected time limit of 230s. Please inspect your container logs for more details., Details: Site started at 03/17/2026 22:08:41 (UTC), DetailsLevel: INFO
2026-03-17T22:18:13.3087810Z State: Stopping, Action: StoppingSiteContainers, LastError: ContainerTimeout, LastErrorTimestamp: 03/17/2026 21:41:15, LastErrorDetails: Container did not start within expected time limit of 230s. Please inspect your container logs for more details., Details: Site started at 03/17/2026 22:08:41 (UTC), DetailsLevel: INFO
2026-03-17T22:18:13.3090145Z Container is terminating. Grace period: 5 seconds.
2026-03-17T22:18:13.3499073Z Stop and delete container. Retry count = 0
2026-03-17T22:18:13.3500814Z Stopping container: 2a9eba64ac4d_careorbit-api-dev.
2026-03-17T22:18:19.7601239Z Deleting container: 2a9eba64ac4d_careorbit-api-dev. Retry count = 0
2026-03-17T22:18:22.5215013Z Container spec TerminationMessagePolicy  path 
2026-03-17T22:18:22.5428496Z Container is terminated. Total time elapsed: 9233 ms.
2026-03-17T22:18:22.5435046Z Site: careorbit-api-dev stopped.
2026-03-17T22:21:35.3876568Z State: Starting, Action: EstablishingSiteNetworks, LastError: , LastErrorTimestamp: 01/01/0001 00:00:00, LastErrorDetails: , Details: , DetailsLevel: INFO
2026-03-17T22:21:40.7096778Z State: Starting, Action: StartingSiteContainers, LastError: , LastErrorTimestamp: 01/01/0001 00:00:00, LastErrorDetails: , Details: , DetailsLevel: INFO
2026-03-17T22:21:40.7098040Z Container start method called.
2026-03-17T22:21:40.7098370Z State: Starting, Action: PullingImage, LastError: , LastErrorTimestamp: 01/01/0001 00:00:00, LastErrorDetails: , Details: Pulling image 10.1.0.4:13209/appsvc/python:3.12_20260203.2.tuxprod for careorbit-api-dev., DetailsLevel: INFO
2026-03-17T22:21:40.7099087Z Establishing network.
2026-03-17T22:21:40.7099923Z Pulling image: appsvc/python:3.12_20260203.2.tuxprod.
2026-03-17T22:21:41.3791568Z Container is starting.
2026-03-17T22:21:41.3796053Z State: Starting, Action: MountingVolumes, LastError: , LastErrorTimestamp: 01/01/0001 00:00:00, LastErrorDetails: , Details: Mounting volumes for careorbit-api-dev., DetailsLevel: INFO
2026-03-17T22:21:41.3797801Z Establishing user namespace if not established already.
2026-03-17T22:21:41.3801694Z Establishing network if not established already.
2026-03-17T22:21:41.3809820Z Mounting volumes.
2026-03-17T22:21:41.3895751Z Nested mountpoint 
2026-03-17T22:21:41.4893210Z Nested mountpoint volatile/logs
2026-03-17T22:21:41.5392911Z Nested mountpoint 
2026-03-17T22:21:41.5492961Z Nested mountpoint 
2026-03-17T22:21:41.6444621Z Nested mountpoint 
2026-03-17T22:21:42.9938220Z State: Starting, Action: CreatingContainer, LastError: , LastErrorTimestamp: 01/01/0001 00:00:00, LastErrorDetails: , Details: Finished pulling container image and mounting volumes for careorbit-api-dev. Allocatinng the rest of the container resources to finish container creation., DetailsLevel: INFO
2026-03-17T22:21:43.0340604Z Creating container.
2026-03-17T22:21:43.0343036Z Creating pipes for streaming container io.
2026-03-17T22:21:43.0343898Z Creating stdout named pipe at /podr/container/pipe/87cb0dc31199_careorbit-api-dev/stdout_88d3ef4f6b914719a12ef4425990e16a.
2026-03-17T22:21:43.0539750Z Successfully created stdout named pipe at: /podr/container/pipe/87cb0dc31199_careorbit-api-dev/stdout_88d3ef4f6b914719a12ef4425990e16a.
2026-03-17T22:21:43.0545827Z Opening named pipe /podr/container/pipe/87cb0dc31199_careorbit-api-dev/stdout_88d3ef4f6b914719a12ef4425990e16a for reading in non-blocking mode.
2026-03-17T22:21:43.0647186Z Successfully opened named pipe: /podr/container/pipe/87cb0dc31199_careorbit-api-dev/stdout_88d3ef4f6b914719a12ef4425990e16a.
2026-03-17T22:21:43.0648805Z Successfully removed non-blocking flag from /podr/container/pipe/87cb0dc31199_careorbit-api-dev/stdout_88d3ef4f6b914719a12ef4425990e16a.
2026-03-17T22:21:43.0656347Z Creating stderr named pipe at /podr/container/pipe/87cb0dc31199_careorbit-api-dev/stderr_ac3df1e93c5f4a43a68a53a5a1871d1d.
2026-03-17T22:21:43.0658404Z Successfully created stderr named pipe at: /podr/container/pipe/87cb0dc31199_careorbit-api-dev/stderr_ac3df1e93c5f4a43a68a53a5a1871d1d.
2026-03-17T22:21:43.0836389Z Opening named pipe /podr/container/pipe/87cb0dc31199_careorbit-api-dev/stderr_ac3df1e93c5f4a43a68a53a5a1871d1d for reading in non-blocking mode.
2026-03-17T22:21:43.0846326Z Successfully opened named pipe: /podr/container/pipe/87cb0dc31199_careorbit-api-dev/stderr_ac3df1e93c5f4a43a68a53a5a1871d1d.
2026-03-17T22:21:43.0852187Z Successfully removed non-blocking flag from /podr/container/pipe/87cb0dc31199_careorbit-api-dev/stderr_ac3df1e93c5f4a43a68a53a5a1871d1d.
2026-03-17T22:21:43.0941763Z Creating container with image: appsvc/python:3.12_20260203.2.tuxprod from registry: 10.1.0.4:13209 and fully qualified image name: 10.1.0.4:13209/appsvc/python:3.12_20260203.2.tuxprod
2026-03-17T22:21:43.9182289Z Starting container: 87cb0dc31199_careorbit-api-dev.
2026-03-17T22:21:44.0048745Z Starting watchers and probes.
2026-03-17T22:21:44.0346697Z Starting metrics collection.
2026-03-17T22:21:44.0963975Z Container is running.
2026-03-17T22:21:44.1467403Z State: Starting, Action: CreatingContainer, LastError: , LastErrorTimestamp: 01/01/0001 00:00:00, LastErrorDetails: , Details: Container careorbit-api-dev successfully created and is running., DetailsLevel: INFO
2026-03-17T22:21:44.5751336Z Container start method finished after 3865 ms.
2026-03-17T22:21:44.5766583Z State: Starting, Action: InitiatingSiteWarmUpProbe, LastError: , LastErrorTimestamp: 01/01/0001 00:00:00, LastErrorDetails: , Details: Container careorbit-api-dev successfully created and is running., DetailsLevel: INFO
2026-03-17T22:21:44.5767144Z State: Starting, Action: WaitingForSiteWarmUpProbeSuccess, LastError: , LastErrorTimestamp: 01/01/0001 00:00:00, LastErrorDetails: , Details: Pinging warmup path to ensure container is ready to receive requests., DetailsLevel: INFO
2026-03-17T22:23:36.8431242Z Site startup probe succeeded after 111.9772206 seconds.
2026-03-17T22:23:37.2103268Z State: Starting, Action: WarmUpProbeSucceeded, LastError: , LastErrorTimestamp: 01/01/0001 00:00:00, LastErrorDetails: , Details: Site startup probe succeeded after 111.9772206 seconds., DetailsLevel: INFO
2026-03-17T22:23:37.4221154Z State: Starting, Action: StartingAuthContainer, LastError: , LastErrorTimestamp: 01/01/0001 00:00:00, LastErrorDetails: , Details: Site startup probe succeeded after 111.9772206 seconds., DetailsLevel: INFO
2026-03-17T22:23:51.5156173Z Site is running with deployment version: e903274d-8222-4f07-a496-e7f774416a1b
2026-03-17T22:23:51.5752387Z Site started.
2026-03-17T22:23:51.5853006Z State: Started, Action: None, LastError: , LastErrorTimestamp: 01/01/0001 00:00:00, LastErrorDetails: , Details: Site started at 03/17/2026 22:23:51 (UTC), DetailsLevel: INFO
2026-03-17T22:23:51.6261138Z Site is running with patch version PYTHON 3.12.12
2026-03-17T22:24:11.9612736Z State: Stopping, Action: StoppingSite, LastError: ContainerTimeout, LastErrorTimestamp: 03/17/2026 21:41:15, LastErrorDetails: Container did not start within expected time limit of 230s. Please inspect your container logs for more details., Details: Site started at 03/17/2026 22:17:53 (UTC), DetailsLevel: INFO
2026-03-17T22:24:11.9620756Z State: Stopping, Action: StoppingSiteContainers, LastError: ContainerTimeout, LastErrorTimestamp: 03/17/2026 21:41:15, LastErrorDetails: Container did not start within expected time limit of 230s. Please inspect your container logs for more details., Details: Site started at 03/17/2026 22:17:53 (UTC), DetailsLevel: INFO
2026-03-17T22:24:11.9630545Z Container is terminating. Grace period: 5 seconds.
2026-03-17T22:24:12.1784605Z Stop and delete container. Retry count = 0
2026-03-17T22:24:12.1792054Z Stopping container: b69b4d00e2bd_careorbit-api-dev.
2026-03-17T22:24:18.0119808Z Deleting container: b69b4d00e2bd_careorbit-api-dev. Retry count = 0
2026-03-17T22:24:18.8709437Z Container spec TerminationMessagePolicy  path 
2026-03-17T22:24:18.8732547Z Container is terminated. Total time elapsed: 6900 ms.
2026-03-17T22:24:18.8819735Z Site: careorbit-api-dev stopped.
