2026-03-18T09:06:51.4091554Z State: Starting, Action: EstablishingSiteNetworks, LastError: , LastErrorTimestamp: 01/01/0001 00:00:00, LastErrorDetails: , Details: , DetailsLevel: INFO
2026-03-18T09:06:57.2572534Z State: Starting, Action: StartingSiteContainers, LastError: , LastErrorTimestamp: 01/01/0001 00:00:00, LastErrorDetails: , Details: , DetailsLevel: INFO
2026-03-18T09:06:57.2849800Z Container start method called.
2026-03-18T09:06:57.2946354Z State: Starting, Action: PullingImage, LastError: , LastErrorTimestamp: 01/01/0001 00:00:00, LastErrorDetails: , Details: Pulling image 10.1.0.5:13209/appsvc/python:3.12_20260203.2.tuxprod for careorbit-api-dev., DetailsLevel: INFO
2026-03-18T09:06:57.2949169Z Establishing network.
2026-03-18T09:06:57.3029468Z Pulling image: appsvc/python:3.12_20260203.2.tuxprod.
2026-03-18T09:06:58.2076524Z Container is starting.
2026-03-18T09:06:58.2078045Z State: Starting, Action: MountingVolumes, LastError: , LastErrorTimestamp: 01/01/0001 00:00:00, LastErrorDetails: , Details: Mounting volumes for careorbit-api-dev., DetailsLevel: INFO
2026-03-18T09:06:58.2086412Z Establishing user namespace if not established already.
2026-03-18T09:06:58.2087393Z Establishing network if not established already.
2026-03-18T09:06:58.2088278Z Mounting volumes.
2026-03-18T09:06:58.2098133Z Nested mountpoint 
2026-03-18T09:06:58.2987873Z Nested mountpoint volatile/logs
2026-03-18T09:06:58.3637558Z Nested mountpoint 
2026-03-18T09:06:58.4847955Z Nested mountpoint 
2026-03-18T09:06:58.5482403Z Nested mountpoint 
2026-03-18T09:06:59.8330304Z State: Starting, Action: CreatingContainer, LastError: , LastErrorTimestamp: 01/01/0001 00:00:00, LastErrorDetails: , Details: Finished pulling container image and mounting volumes for careorbit-api-dev. Allocatinng the rest of the container resources to finish container creation., DetailsLevel: INFO
2026-03-18T09:06:59.8333185Z Creating container.
2026-03-18T09:06:59.8334183Z Creating pipes for streaming container io.
2026-03-18T09:06:59.8334964Z Creating stdout named pipe at /podr/container/pipe/8514579789fd_careorbit-api-dev/stdout_4f47a2c16636462e87860d6fdd04eed7.
2026-03-18T09:06:59.8972805Z Successfully created stdout named pipe at: /podr/container/pipe/8514579789fd_careorbit-api-dev/stdout_4f47a2c16636462e87860d6fdd04eed7.
2026-03-18T09:06:59.8987142Z Opening named pipe /podr/container/pipe/8514579789fd_careorbit-api-dev/stdout_4f47a2c16636462e87860d6fdd04eed7 for reading in non-blocking mode.
2026-03-18T09:06:59.9107972Z Successfully opened named pipe: /podr/container/pipe/8514579789fd_careorbit-api-dev/stdout_4f47a2c16636462e87860d6fdd04eed7.
2026-03-18T09:06:59.9533737Z Successfully removed non-blocking flag from /podr/container/pipe/8514579789fd_careorbit-api-dev/stdout_4f47a2c16636462e87860d6fdd04eed7.
2026-03-18T09:06:59.9644971Z Creating stderr named pipe at /podr/container/pipe/8514579789fd_careorbit-api-dev/stderr_fb86b14a80ae4b9d8758d9db37b91571.
2026-03-18T09:06:59.9647979Z Successfully created stderr named pipe at: /podr/container/pipe/8514579789fd_careorbit-api-dev/stderr_fb86b14a80ae4b9d8758d9db37b91571.
2026-03-18T09:06:59.9648843Z Opening named pipe /podr/container/pipe/8514579789fd_careorbit-api-dev/stderr_fb86b14a80ae4b9d8758d9db37b91571 for reading in non-blocking mode.
2026-03-18T09:06:59.9649806Z Successfully opened named pipe: /podr/container/pipe/8514579789fd_careorbit-api-dev/stderr_fb86b14a80ae4b9d8758d9db37b91571.
2026-03-18T09:06:59.9650528Z Successfully removed non-blocking flag from /podr/container/pipe/8514579789fd_careorbit-api-dev/stderr_fb86b14a80ae4b9d8758d9db37b91571.
2026-03-18T09:06:59.9651695Z Creating container with image: appsvc/python:3.12_20260203.2.tuxprod from registry: 10.1.0.5:13209 and fully qualified image name: 10.1.0.5:13209/appsvc/python:3.12_20260203.2.tuxprod
2026-03-18T09:07:01.0889437Z Starting container: 8514579789fd_careorbit-api-dev.
2026-03-18T09:07:01.3420862Z Starting watchers and probes.
2026-03-18T09:07:01.3424357Z Starting metrics collection.
2026-03-18T09:07:01.3514794Z Container is running.
2026-03-18T09:07:01.3579110Z State: Starting, Action: CreatingContainer, LastError: , LastErrorTimestamp: 01/01/0001 00:00:00, LastErrorDetails: , Details: Container careorbit-api-dev successfully created and is running., DetailsLevel: INFO
2026-03-18T09:07:02.1702159Z Container start method finished after 4707 ms.
2026-03-18T09:07:02.1782839Z State: Starting, Action: InitiatingSiteWarmUpProbe, LastError: , LastErrorTimestamp: 01/01/0001 00:00:00, LastErrorDetails: , Details: Container careorbit-api-dev successfully created and is running., DetailsLevel: INFO
2026-03-18T09:07:02.1783933Z State: Starting, Action: WaitingForSiteWarmUpProbeSuccess, LastError: , LastErrorTimestamp: 01/01/0001 00:00:00, LastErrorDetails: , Details: Pinging warmup path to ensure container is ready to receive requests., DetailsLevel: INFO
2026-03-18T09:10:52.4401244Z Site startup probe failed after 230.1451267 seconds.
2026-03-18T09:10:52.9913333Z State: Starting, Action: WaitingForSiteWarmUpProbeSuccess, LastError: ContainerTimeout, LastErrorTimestamp: 03/18/2026 09:10:52, LastErrorDetails: Container did not start within expected time limit of 230s. Please inspect your container logs for more details., Details: Pinging warmup path to ensure container is ready to receive requests., DetailsLevel: ERR
2026-03-18T09:10:52.9939818Z Failed to start site. Revert by stopping site.
2026-03-18T09:10:53.0141743Z State: Stopping, Action: StoppingSite, LastError: ContainerTimeout, LastErrorTimestamp: 03/18/2026 09:10:52, LastErrorDetails: Container did not start within expected time limit of 230s. Please inspect your container logs for more details., Details: Pinging warmup path to ensure container is ready to receive requests., DetailsLevel: ERR
2026-03-18T09:10:53.0330554Z State: Stopping, Action: StoppingSiteContainers, LastError: ContainerTimeout, LastErrorTimestamp: 03/18/2026 09:10:52, LastErrorDetails: Container did not start within expected time limit of 230s. Please inspect your container logs for more details., Details: Pinging warmup path to ensure container is ready to receive requests., DetailsLevel: ERR
2026-03-18T09:10:53.0331742Z Container is terminating. Grace period: 5 seconds.
2026-03-18T09:10:53.3753993Z Stop and delete container. Retry count = 0
2026-03-18T09:10:53.3755459Z Stopping container: 8514579789fd_careorbit-api-dev.
2026-03-18T09:10:58.7082503Z Deleting container: 8514579789fd_careorbit-api-dev. Retry count = 0
2026-03-18T09:11:00.3634647Z Container spec TerminationMessagePolicy  path 
2026-03-18T09:11:00.3854748Z Container is terminated. Total time elapsed: 7350 ms.
2026-03-18T09:11:00.3936423Z Site container: careorbit-api-dev terminated during site startup.
2026-03-18T09:11:00.4022686Z State: Stopping, Action: CancellingStartup, LastError: ContainerTimeout, LastErrorTimestamp: 03/18/2026 09:10:52, LastErrorDetails: Container did not start within expected time limit of 230s. Please inspect your container logs for more details., Details: Site container: careorbit-api-dev terminated during site startup. Cancelling site startup., DetailsLevel: ERR
2026-03-18T09:11:00.4048019Z Site: careorbit-api-dev stopped.
2026-03-18T09:11:24.6147019Z State: Stopping, Action: StoppingSite, LastError: ContainerTimeout, LastErrorTimestamp: 03/17/2026 21:41:15, LastErrorDetails: Container did not start within expected time limit of 230s. Please inspect your container logs for more details., Details: Site started at 03/17/2026 22:23:51 (UTC), DetailsLevel: INFO
2026-03-18T09:11:24.6423538Z State: Stopping, Action: StoppingSiteContainers, LastError: ContainerTimeout, LastErrorTimestamp: 03/17/2026 21:41:15, LastErrorDetails: Container did not start within expected time limit of 230s. Please inspect your container logs for more details., Details: Site started at 03/17/2026 22:23:51 (UTC), DetailsLevel: INFO
2026-03-18T09:11:24.6424981Z Container is terminating. Grace period: 5 seconds.
2026-03-18T09:11:24.7048954Z Stop and delete container. Retry count = 0
2026-03-18T09:11:24.7049809Z Stopping container: 87cb0dc31199_careorbit-api-dev.
2026-03-18T09:11:30.9427873Z Deleting container: 87cb0dc31199_careorbit-api-dev. Retry count = 0
2026-03-18T09:11:32.9649517Z Container spec TerminationMessagePolicy  path 
2026-03-18T09:11:32.9795522Z Container is terminated. Total time elapsed: 8330 ms.
2026-03-18T09:11:32.9813513Z Site: careorbit-api-dev stopped.
2026-03-18T09:11:00.4132266Z State: Stopping, Action: UnmountingVolumes, LastError: ContainerTimeout, LastErrorTimestamp: 03/18/2026 09:10:52, LastErrorDetails: Container did not start within expected time limit of 230s. Please inspect your container logs for more details., Details: Site container: careorbit-api-dev terminated during site startup. Cancelling site startup., DetailsLevel: ERR
2026-03-18T09:11:01.3944406Z State: Stopping, Action: StoppingSiteNetworks, LastError: ContainerTimeout, LastErrorTimestamp: 03/18/2026 09:10:52, LastErrorDetails: Container did not start within expected time limit of 230s. Please inspect your container logs for more details., Details: Site container: careorbit-api-dev terminated during site startup. Cancelling site startup., DetailsLevel: ERR
2026-03-18T09:11:03.6312079Z State: Stopped, Action: None, LastError: ContainerTimeout, LastErrorTimestamp: 03/18/2026 09:10:52, LastErrorDetails: Container did not start within expected time limit of 230s. Please inspect your container logs for more details., Details: Site stopped at 03/18/2026 09:11:03 (UTC), DetailsLevel: ERR
2026-03-18T09:11:05.4304622Z State: Stopped, Action: None, LastError: ContainerTimeout, LastErrorTimestamp: 03/18/2026 09:10:52, LastErrorDetails: Container did not start within expected time limit of 230s. Please inspect your container logs for more details., Details: Site stopped at 03/18/2026 09:11:03 (UTC), DetailsLevel: ERR
2026-03-18T09:11:53.9525295Z State: Starting, Action: EstablishingSiteNetworks, LastError: ContainerTimeout, LastErrorTimestamp: 03/18/2026 09:10:52, LastErrorDetails: Container did not start within expected time limit of 230s. Please inspect your container logs for more details., Details: Site stopped at 03/18/2026 09:11:03 (UTC), DetailsLevel: ERR
2026-03-18T09:11:58.9091999Z State: Starting, Action: StartingSiteContainers, LastError: ContainerTimeout, LastErrorTimestamp: 03/18/2026 09:10:52, LastErrorDetails: Container did not start within expected time limit of 230s. Please inspect your container logs for more details., Details: Site stopped at 03/18/2026 09:11:03 (UTC), DetailsLevel: ERR
2026-03-18T09:11:58.9176445Z Container start method called.
2026-03-18T09:11:58.9178201Z State: Starting, Action: PullingImage, LastError: ContainerTimeout, LastErrorTimestamp: 03/18/2026 09:10:52, LastErrorDetails: Container did not start within expected time limit of 230s. Please inspect your container logs for more details., Details: Pulling image 10.1.0.5:13209/appsvc/python:3.12_20260203.2.tuxprod for careorbit-api-dev., DetailsLevel: INFO
2026-03-18T09:11:58.9188852Z Establishing network.
2026-03-18T09:11:58.9263393Z Pulling image: appsvc/python:3.12_20260203.2.tuxprod.
2026-03-18T09:11:59.6056162Z Container is starting.
2026-03-18T09:11:59.6137323Z State: Starting, Action: MountingVolumes, LastError: ContainerTimeout, LastErrorTimestamp: 03/18/2026 09:10:52, LastErrorDetails: Container did not start within expected time limit of 230s. Please inspect your container logs for more details., Details: Mounting volumes for careorbit-api-dev., DetailsLevel: INFO
2026-03-18T09:11:59.6149558Z Establishing user namespace if not established already.
2026-03-18T09:11:59.6157426Z Establishing network if not established already.
2026-03-18T09:11:59.6161879Z Mounting volumes.
2026-03-18T09:11:59.6258324Z Nested mountpoint 
2026-03-18T09:11:59.6691779Z Nested mountpoint volatile/logs
2026-03-18T09:11:59.7607653Z Nested mountpoint 
2026-03-18T09:12:00.0044368Z Nested mountpoint 
2026-03-18T09:12:00.1576984Z Nested mountpoint 
2026-03-18T09:12:00.5814148Z State: Starting, Action: CreatingContainer, LastError: ContainerTimeout, LastErrorTimestamp: 03/18/2026 09:10:52, LastErrorDetails: Container did not start within expected time limit of 230s. Please inspect your container logs for more details., Details: Finished pulling container image and mounting volumes for careorbit-api-dev. Allocatinng the rest of the container resources to finish container creation., DetailsLevel: INFO
2026-03-18T09:12:00.5827341Z Creating container.
2026-03-18T09:12:00.5919148Z Creating pipes for streaming container io.
2026-03-18T09:12:00.5979503Z Creating stdout named pipe at /podr/container/pipe/766cae43cd4c_careorbit-api-dev/stdout_36efcdcf6c51449880239b772428e4ac.
2026-03-18T09:12:00.6104175Z Successfully created stdout named pipe at: /podr/container/pipe/766cae43cd4c_careorbit-api-dev/stdout_36efcdcf6c51449880239b772428e4ac.
2026-03-18T09:12:00.6144948Z Opening named pipe /podr/container/pipe/766cae43cd4c_careorbit-api-dev/stdout_36efcdcf6c51449880239b772428e4ac for reading in non-blocking mode.
2026-03-18T09:12:00.6230256Z Successfully opened named pipe: /podr/container/pipe/766cae43cd4c_careorbit-api-dev/stdout_36efcdcf6c51449880239b772428e4ac.
2026-03-18T09:12:00.6313870Z Successfully removed non-blocking flag from /podr/container/pipe/766cae43cd4c_careorbit-api-dev/stdout_36efcdcf6c51449880239b772428e4ac.
2026-03-18T09:12:00.6383076Z Creating stderr named pipe at /podr/container/pipe/766cae43cd4c_careorbit-api-dev/stderr_eb8ffabb5a124098b9ecd3eea661af9e.
2026-03-18T09:12:00.6613921Z Successfully created stderr named pipe at: /podr/container/pipe/766cae43cd4c_careorbit-api-dev/stderr_eb8ffabb5a124098b9ecd3eea661af9e.
2026-03-18T09:12:00.6849759Z Opening named pipe /podr/container/pipe/766cae43cd4c_careorbit-api-dev/stderr_eb8ffabb5a124098b9ecd3eea661af9e for reading in non-blocking mode.
2026-03-18T09:12:00.6857456Z Successfully opened named pipe: /podr/container/pipe/766cae43cd4c_careorbit-api-dev/stderr_eb8ffabb5a124098b9ecd3eea661af9e.
2026-03-18T09:12:00.6862004Z Successfully removed non-blocking flag from /podr/container/pipe/766cae43cd4c_careorbit-api-dev/stderr_eb8ffabb5a124098b9ecd3eea661af9e.
2026-03-18T09:12:00.6868914Z Creating container with image: appsvc/python:3.12_20260203.2.tuxprod from registry: 10.1.0.5:13209 and fully qualified image name: 10.1.0.5:13209/appsvc/python:3.12_20260203.2.tuxprod
2026-03-18T09:12:01.7989088Z Starting container: 766cae43cd4c_careorbit-api-dev.
2026-03-18T09:12:01.9884755Z Starting watchers and probes.
2026-03-18T09:12:02.0488798Z Starting metrics collection.
2026-03-18T09:12:02.0921529Z Container is running.
2026-03-18T09:12:02.0937740Z State: Starting, Action: CreatingContainer, LastError: ContainerTimeout, LastErrorTimestamp: 03/18/2026 09:10:52, LastErrorDetails: Container did not start within expected time limit of 230s. Please inspect your container logs for more details., Details: Container careorbit-api-dev successfully created and is running., DetailsLevel: INFO
2026-03-18T09:12:02.5751023Z Container start method finished after 3656 ms.
2026-03-18T09:12:02.5835747Z State: Starting, Action: InitiatingSiteWarmUpProbe, LastError: ContainerTimeout, LastErrorTimestamp: 03/18/2026 09:10:52, LastErrorDetails: Container did not start within expected time limit of 230s. Please inspect your container logs for more details., Details: Container careorbit-api-dev successfully created and is running., DetailsLevel: INFO
2026-03-18T09:12:02.5836410Z State: Starting, Action: WaitingForSiteWarmUpProbeSuccess, LastError: ContainerTimeout, LastErrorTimestamp: 03/18/2026 09:10:52, LastErrorDetails: Container did not start within expected time limit of 230s. Please inspect your container logs for more details., Details: Pinging warmup path to ensure container is ready to receive requests., DetailsLevel: INFO
2026-03-18T09:15:37.6350877Z Site startup probe succeeded after 214.9568349 seconds.
2026-03-18T09:15:39.2479595Z State: Starting, Action: WarmUpProbeSucceeded, LastError: ContainerTimeout, LastErrorTimestamp: 03/18/2026 09:10:52, LastErrorDetails: Container did not start within expected time limit of 230s. Please inspect your container logs for more details., Details: Site startup probe succeeded after 214.9568349 seconds., DetailsLevel: INFO
2026-03-18T09:15:39.6351979Z State: Starting, Action: StartingAuthContainer, LastError: ContainerTimeout, LastErrorTimestamp: 03/18/2026 09:10:52, LastErrorDetails: Container did not start within expected time limit of 230s. Please inspect your container logs for more details., Details: Site startup probe succeeded after 214.9568349 seconds., DetailsLevel: INFO
2026-03-18T09:15:58.9675391Z Site is running with deployment version: 0555f6ee-9038-40da-b19a-8837b1a087cc
2026-03-18T09:15:58.9687959Z Site started.
2026-03-18T09:15:58.9774120Z State: Started, Action: None, LastError: ContainerTimeout, LastErrorTimestamp: 03/18/2026 09:10:52, LastErrorDetails: Container did not start within expected time limit of 230s. Please inspect your container logs for more details., Details: Site started at 03/18/2026 09:15:58 (UTC), DetailsLevel: INFO
2026-03-18T09:15:59.5974535Z Site is running with patch version PYTHON 3.12.12
2026-03-18T09:19:29.9953500Z State: Starting, Action: EstablishingSiteNetworks, LastError: , LastErrorTimestamp: 01/01/0001 00:00:00, LastErrorDetails: , Details: , DetailsLevel: INFO
2026-03-18T09:19:35.8913811Z State: Starting, Action: StartingSiteContainers, LastError: , LastErrorTimestamp: 01/01/0001 00:00:00, LastErrorDetails: , Details: , DetailsLevel: INFO
2026-03-18T09:19:35.9017086Z Container start method called.
2026-03-18T09:19:35.9025589Z State: Starting, Action: PullingImage, LastError: , LastErrorTimestamp: 01/01/0001 00:00:00, LastErrorDetails: , Details: Pulling image 10.1.0.4:13209/appsvc/python:3.12_20260203.2.tuxprod for careorbit-api-dev., DetailsLevel: INFO
2026-03-18T09:19:35.9028426Z Establishing network.
2026-03-18T09:19:35.9106672Z Pulling image: appsvc/python:3.12_20260203.2.tuxprod.
2026-03-18T09:19:37.8916271Z Container is starting.
2026-03-18T09:19:37.8918374Z State: Starting, Action: MountingVolumes, LastError: , LastErrorTimestamp: 01/01/0001 00:00:00, LastErrorDetails: , Details: Mounting volumes for careorbit-api-dev., DetailsLevel: INFO
2026-03-18T09:19:37.8923618Z Establishing user namespace if not established already.
2026-03-18T09:19:37.8924861Z Establishing network if not established already.
2026-03-18T09:19:37.8926176Z Mounting volumes.
2026-03-18T09:19:37.9026571Z Nested mountpoint 
2026-03-18T09:19:37.9929705Z Nested mountpoint volatile/logs
2026-03-18T09:19:38.4770491Z Nested mountpoint 
2026-03-18T09:19:38.5875130Z Nested mountpoint 
2026-03-18T09:19:38.6759457Z Nested mountpoint 
2026-03-18T09:19:40.8014735Z State: Starting, Action: CreatingContainer, LastError: , LastErrorTimestamp: 01/01/0001 00:00:00, LastErrorDetails: , Details: Finished pulling container image and mounting volumes for careorbit-api-dev. Allocatinng the rest of the container resources to finish container creation., DetailsLevel: INFO
2026-03-18T09:19:40.8400472Z Creating container.
2026-03-18T09:19:40.8500127Z Creating pipes for streaming container io.
2026-03-18T09:19:40.8791204Z Creating stdout named pipe at /podr/container/pipe/41171b649200_careorbit-api-dev/stdout_a8f2c8182b8e4f04ab715499a011cd15.
2026-03-18T09:19:40.9240132Z Successfully created stdout named pipe at: /podr/container/pipe/41171b649200_careorbit-api-dev/stdout_a8f2c8182b8e4f04ab715499a011cd15.
2026-03-18T09:19:40.9317390Z Opening named pipe /podr/container/pipe/41171b649200_careorbit-api-dev/stdout_a8f2c8182b8e4f04ab715499a011cd15 for reading in non-blocking mode.
2026-03-18T09:19:40.9319155Z Successfully opened named pipe: /podr/container/pipe/41171b649200_careorbit-api-dev/stdout_a8f2c8182b8e4f04ab715499a011cd15.
2026-03-18T09:19:40.9391859Z Successfully removed non-blocking flag from /podr/container/pipe/41171b649200_careorbit-api-dev/stdout_a8f2c8182b8e4f04ab715499a011cd15.
2026-03-18T09:19:40.9401577Z Creating stderr named pipe at /podr/container/pipe/41171b649200_careorbit-api-dev/stderr_34ab987afe53481b8d5619b23f0ae876.
2026-03-18T09:19:40.9404152Z Successfully created stderr named pipe at: /podr/container/pipe/41171b649200_careorbit-api-dev/stderr_34ab987afe53481b8d5619b23f0ae876.
2026-03-18T09:19:40.9407331Z Opening named pipe /podr/container/pipe/41171b649200_careorbit-api-dev/stderr_34ab987afe53481b8d5619b23f0ae876 for reading in non-blocking mode.
2026-03-18T09:19:40.9488946Z Successfully opened named pipe: /podr/container/pipe/41171b649200_careorbit-api-dev/stderr_34ab987afe53481b8d5619b23f0ae876.
2026-03-18T09:19:40.9492331Z Successfully removed non-blocking flag from /podr/container/pipe/41171b649200_careorbit-api-dev/stderr_34ab987afe53481b8d5619b23f0ae876.
2026-03-18T09:19:40.9594789Z Creating container with image: appsvc/python:3.12_20260203.2.tuxprod from registry: 10.1.0.4:13209 and fully qualified image name: 10.1.0.4:13209/appsvc/python:3.12_20260203.2.tuxprod
2026-03-18T09:19:42.4433089Z Starting container: 41171b649200_careorbit-api-dev.
2026-03-18T09:19:42.5840653Z Starting watchers and probes.
2026-03-18T09:19:42.5871627Z Starting metrics collection.
2026-03-18T09:19:42.5956157Z Container is running.
2026-03-18T09:19:42.5962855Z State: Starting, Action: CreatingContainer, LastError: , LastErrorTimestamp: 01/01/0001 00:00:00, LastErrorDetails: , Details: Container careorbit-api-dev successfully created and is running., DetailsLevel: INFO
2026-03-18T09:19:42.8078062Z Container start method finished after 6890 ms.
2026-03-18T09:19:42.8207004Z State: Starting, Action: InitiatingSiteWarmUpProbe, LastError: , LastErrorTimestamp: 01/01/0001 00:00:00, LastErrorDetails: , Details: Container careorbit-api-dev successfully created and is running., DetailsLevel: INFO
2026-03-18T09:19:42.8207375Z State: Starting, Action: WaitingForSiteWarmUpProbeSuccess, LastError: , LastErrorTimestamp: 01/01/0001 00:00:00, LastErrorDetails: , Details: Pinging warmup path to ensure container is ready to receive requests., DetailsLevel: INFO
2026-03-18T09:20:27.5414212Z Site startup probe failed after 44.5367299 seconds.
2026-03-18T09:20:28.8164130Z State: Starting, Action: WaitingForSiteWarmUpProbeSuccess, LastError: ContainerTimeout, LastErrorTimestamp: 03/18/2026 09:20:28, LastErrorDetails: Container did not start within expected time limit of 230s. Please inspect your container logs for more details., Details: Pinging warmup path to ensure container is ready to receive requests., DetailsLevel: ERR
2026-03-18T09:20:29.1591310Z Failed to start site. Revert by stopping site.
2026-03-18T09:20:29.2688127Z State: Stopping, Action: StoppingSite, LastError: ContainerTimeout, LastErrorTimestamp: 03/18/2026 09:20:28, LastErrorDetails: Container did not start within expected time limit of 230s. Please inspect your container logs for more details., Details: Pinging warmup path to ensure container is ready to receive requests., DetailsLevel: ERR
2026-03-18T09:20:29.3886460Z State: Stopping, Action: StoppingSiteContainers, LastError: ContainerTimeout, LastErrorTimestamp: 03/18/2026 09:20:28, LastErrorDetails: Container did not start within expected time limit of 230s. Please inspect your container logs for more details., Details: Pinging warmup path to ensure container is ready to receive requests., DetailsLevel: ERR
2026-03-18T09:20:29.4889533Z Container is terminating. Grace period: 5 seconds.
2026-03-18T09:20:30.2681110Z Stop and delete container. Retry count = 0
2026-03-18T09:20:30.2682366Z Stopping container: 41171b649200_careorbit-api-dev.
2026-03-18T09:20:36.1000355Z Deleting container: 41171b649200_careorbit-api-dev. Retry count = 0
2026-03-18T09:20:38.5364445Z Container spec TerminationMessagePolicy  path 
2026-03-18T09:20:38.5459682Z Container is terminated. Total time elapsed: 9056 ms.
2026-03-18T09:20:38.5460934Z Site container: careorbit-api-dev terminated during site startup.
2026-03-18T09:20:38.5541435Z State: Stopping, Action: CancellingStartup, LastError: ContainerTimeout, LastErrorTimestamp: 03/18/2026 09:20:28, LastErrorDetails: Container did not start within expected time limit of 230s. Please inspect your container logs for more details., Details: Site container: careorbit-api-dev terminated during site startup. Cancelling site startup., DetailsLevel: ERR
2026-03-18T09:20:38.5889704Z Site: careorbit-api-dev stopped.
2026-03-18T09:21:04.1388594Z State: Stopping, Action: StoppingSite, LastError: ContainerTimeout, LastErrorTimestamp: 03/18/2026 09:10:52, LastErrorDetails: Container did not start within expected time limit of 230s. Please inspect your container logs for more details., Details: Site started at 03/18/2026 09:15:58 (UTC), DetailsLevel: INFO
2026-03-18T09:21:04.1684715Z State: Stopping, Action: StoppingSiteContainers, LastError: ContainerTimeout, LastErrorTimestamp: 03/18/2026 09:10:52, LastErrorDetails: Container did not start within expected time limit of 230s. Please inspect your container logs for more details., Details: Site started at 03/18/2026 09:15:58 (UTC), DetailsLevel: INFO
2026-03-18T09:21:04.1687445Z Container is terminating. Grace period: 5 seconds.
2026-03-18T09:21:04.2499766Z Stop and delete container. Retry count = 0
2026-03-18T09:21:04.2599951Z Stopping container: 766cae43cd4c_careorbit-api-dev.
2026-03-18T09:21:09.8299573Z Deleting container: 766cae43cd4c_careorbit-api-dev. Retry count = 0
2026-03-18T09:21:12.7469116Z Container spec TerminationMessagePolicy  path 
2026-03-18T09:21:12.7476641Z Container is terminated. Total time elapsed: 8578 ms.
2026-03-18T09:21:12.7478138Z Site: careorbit-api-dev stopped.
2026-03-18T09:21:38.8586381Z State: Starting, Action: EstablishingSiteNetworks, LastError: ContainerTimeout, LastErrorTimestamp: 03/18/2026 09:20:28, LastErrorDetails: Container did not start within expected time limit of 230s. Please inspect your container logs for more details., Details: Site stopped at 03/18/2026 09:20:43 (UTC), DetailsLevel: ERR
2026-03-18T09:21:43.5730686Z State: Starting, Action: StartingSiteContainers, LastError: ContainerTimeout, LastErrorTimestamp: 03/18/2026 09:20:28, LastErrorDetails: Container did not start within expected time limit of 230s. Please inspect your container logs for more details., Details: Site stopped at 03/18/2026 09:20:43 (UTC), DetailsLevel: ERR
2026-03-18T09:21:43.6031137Z Container start method called.
2026-03-18T09:21:43.6032632Z State: Starting, Action: PullingImage, LastError: ContainerTimeout, LastErrorTimestamp: 03/18/2026 09:20:28, LastErrorDetails: Container did not start within expected time limit of 230s. Please inspect your container logs for more details., Details: Pulling image 10.1.0.5:13209/appsvc/python:3.12_20260203.2.tuxprod for careorbit-api-dev., DetailsLevel: INFO
2026-03-18T09:21:43.6034263Z Establishing network.
2026-03-18T09:21:43.6035601Z Pulling image: appsvc/python:3.12_20260203.2.tuxprod.
2026-03-18T09:21:44.0908220Z Container is starting.
2026-03-18T09:21:44.0909717Z State: Starting, Action: MountingVolumes, LastError: ContainerTimeout, LastErrorTimestamp: 03/18/2026 09:20:28, LastErrorDetails: Container did not start within expected time limit of 230s. Please inspect your container logs for more details., Details: Mounting volumes for careorbit-api-dev., DetailsLevel: INFO
2026-03-18T09:21:44.0910999Z Establishing user namespace if not established already.
2026-03-18T09:21:44.0912320Z Establishing network if not established already.
2026-03-18T09:21:44.0913593Z Mounting volumes.
2026-03-18T09:21:44.0916995Z Nested mountpoint 
2026-03-18T09:21:44.1701623Z Nested mountpoint volatile/logs
2026-03-18T09:21:44.2380718Z Nested mountpoint 
2026-03-18T09:21:44.5106523Z Nested mountpoint 
2026-03-18T09:21:44.7301766Z Nested mountpoint 
2026-03-18T09:21:45.9062328Z State: Starting, Action: CreatingContainer, LastError: ContainerTimeout, LastErrorTimestamp: 03/18/2026 09:20:28, LastErrorDetails: Container did not start within expected time limit of 230s. Please inspect your container logs for more details., Details: Finished pulling container image and mounting volumes for careorbit-api-dev. Allocatinng the rest of the container resources to finish container creation., DetailsLevel: INFO
2026-03-18T09:21:45.9063463Z Creating container.
2026-03-18T09:21:45.9064201Z Creating pipes for streaming container io.
2026-03-18T09:21:45.9064981Z Creating stdout named pipe at /podr/container/pipe/e51f7c8892cb_careorbit-api-dev/stdout_f2b665d253d645b09246d75062fdaa1f.
2026-03-18T09:21:45.9371340Z Successfully created stdout named pipe at: /podr/container/pipe/e51f7c8892cb_careorbit-api-dev/stdout_f2b665d253d645b09246d75062fdaa1f.
2026-03-18T09:21:45.9558736Z Opening named pipe /podr/container/pipe/e51f7c8892cb_careorbit-api-dev/stdout_f2b665d253d645b09246d75062fdaa1f for reading in non-blocking mode.
2026-03-18T09:21:45.9567546Z Successfully opened named pipe: /podr/container/pipe/e51f7c8892cb_careorbit-api-dev/stdout_f2b665d253d645b09246d75062fdaa1f.
2026-03-18T09:21:45.9650576Z Successfully removed non-blocking flag from /podr/container/pipe/e51f7c8892cb_careorbit-api-dev/stdout_f2b665d253d645b09246d75062fdaa1f.
2026-03-18T09:21:45.9664887Z Creating stderr named pipe at /podr/container/pipe/e51f7c8892cb_careorbit-api-dev/stderr_e4b43c9dd0a345329379b00175cf8537.
2026-03-18T09:21:45.9756504Z Successfully created stderr named pipe at: /podr/container/pipe/e51f7c8892cb_careorbit-api-dev/stderr_e4b43c9dd0a345329379b00175cf8537.
2026-03-18T09:21:45.9757699Z Opening named pipe /podr/container/pipe/e51f7c8892cb_careorbit-api-dev/stderr_e4b43c9dd0a345329379b00175cf8537 for reading in non-blocking mode.
2026-03-18T09:21:45.9758971Z Successfully opened named pipe: /podr/container/pipe/e51f7c8892cb_careorbit-api-dev/stderr_e4b43c9dd0a345329379b00175cf8537.
2026-03-18T09:21:45.9759702Z Successfully removed non-blocking flag from /podr/container/pipe/e51f7c8892cb_careorbit-api-dev/stderr_e4b43c9dd0a345329379b00175cf8537.
2026-03-18T09:21:46.0055594Z Creating container with image: appsvc/python:3.12_20260203.2.tuxprod from registry: 10.1.0.5:13209 and fully qualified image name: 10.1.0.5:13209/appsvc/python:3.12_20260203.2.tuxprod
2026-03-18T09:21:47.0799597Z Starting container: e51f7c8892cb_careorbit-api-dev.
2026-03-18T09:21:47.2175849Z Starting watchers and probes.
2026-03-18T09:21:47.2597611Z Starting metrics collection.
2026-03-18T09:21:47.3187568Z Container is running.
2026-03-18T09:21:47.3406995Z State: Starting, Action: CreatingContainer, LastError: ContainerTimeout, LastErrorTimestamp: 03/18/2026 09:20:28, LastErrorDetails: Container did not start within expected time limit of 230s. Please inspect your container logs for more details., Details: Container careorbit-api-dev successfully created and is running., DetailsLevel: INFO
2026-03-18T09:21:47.6842049Z Container start method finished after 4080 ms.
2026-03-18T09:21:47.6922381Z State: Starting, Action: InitiatingSiteWarmUpProbe, LastError: ContainerTimeout, LastErrorTimestamp: 03/18/2026 09:20:28, LastErrorDetails: Container did not start within expected time limit of 230s. Please inspect your container logs for more details., Details: Container careorbit-api-dev successfully created and is running., DetailsLevel: INFO
2026-03-18T09:21:47.7016701Z State: Starting, Action: WaitingForSiteWarmUpProbeSuccess, LastError: ContainerTimeout, LastErrorTimestamp: 03/18/2026 09:20:28, LastErrorDetails: Container did not start within expected time limit of 230s. Please inspect your container logs for more details., Details: Pinging warmup path to ensure container is ready to receive requests., DetailsLevel: INFO
2026-03-18T09:24:48.0156753Z Site startup probe succeeded after 180.3130559 seconds.
2026-03-18T09:24:48.1954381Z State: Starting, Action: WarmUpProbeSucceeded, LastError: ContainerTimeout, LastErrorTimestamp: 03/18/2026 09:20:28, LastErrorDetails: Container did not start within expected time limit of 230s. Please inspect your container logs for more details., Details: Site startup probe succeeded after 180.3130559 seconds., DetailsLevel: INFO
2026-03-18T09:24:48.2920015Z State: Starting, Action: StartingAuthContainer, LastError: ContainerTimeout, LastErrorTimestamp: 03/18/2026 09:20:28, LastErrorDetails: Container did not start within expected time limit of 230s. Please inspect your container logs for more details., Details: Site startup probe succeeded after 180.3130559 seconds., DetailsLevel: INFO
2026-03-18T09:24:57.1113662Z Site is running with deployment version: a104bdbe-7ec6-498c-8503-39b7bc3277a5
2026-03-18T09:24:57.1200401Z Site started.
2026-03-18T09:24:57.1204256Z State: Started, Action: None, LastError: ContainerTimeout, LastErrorTimestamp: 03/18/2026 09:20:28, LastErrorDetails: Container did not start within expected time limit of 230s. Please inspect your container logs for more details., Details: Site started at 03/18/2026 09:24:57 (UTC), DetailsLevel: INFO
2026-03-18T09:24:57.2100667Z Site is running with patch version PYTHON 3.12.12
2026-03-18T09:37:32.4073684Z State: Starting, Action: EstablishingSiteNetworks, LastError: , LastErrorTimestamp: 01/01/0001 00:00:00, LastErrorDetails: , Details: , DetailsLevel: INFO
2026-03-18T09:37:52.8248361Z State: Starting, Action: StartingSiteContainers, LastError: , LastErrorTimestamp: 01/01/0001 00:00:00, LastErrorDetails: , Details: , DetailsLevel: INFO
2026-03-18T09:37:52.8915489Z Container start method called.
2026-03-18T09:37:52.9166946Z State: Starting, Action: PullingImage, LastError: , LastErrorTimestamp: 01/01/0001 00:00:00, LastErrorDetails: , Details: Pulling image 10.1.0.5:13209/appsvc/python:3.12_20260203.2.tuxprod for careorbit-api-dev., DetailsLevel: INFO
2026-03-18T09:37:52.9184823Z Establishing network.
2026-03-18T09:37:52.9190841Z Pulling image: appsvc/python:3.12_20260203.2.tuxprod.
2026-03-18T09:37:55.1780986Z Container is starting.
2026-03-18T09:37:55.1782622Z State: Starting, Action: MountingVolumes, LastError: , LastErrorTimestamp: 01/01/0001 00:00:00, LastErrorDetails: , Details: Mounting volumes for careorbit-api-dev., DetailsLevel: INFO
2026-03-18T09:37:55.1792076Z Establishing user namespace if not established already.
2026-03-18T09:37:55.1793492Z Establishing network if not established already.
2026-03-18T09:37:55.1794759Z Mounting volumes.
2026-03-18T09:37:55.1963029Z Nested mountpoint 
2026-03-18T09:37:55.3772015Z Nested mountpoint volatile/logs
2026-03-18T09:37:55.4808986Z Nested mountpoint 
2026-03-18T09:37:55.5713804Z Nested mountpoint 
2026-03-18T09:37:55.5725367Z Nested mountpoint 
2026-03-18T09:37:57.5930156Z State: Starting, Action: CreatingContainer, LastError: , LastErrorTimestamp: 01/01/0001 00:00:00, LastErrorDetails: , Details: Finished pulling container image and mounting volumes for careorbit-api-dev. Allocatinng the rest of the container resources to finish container creation., DetailsLevel: INFO
2026-03-18T09:37:57.6117499Z Creating container.
2026-03-18T09:37:57.6335357Z Creating pipes for streaming container io.
2026-03-18T09:37:57.6359291Z Creating stdout named pipe at /podr/container/pipe/3095f4d82ec9_careorbit-api-dev/stdout_7551081dda6b4a7d82744ace87bdbdf1.
2026-03-18T09:37:57.6456656Z Successfully created stdout named pipe at: /podr/container/pipe/3095f4d82ec9_careorbit-api-dev/stdout_7551081dda6b4a7d82744ace87bdbdf1.
2026-03-18T09:37:57.6459378Z Opening named pipe /podr/container/pipe/3095f4d82ec9_careorbit-api-dev/stdout_7551081dda6b4a7d82744ace87bdbdf1 for reading in non-blocking mode.
2026-03-18T09:37:57.6535615Z Successfully opened named pipe: /podr/container/pipe/3095f4d82ec9_careorbit-api-dev/stdout_7551081dda6b4a7d82744ace87bdbdf1.
2026-03-18T09:37:57.6542834Z Successfully removed non-blocking flag from /podr/container/pipe/3095f4d82ec9_careorbit-api-dev/stdout_7551081dda6b4a7d82744ace87bdbdf1.
2026-03-18T09:37:57.6840869Z Creating stderr named pipe at /podr/container/pipe/3095f4d82ec9_careorbit-api-dev/stderr_e264f1e9bdf54d9bb2587952cee16cbf.
2026-03-18T09:37:57.6844718Z Successfully created stderr named pipe at: /podr/container/pipe/3095f4d82ec9_careorbit-api-dev/stderr_e264f1e9bdf54d9bb2587952cee16cbf.
2026-03-18T09:37:57.6846143Z Opening named pipe /podr/container/pipe/3095f4d82ec9_careorbit-api-dev/stderr_e264f1e9bdf54d9bb2587952cee16cbf for reading in non-blocking mode.
2026-03-18T09:37:57.6847564Z Successfully opened named pipe: /podr/container/pipe/3095f4d82ec9_careorbit-api-dev/stderr_e264f1e9bdf54d9bb2587952cee16cbf.
2026-03-18T09:37:57.6849890Z Successfully removed non-blocking flag from /podr/container/pipe/3095f4d82ec9_careorbit-api-dev/stderr_e264f1e9bdf54d9bb2587952cee16cbf.
2026-03-18T09:37:57.6856235Z Creating container with image: appsvc/python:3.12_20260203.2.tuxprod from registry: 10.1.0.5:13209 and fully qualified image name: 10.1.0.5:13209/appsvc/python:3.12_20260203.2.tuxprod
2026-03-18T09:37:59.9714637Z Starting container: 3095f4d82ec9_careorbit-api-dev.
2026-03-18T09:38:00.1551704Z Starting watchers and probes.
2026-03-18T09:38:00.1893390Z Starting metrics collection.
2026-03-18T09:38:00.2032027Z Container is running.
2026-03-18T09:38:00.2036596Z State: Starting, Action: CreatingContainer, LastError: , LastErrorTimestamp: 01/01/0001 00:00:00, LastErrorDetails: , Details: Container careorbit-api-dev successfully created and is running., DetailsLevel: INFO
2026-03-18T09:38:00.3651709Z Container start method finished after 7473 ms.
2026-03-18T09:38:00.3846007Z State: Starting, Action: InitiatingSiteWarmUpProbe, LastError: , LastErrorTimestamp: 01/01/0001 00:00:00, LastErrorDetails: , Details: Container careorbit-api-dev successfully created and is running., DetailsLevel: INFO
2026-03-18T09:38:00.4458776Z State: Starting, Action: WaitingForSiteWarmUpProbeSuccess, LastError: , LastErrorTimestamp: 01/01/0001 00:00:00, LastErrorDetails: , Details: Pinging warmup path to ensure container is ready to receive requests., DetailsLevel: INFO
2026-03-18T09:41:16.5946427Z Site startup probe succeeded after 195.9806384 seconds.
2026-03-18T09:41:17.1247308Z State: Starting, Action: WarmUpProbeSucceeded, LastError: , LastErrorTimestamp: 01/01/0001 00:00:00, LastErrorDetails: , Details: Site startup probe succeeded after 195.9806384 seconds., DetailsLevel: INFO
2026-03-18T09:41:17.2573764Z State: Starting, Action: StartingAuthContainer, LastError: , LastErrorTimestamp: 01/01/0001 00:00:00, LastErrorDetails: , Details: Site startup probe succeeded after 195.9806384 seconds., DetailsLevel: INFO
2026-03-18T09:41:31.8209377Z Site is running with deployment version: 2342d56a-3c2a-47cf-bdd8-74e9630390e5
2026-03-18T09:41:31.8475654Z Site started.
2026-03-18T09:41:31.8562082Z State: Started, Action: None, LastError: , LastErrorTimestamp: 01/01/0001 00:00:00, LastErrorDetails: , Details: Site started at 03/18/2026 09:41:31 (UTC), DetailsLevel: INFO
2026-03-18T09:41:31.8756425Z Site is running with patch version PYTHON 3.12.12
2026-03-18T09:41:52.0719934Z State: Stopping, Action: StoppingSite, LastError: ContainerTimeout, LastErrorTimestamp: 03/18/2026 09:20:28, LastErrorDetails: Container did not start within expected time limit of 230s. Please inspect your container logs for more details., Details: Site started at 03/18/2026 09:24:57 (UTC), DetailsLevel: INFO
2026-03-18T09:41:52.1287190Z State: Stopping, Action: StoppingSiteContainers, LastError: ContainerTimeout, LastErrorTimestamp: 03/18/2026 09:20:28, LastErrorDetails: Container did not start within expected time limit of 230s. Please inspect your container logs for more details., Details: Site started at 03/18/2026 09:24:57 (UTC), DetailsLevel: INFO
2026-03-18T09:41:52.1299011Z Container is terminating. Grace period: 5 seconds.
2026-03-18T09:41:52.2551384Z Stop and delete container. Retry count = 0
2026-03-18T09:41:52.2553430Z Stopping container: e51f7c8892cb_careorbit-api-dev.
2026-03-18T09:41:57.5669663Z Deleting container: e51f7c8892cb_careorbit-api-dev. Retry count = 0
2026-03-18T09:41:59.7451182Z Container spec TerminationMessagePolicy  path 
2026-03-18T09:41:59.7688122Z Container is terminated. Total time elapsed: 7629 ms.
2026-03-18T09:41:59.7690026Z Site: careorbit-api-dev stopped.
2026-03-18T09:52:49.0973988Z State: Starting, Action: EstablishingSiteNetworks, LastError: , LastErrorTimestamp: 01/01/0001 00:00:00, LastErrorDetails: , Details: , DetailsLevel: INFO
2026-03-18T09:52:53.1782381Z State: Starting, Action: EstablishingSiteNetworks, LastError: VNETFailure, LastErrorTimestamp: 03/18/2026 09:52:53, LastErrorDetails: There was an issue setting up VNet., Details: , DetailsLevel: ERR
2026-03-18T09:52:53.2743165Z Failed to start site. Revert by stopping site.
2026-03-18T09:52:53.3149688Z State: Stopping, Action: StoppingSite, LastError: VNETFailure, LastErrorTimestamp: 03/18/2026 09:52:53, LastErrorDetails: There was an issue setting up VNet., Details: , DetailsLevel: ERR
2026-03-18T09:52:53.3243095Z State: Stopping, Action: StoppingSiteContainers, LastError: VNETFailure, LastErrorTimestamp: 03/18/2026 09:52:53, LastErrorDetails: There was an issue setting up VNet., Details: , DetailsLevel: ERR
2026-03-18T09:52:53.3243327Z Site: careorbit-api-dev stopped.
2026-03-18T09:53:15.0996173Z State: Stopping, Action: StoppingSite, LastError: ContainerTimeout, LastErrorTimestamp: 03/18/2026 09:20:28, LastErrorDetails: Container did not start within expected time limit of 230s. Please inspect your container logs for more details., Details: Site started at 03/18/2026 09:41:31 (UTC), DetailsLevel: INFO
2026-03-18T09:53:15.1073081Z State: Stopping, Action: StoppingSiteContainers, LastError: ContainerTimeout, LastErrorTimestamp: 03/18/2026 09:20:28, LastErrorDetails: Container did not start within expected time limit of 230s. Please inspect your container logs for more details., Details: Site started at 03/18/2026 09:41:31 (UTC), DetailsLevel: INFO
2026-03-18T09:53:15.1074447Z Container is terminating. Grace period: 5 seconds.
2026-03-18T09:53:15.1661095Z Stop and delete container. Retry count = 0
2026-03-18T09:53:15.1811650Z Stopping container: 3095f4d82ec9_careorbit-api-dev.
2026-03-18T09:53:20.3675579Z Deleting container: 3095f4d82ec9_careorbit-api-dev. Retry count = 0
2026-03-18T09:53:21.1794757Z Container spec TerminationMessagePolicy  path 
2026-03-18T09:53:21.1877946Z Container is terminated. Total time elapsed: 6072 ms.
2026-03-18T09:53:21.1891292Z Site: careorbit-api-dev stopped.
2026-03-18T09:53:48.9052693Z State: Starting, Action: EstablishingSiteNetworks, LastError: VNETFailure, LastErrorTimestamp: 03/18/2026 09:52:53, LastErrorDetails: There was an issue setting up VNet., Details: Site stopped at 03/18/2026 09:52:54 (UTC), DetailsLevel: ERR
2026-03-18T09:53:53.3417703Z State: Starting, Action: StartingSiteContainers, LastError: VNETFailure, LastErrorTimestamp: 03/18/2026 09:52:53, LastErrorDetails: There was an issue setting up VNet., Details: Site stopped at 03/18/2026 09:52:54 (UTC), DetailsLevel: ERR
2026-03-18T09:53:53.3485168Z Container start method called.
2026-03-18T09:53:53.3486124Z State: Starting, Action: PullingImage, LastError: VNETFailure, LastErrorTimestamp: 03/18/2026 09:52:53, LastErrorDetails: There was an issue setting up VNet., Details: Pulling image 10.1.0.4:13209/appsvc/python:3.12_20260203.2.tuxprod for careorbit-api-dev., DetailsLevel: INFO
2026-03-18T09:53:53.3486905Z Establishing network.
2026-03-18T09:53:53.3487913Z Pulling image: appsvc/python:3.12_20260203.2.tuxprod.
2026-03-18T09:53:53.9387571Z Container is starting.
2026-03-18T09:53:53.9389890Z State: Starting, Action: MountingVolumes, LastError: VNETFailure, LastErrorTimestamp: 03/18/2026 09:52:53, LastErrorDetails: There was an issue setting up VNet., Details: Mounting volumes for careorbit-api-dev., DetailsLevel: INFO
2026-03-18T09:53:53.9391186Z Establishing user namespace if not established already.
2026-03-18T09:53:53.9392274Z Establishing network if not established already.
2026-03-18T09:53:53.9393705Z Mounting volumes.
2026-03-18T09:53:53.9516294Z Nested mountpoint 
2026-03-18T09:53:54.0424131Z Nested mountpoint volatile/logs
2026-03-18T09:53:54.0698123Z Nested mountpoint 
2026-03-18T09:53:54.0770207Z Nested mountpoint 
2026-03-18T09:53:54.1109242Z Nested mountpoint 
2026-03-18T09:53:54.6799426Z State: Starting, Action: CreatingContainer, LastError: VNETFailure, LastErrorTimestamp: 03/18/2026 09:52:53, LastErrorDetails: There was an issue setting up VNet., Details: Finished pulling container image and mounting volumes for careorbit-api-dev. Allocatinng the rest of the container resources to finish container creation., DetailsLevel: INFO
2026-03-18T09:53:54.6892904Z Creating container.
2026-03-18T09:53:54.6904341Z Creating pipes for streaming container io.
2026-03-18T09:53:54.6911939Z Creating stdout named pipe at /podr/container/pipe/4e855bc4994b_careorbit-api-dev/stdout_402d77812a37495f9d6a09090f2301ca.
2026-03-18T09:53:54.7710632Z Successfully created stdout named pipe at: /podr/container/pipe/4e855bc4994b_careorbit-api-dev/stdout_402d77812a37495f9d6a09090f2301ca.
2026-03-18T09:53:54.8587275Z Opening named pipe /podr/container/pipe/4e855bc4994b_careorbit-api-dev/stdout_402d77812a37495f9d6a09090f2301ca for reading in non-blocking mode.
2026-03-18T09:53:54.8608268Z Successfully opened named pipe: /podr/container/pipe/4e855bc4994b_careorbit-api-dev/stdout_402d77812a37495f9d6a09090f2301ca.
2026-03-18T09:53:54.8610329Z Successfully removed non-blocking flag from /podr/container/pipe/4e855bc4994b_careorbit-api-dev/stdout_402d77812a37495f9d6a09090f2301ca.
2026-03-18T09:53:54.9366122Z Creating stderr named pipe at /podr/container/pipe/4e855bc4994b_careorbit-api-dev/stderr_c335f987e4f7442c92908d77f0ded3db.
2026-03-18T09:53:54.9470469Z Successfully created stderr named pipe at: /podr/container/pipe/4e855bc4994b_careorbit-api-dev/stderr_c335f987e4f7442c92908d77f0ded3db.
2026-03-18T09:53:54.9480263Z Opening named pipe /podr/container/pipe/4e855bc4994b_careorbit-api-dev/stderr_c335f987e4f7442c92908d77f0ded3db for reading in non-blocking mode.
2026-03-18T09:53:54.9756677Z Successfully opened named pipe: /podr/container/pipe/4e855bc4994b_careorbit-api-dev/stderr_c335f987e4f7442c92908d77f0ded3db.
2026-03-18T09:53:54.9758467Z Successfully removed non-blocking flag from /podr/container/pipe/4e855bc4994b_careorbit-api-dev/stderr_c335f987e4f7442c92908d77f0ded3db.
2026-03-18T09:53:54.9760502Z Creating container with image: appsvc/python:3.12_20260203.2.tuxprod from registry: 10.1.0.4:13209 and fully qualified image name: 10.1.0.4:13209/appsvc/python:3.12_20260203.2.tuxprod
2026-03-18T09:53:55.7823282Z Starting container: 4e855bc4994b_careorbit-api-dev.
2026-03-18T09:53:55.9672381Z Starting watchers and probes.
2026-03-18T09:53:55.9877192Z Starting metrics collection.
2026-03-18T09:53:55.9879829Z Container is running.
2026-03-18T09:53:55.9891764Z State: Starting, Action: CreatingContainer, LastError: VNETFailure, LastErrorTimestamp: 03/18/2026 09:52:53, LastErrorDetails: There was an issue setting up VNet., Details: Container careorbit-api-dev successfully created and is running., DetailsLevel: INFO
2026-03-18T09:53:56.3251094Z Container start method finished after 2976 ms.
2026-03-18T09:53:56.3553798Z State: Starting, Action: InitiatingSiteWarmUpProbe, LastError: VNETFailure, LastErrorTimestamp: 03/18/2026 09:52:53, LastErrorDetails: There was an issue setting up VNet., Details: Container careorbit-api-dev successfully created and is running., DetailsLevel: INFO
2026-03-18T09:53:56.3558444Z State: Starting, Action: WaitingForSiteWarmUpProbeSuccess, LastError: VNETFailure, LastErrorTimestamp: 03/18/2026 09:52:53, LastErrorDetails: There was an issue setting up VNet., Details: Pinging warmup path to ensure container is ready to receive requests., DetailsLevel: INFO
2026-03-18T09:55:04.9003374Z Site startup probe succeeded after 68.5152534 seconds.
2026-03-18T09:55:05.1444754Z State: Starting, Action: WarmUpProbeSucceeded, LastError: VNETFailure, LastErrorTimestamp: 03/18/2026 09:52:53, LastErrorDetails: There was an issue setting up VNet., Details: Site startup probe succeeded after 68.5152534 seconds., DetailsLevel: INFO
2026-03-18T09:55:05.2951647Z State: Starting, Action: StartingAuthContainer, LastError: VNETFailure, LastErrorTimestamp: 03/18/2026 09:52:53, LastErrorDetails: There was an issue setting up VNet., Details: Site startup probe succeeded after 68.5152534 seconds., DetailsLevel: INFO
2026-03-18T09:55:17.1269916Z Site is running with deployment version: 2342d56a-3c2a-47cf-bdd8-74e9630390e5
2026-03-18T09:55:17.1645460Z Site started.
2026-03-18T09:55:17.1647465Z State: Started, Action: None, LastError: VNETFailure, LastErrorTimestamp: 03/18/2026 09:52:53, LastErrorDetails: There was an issue setting up VNet., Details: Site started at 03/18/2026 09:55:17 (UTC), DetailsLevel: INFO
2026-03-18T09:55:17.2817816Z Site is running with patch version PYTHON 3.12.12
2026-03-18T09:58:00.2875912Z State: Starting, Action: EstablishingSiteNetworks, LastError: , LastErrorTimestamp: 01/01/0001 00:00:00, LastErrorDetails: , Details: , DetailsLevel: INFO
2026-03-18T09:58:10.7695786Z State: Starting, Action: StartingSiteContainers, LastError: , LastErrorTimestamp: 01/01/0001 00:00:00, LastErrorDetails: , Details: , DetailsLevel: INFO
2026-03-18T09:58:10.7699453Z Container start method called.
2026-03-18T09:58:10.7700560Z State: Starting, Action: PullingImage, LastError: , LastErrorTimestamp: 01/01/0001 00:00:00, LastErrorDetails: , Details: Pulling image 10.1.0.4:13209/appsvc/python:3.12_20260203.2.tuxprod for careorbit-api-dev., DetailsLevel: INFO
2026-03-18T09:58:10.7702397Z Establishing network.
2026-03-18T09:58:10.7703451Z Pulling image: appsvc/python:3.12_20260203.2.tuxprod.
2026-03-18T09:58:13.6089800Z Container is starting.
2026-03-18T09:58:13.6162143Z State: Starting, Action: MountingVolumes, LastError: , LastErrorTimestamp: 01/01/0001 00:00:00, LastErrorDetails: , Details: Mounting volumes for careorbit-api-dev., DetailsLevel: INFO
2026-03-18T09:58:13.6166899Z Establishing user namespace if not established already.
2026-03-18T09:58:13.6168485Z Establishing network if not established already.
2026-03-18T09:58:13.6431991Z Mounting volumes.
2026-03-18T09:58:13.6435482Z Nested mountpoint 
2026-03-18T09:58:13.6945544Z Nested mountpoint volatile/logs
2026-03-18T09:58:13.7816425Z Nested mountpoint 
2026-03-18T09:58:13.7822692Z Nested mountpoint 
2026-03-18T09:58:13.8501710Z Nested mountpoint 
2026-03-18T09:58:18.0954059Z State: Starting, Action: CreatingContainer, LastError: , LastErrorTimestamp: 01/01/0001 00:00:00, LastErrorDetails: , Details: Finished pulling container image and mounting volumes for careorbit-api-dev. Allocatinng the rest of the container resources to finish container creation., DetailsLevel: INFO
2026-03-18T09:58:18.1040636Z Creating container.
2026-03-18T09:58:18.1247504Z Creating pipes for streaming container io.
2026-03-18T09:58:18.1390910Z Creating stdout named pipe at /podr/container/pipe/8ed0bc02cbdc_careorbit-api-dev/stdout_0b102be6ed0b42479bf9c205d054acfa.
2026-03-18T09:58:18.1628801Z Successfully created stdout named pipe at: /podr/container/pipe/8ed0bc02cbdc_careorbit-api-dev/stdout_0b102be6ed0b42479bf9c205d054acfa.
2026-03-18T09:58:18.1629955Z Opening named pipe /podr/container/pipe/8ed0bc02cbdc_careorbit-api-dev/stdout_0b102be6ed0b42479bf9c205d054acfa for reading in non-blocking mode.
2026-03-18T09:58:18.1630966Z Successfully opened named pipe: /podr/container/pipe/8ed0bc02cbdc_careorbit-api-dev/stdout_0b102be6ed0b42479bf9c205d054acfa.
2026-03-18T09:58:18.1631683Z Successfully removed non-blocking flag from /podr/container/pipe/8ed0bc02cbdc_careorbit-api-dev/stdout_0b102be6ed0b42479bf9c205d054acfa.
2026-03-18T09:58:18.1725658Z Creating stderr named pipe at /podr/container/pipe/8ed0bc02cbdc_careorbit-api-dev/stderr_7af54bb56e3d460eb26b0981f7b7d5fc.
2026-03-18T09:58:18.1728540Z Successfully created stderr named pipe at: /podr/container/pipe/8ed0bc02cbdc_careorbit-api-dev/stderr_7af54bb56e3d460eb26b0981f7b7d5fc.
2026-03-18T09:58:18.1729453Z Opening named pipe /podr/container/pipe/8ed0bc02cbdc_careorbit-api-dev/stderr_7af54bb56e3d460eb26b0981f7b7d5fc for reading in non-blocking mode.
2026-03-18T09:58:18.1730438Z Successfully opened named pipe: /podr/container/pipe/8ed0bc02cbdc_careorbit-api-dev/stderr_7af54bb56e3d460eb26b0981f7b7d5fc.
2026-03-18T09:58:18.1731137Z Successfully removed non-blocking flag from /podr/container/pipe/8ed0bc02cbdc_careorbit-api-dev/stderr_7af54bb56e3d460eb26b0981f7b7d5fc.
2026-03-18T09:58:18.1920234Z Creating container with image: appsvc/python:3.12_20260203.2.tuxprod from registry: 10.1.0.4:13209 and fully qualified image name: 10.1.0.4:13209/appsvc/python:3.12_20260203.2.tuxprod
2026-03-18T09:58:20.8011808Z Starting container: 8ed0bc02cbdc_careorbit-api-dev.
2026-03-18T09:58:21.0197312Z Starting watchers and probes.
2026-03-18T09:58:21.0268917Z Starting metrics collection.
2026-03-18T09:58:21.0271196Z Container is running.
2026-03-18T09:58:21.0272219Z State: Starting, Action: CreatingContainer, LastError: , LastErrorTimestamp: 01/01/0001 00:00:00, LastErrorDetails: , Details: Container careorbit-api-dev successfully created and is running., DetailsLevel: INFO
2026-03-18T09:58:21.8584698Z Container start method finished after 11088 ms.
2026-03-18T09:58:21.8586703Z State: Starting, Action: InitiatingSiteWarmUpProbe, LastError: , LastErrorTimestamp: 01/01/0001 00:00:00, LastErrorDetails: , Details: Container careorbit-api-dev successfully created and is running., DetailsLevel: INFO
2026-03-18T09:58:21.8586974Z State: Starting, Action: WaitingForSiteWarmUpProbeSuccess, LastError: , LastErrorTimestamp: 01/01/0001 00:00:00, LastErrorDetails: , Details: Pinging warmup path to ensure container is ready to receive requests., DetailsLevel: INFO
2026-03-18T10:02:11.9650539Z Site startup probe failed after 230.105511 seconds.
2026-03-18T10:02:12.5758963Z State: Starting, Action: WaitingForSiteWarmUpProbeSuccess, LastError: ContainerTimeout, LastErrorTimestamp: 03/18/2026 10:02:12, LastErrorDetails: Container did not start within expected time limit of 230s. Please inspect your container logs for more details., Details: Pinging warmup path to ensure container is ready to receive requests., DetailsLevel: ERR
2026-03-18T10:02:12.6055834Z Failed to start site. Revert by stopping site.
2026-03-18T10:02:12.6281261Z State: Stopping, Action: StoppingSite, LastError: ContainerTimeout, LastErrorTimestamp: 03/18/2026 10:02:12, LastErrorDetails: Container did not start within expected time limit of 230s. Please inspect your container logs for more details., Details: Pinging warmup path to ensure container is ready to receive requests., DetailsLevel: ERR
2026-03-18T10:02:12.6414796Z State: Stopping, Action: StoppingSiteContainers, LastError: ContainerTimeout, LastErrorTimestamp: 03/18/2026 10:02:12, LastErrorDetails: Container did not start within expected time limit of 230s. Please inspect your container logs for more details., Details: Pinging warmup path to ensure container is ready to receive requests., DetailsLevel: ERR
2026-03-18T10:02:12.6929280Z Container is terminating. Grace period: 5 seconds.
2026-03-18T10:02:13.4204845Z Stop and delete container. Retry count = 0
2026-03-18T10:02:13.4290946Z Stopping container: 8ed0bc02cbdc_careorbit-api-dev.
2026-03-18T10:02:19.3520536Z Deleting container: 8ed0bc02cbdc_careorbit-api-dev. Retry count = 0
2026-03-18T10:02:22.7711001Z Container spec TerminationMessagePolicy  path 
2026-03-18T10:02:22.7726206Z Container is terminated. Total time elapsed: 10079 ms.
2026-03-18T10:02:22.7727657Z Site container: careorbit-api-dev terminated during site startup.
2026-03-18T10:02:22.7728810Z State: Stopping, Action: CancellingStartup, LastError: ContainerTimeout, LastErrorTimestamp: 03/18/2026 10:02:12, LastErrorDetails: Container did not start within expected time limit of 230s. Please inspect your container logs for more details., Details: Site container: careorbit-api-dev terminated during site startup. Cancelling site startup., DetailsLevel: ERR
2026-03-18T10:02:22.8013026Z Site: careorbit-api-dev stopped.
2026-03-18T10:02:50.2538002Z State: Stopping, Action: StoppingSite, LastError: VNETFailure, LastErrorTimestamp: 03/18/2026 09:52:53, LastErrorDetails: There was an issue setting up VNet., Details: Site started at 03/18/2026 09:55:17 (UTC), DetailsLevel: INFO
2026-03-18T10:02:50.3140210Z State: Stopping, Action: StoppingSiteContainers, LastError: VNETFailure, LastErrorTimestamp: 03/18/2026 09:52:53, LastErrorDetails: There was an issue setting up VNet., Details: Site started at 03/18/2026 09:55:17 (UTC), DetailsLevel: INFO
2026-03-18T10:02:50.3152470Z Container is terminating. Grace period: 5 seconds.
2026-03-18T10:02:50.4169395Z Stop and delete container. Retry count = 0
2026-03-18T10:02:50.4338855Z Stopping container: 4e855bc4994b_careorbit-api-dev.
2026-03-18T10:02:55.8546960Z Deleting container: 4e855bc4994b_careorbit-api-dev. Retry count = 0
2026-03-18T10:02:58.9609849Z Container spec TerminationMessagePolicy  path 
2026-03-18T10:02:58.9789375Z Container is terminated. Total time elapsed: 8662 ms.
2026-03-18T10:02:59.0091782Z Site: careorbit-api-dev stopped.
2026-03-18T10:02:22.9828889Z State: Stopping, Action: UnmountingVolumes, LastError: ContainerTimeout, LastErrorTimestamp: 03/18/2026 10:02:12, LastErrorDetails: Container did not start within expected time limit of 230s. Please inspect your container logs for more details., Details: Site container: careorbit-api-dev terminated during site startup. Cancelling site startup., DetailsLevel: ERR
2026-03-18T10:02:25.1866528Z State: Stopping, Action: StoppingSiteNetworks, LastError: ContainerTimeout, LastErrorTimestamp: 03/18/2026 10:02:12, LastErrorDetails: Container did not start within expected time limit of 230s. Please inspect your container logs for more details., Details: Site container: careorbit-api-dev terminated during site startup. Cancelling site startup., DetailsLevel: ERR
2026-03-18T10:02:27.7371994Z State: Stopped, Action: None, LastError: ContainerTimeout, LastErrorTimestamp: 03/18/2026 10:02:12, LastErrorDetails: Container did not start within expected time limit of 230s. Please inspect your container logs for more details., Details: Site stopped at 03/18/2026 10:02:27 (UTC), DetailsLevel: ERR
2026-03-18T10:02:27.8021644Z State: Stopped, Action: None, LastError: ContainerTimeout, LastErrorTimestamp: 03/18/2026 10:02:12, LastErrorDetails: Container did not start within expected time limit of 230s. Please inspect your container logs for more details., Details: Site stopped at 03/18/2026 10:02:27 (UTC), DetailsLevel: ERR
2026-03-18T10:03:04.6080403Z State: Starting, Action: EstablishingSiteNetworks, LastError: ContainerTimeout, LastErrorTimestamp: 03/18/2026 10:02:12, LastErrorDetails: Container did not start within expected time limit of 230s. Please inspect your container logs for more details., Details: Site stopped at 03/18/2026 10:02:27 (UTC), DetailsLevel: ERR
2026-03-18T10:03:10.4095029Z State: Starting, Action: StartingSiteContainers, LastError: ContainerTimeout, LastErrorTimestamp: 03/18/2026 10:02:12, LastErrorDetails: Container did not start within expected time limit of 230s. Please inspect your container logs for more details., Details: Site stopped at 03/18/2026 10:02:27 (UTC), DetailsLevel: ERR
2026-03-18T10:03:10.4099575Z Container start method called.
2026-03-18T10:03:10.4195041Z State: Starting, Action: PullingImage, LastError: ContainerTimeout, LastErrorTimestamp: 03/18/2026 10:02:12, LastErrorDetails: Container did not start within expected time limit of 230s. Please inspect your container logs for more details., Details: Pulling image 10.1.0.4:13209/appsvc/python:3.12_20260203.2.tuxprod for careorbit-api-dev., DetailsLevel: INFO
2026-03-18T10:03:10.4200328Z Establishing network.
2026-03-18T10:03:10.4201567Z Pulling image: appsvc/python:3.12_20260203.2.tuxprod.
2026-03-18T10:03:10.9764194Z Container is starting.
2026-03-18T10:03:10.9838035Z State: Starting, Action: MountingVolumes, LastError: ContainerTimeout, LastErrorTimestamp: 03/18/2026 10:02:12, LastErrorDetails: Container did not start within expected time limit of 230s. Please inspect your container logs for more details., Details: Mounting volumes for careorbit-api-dev., DetailsLevel: INFO
2026-03-18T10:03:10.9845660Z Establishing user namespace if not established already.
2026-03-18T10:03:10.9851456Z Establishing network if not established already.
2026-03-18T10:03:10.9933694Z Mounting volumes.
2026-03-18T10:03:10.9942885Z Nested mountpoint 
2026-03-18T10:03:11.1116634Z Nested mountpoint volatile/logs
2026-03-18T10:03:11.2081134Z Nested mountpoint 
2026-03-18T10:03:11.2358904Z Nested mountpoint 
2026-03-18T10:03:11.4597533Z Nested mountpoint 
2026-03-18T10:03:12.2461414Z State: Starting, Action: CreatingContainer, LastError: ContainerTimeout, LastErrorTimestamp: 03/18/2026 10:02:12, LastErrorDetails: Container did not start within expected time limit of 230s. Please inspect your container logs for more details., Details: Finished pulling container image and mounting volumes for careorbit-api-dev. Allocatinng the rest of the container resources to finish container creation., DetailsLevel: INFO
2026-03-18T10:03:12.2464901Z Creating container.
2026-03-18T10:03:12.2472921Z Creating pipes for streaming container io.
2026-03-18T10:03:12.2477318Z Creating stdout named pipe at /podr/container/pipe/6d8497a9f9bf_careorbit-api-dev/stdout_69aecb6e57304f58880ea95a0cdefccb.
2026-03-18T10:03:12.3570974Z Successfully created stdout named pipe at: /podr/container/pipe/6d8497a9f9bf_careorbit-api-dev/stdout_69aecb6e57304f58880ea95a0cdefccb.
2026-03-18T10:03:12.3571981Z Opening named pipe /podr/container/pipe/6d8497a9f9bf_careorbit-api-dev/stdout_69aecb6e57304f58880ea95a0cdefccb for reading in non-blocking mode.
2026-03-18T10:03:12.4154061Z Successfully opened named pipe: /podr/container/pipe/6d8497a9f9bf_careorbit-api-dev/stdout_69aecb6e57304f58880ea95a0cdefccb.
2026-03-18T10:03:12.4257504Z Successfully removed non-blocking flag from /podr/container/pipe/6d8497a9f9bf_careorbit-api-dev/stdout_69aecb6e57304f58880ea95a0cdefccb.
2026-03-18T10:03:12.4268583Z Creating stderr named pipe at /podr/container/pipe/6d8497a9f9bf_careorbit-api-dev/stderr_5335d8d277e8434287e9d53abb7b6166.
2026-03-18T10:03:12.4274472Z Successfully created stderr named pipe at: /podr/container/pipe/6d8497a9f9bf_careorbit-api-dev/stderr_5335d8d277e8434287e9d53abb7b6166.
2026-03-18T10:03:12.4548530Z Opening named pipe /podr/container/pipe/6d8497a9f9bf_careorbit-api-dev/stderr_5335d8d277e8434287e9d53abb7b6166 for reading in non-blocking mode.
2026-03-18T10:03:12.4550422Z Successfully opened named pipe: /podr/container/pipe/6d8497a9f9bf_careorbit-api-dev/stderr_5335d8d277e8434287e9d53abb7b6166.
2026-03-18T10:03:12.4551159Z Successfully removed non-blocking flag from /podr/container/pipe/6d8497a9f9bf_careorbit-api-dev/stderr_5335d8d277e8434287e9d53abb7b6166.
2026-03-18T10:03:12.4557349Z Creating container with image: appsvc/python:3.12_20260203.2.tuxprod from registry: 10.1.0.4:13209 and fully qualified image name: 10.1.0.4:13209/appsvc/python:3.12_20260203.2.tuxprod
2026-03-18T10:03:13.3145296Z Starting container: 6d8497a9f9bf_careorbit-api-dev.
2026-03-18T10:03:13.4153184Z Starting watchers and probes.
2026-03-18T10:03:13.4286317Z Starting metrics collection.
2026-03-18T10:03:13.4288114Z Container is running.
2026-03-18T10:03:13.4297115Z State: Starting, Action: CreatingContainer, LastError: ContainerTimeout, LastErrorTimestamp: 03/18/2026 10:02:12, LastErrorDetails: Container did not start within expected time limit of 230s. Please inspect your container logs for more details., Details: Container careorbit-api-dev successfully created and is running., DetailsLevel: INFO
2026-03-18T10:03:13.6770821Z Container start method finished after 3266 ms.
2026-03-18T10:03:13.7572245Z State: Starting, Action: InitiatingSiteWarmUpProbe, LastError: ContainerTimeout, LastErrorTimestamp: 03/18/2026 10:02:12, LastErrorDetails: Container did not start within expected time limit of 230s. Please inspect your container logs for more details., Details: Container careorbit-api-dev successfully created and is running., DetailsLevel: INFO
2026-03-18T10:03:13.7573676Z State: Starting, Action: WaitingForSiteWarmUpProbeSuccess, LastError: ContainerTimeout, LastErrorTimestamp: 03/18/2026 10:02:12, LastErrorDetails: Container did not start within expected time limit of 230s. Please inspect your container logs for more details., Details: Pinging warmup path to ensure container is ready to receive requests., DetailsLevel: INFO
2026-03-18T10:04:43.1037091Z Site startup probe succeeded after 89.3459145 seconds.
2026-03-18T10:04:43.3836157Z State: Starting, Action: WarmUpProbeSucceeded, LastError: ContainerTimeout, LastErrorTimestamp: 03/18/2026 10:02:12, LastErrorDetails: Container did not start within expected time limit of 230s. Please inspect your container logs for more details., Details: Site startup probe succeeded after 89.3459145 seconds., DetailsLevel: INFO
2026-03-18T10:04:43.5626387Z State: Starting, Action: StartingAuthContainer, LastError: ContainerTimeout, LastErrorTimestamp: 03/18/2026 10:02:12, LastErrorDetails: Container did not start within expected time limit of 230s. Please inspect your container logs for more details., Details: Site startup probe succeeded after 89.3459145 seconds., DetailsLevel: INFO
2026-03-18T10:04:54.3420881Z Site is running with deployment version: 2342d56a-3c2a-47cf-bdd8-74e9630390e5
2026-03-18T10:04:54.3612091Z Site started.
2026-03-18T10:04:54.3630134Z State: Started, Action: None, LastError: ContainerTimeout, LastErrorTimestamp: 03/18/2026 10:02:12, LastErrorDetails: Container did not start within expected time limit of 230s. Please inspect your container logs for more details., Details: Site started at 03/18/2026 10:04:54 (UTC), DetailsLevel: INFO
2026-03-18T10:04:54.4336738Z Site is running with patch version PYTHON 3.12.12
2026-03-18T10:15:49.3739811Z State: Starting, Action: EstablishingSiteNetworks, LastError: , LastErrorTimestamp: 01/01/0001 00:00:00, LastErrorDetails: , Details: , DetailsLevel: INFO
2026-03-18T10:16:00.7512295Z State: Starting, Action: StartingSiteContainers, LastError: , LastErrorTimestamp: 01/01/0001 00:00:00, LastErrorDetails: , Details: , DetailsLevel: INFO
2026-03-18T10:16:00.7520078Z Container start method called.
2026-03-18T10:16:00.7537468Z State: Starting, Action: PullingImage, LastError: , LastErrorTimestamp: 01/01/0001 00:00:00, LastErrorDetails: , Details: Pulling image 10.1.0.4:13209/appsvc/python:3.12_20260203.2.tuxprod for careorbit-api-dev., DetailsLevel: INFO
2026-03-18T10:16:00.7706741Z Establishing network.
2026-03-18T10:16:00.7721748Z Pulling image: appsvc/python:3.12_20260203.2.tuxprod.
2026-03-18T10:16:04.3793047Z Container pull image interrupted. Revert by terminate.
2026-03-18T10:16:04.3794836Z Container is terminating. Grace period: 5 seconds.
2026-03-18T10:16:04.3796056Z Container spec TerminationMessagePolicy  path 
2026-03-18T10:16:04.3797183Z Container is terminated. Total time elapsed: 0 ms.
2026-03-18T10:16:04.3807644Z Site container: careorbit-api-dev terminated during site startup.
2026-03-18T10:16:04.3888667Z State: Stopping, Action: CancellingStartup, LastError: , LastErrorTimestamp: 01/01/0001 00:00:00, LastErrorDetails: , Details: Site container: careorbit-api-dev terminated during site startup. Cancelling site startup., DetailsLevel: ERR
2026-03-18T10:16:04.4115050Z State: Stopping, Action: CancellingStartup, LastError: SiteStartupCancelled, LastErrorTimestamp: 03/18/2026 10:16:04, LastErrorDetails: , Details: Site container: careorbit-api-dev terminated during site startup. Cancelling site startup., DetailsLevel: WARN
2026-03-18T10:16:04.4661747Z State: Stopping, Action: StoppingSite, LastError: SiteStartupCancelled, LastErrorTimestamp: 03/18/2026 10:16:04, LastErrorDetails: , Details: Site container: careorbit-api-dev terminated during site startup. Cancelling site startup., DetailsLevel: WARN
2026-03-18T10:16:04.4756456Z State: Stopping, Action: StoppingSiteContainers, LastError: SiteStartupCancelled, LastErrorTimestamp: 03/18/2026 10:16:04, LastErrorDetails: , Details: Site container: careorbit-api-dev terminated during site startup. Cancelling site startup., DetailsLevel: WARN
2026-03-18T10:16:04.4756732Z Site: careorbit-api-dev stopped.
2026-03-18T10:16:31.8910247Z State: Stopping, Action: StoppingSite, LastError: ContainerTimeout, LastErrorTimestamp: 03/18/2026 10:02:12, LastErrorDetails: Container did not start within expected time limit of 230s. Please inspect your container logs for more details., Details: Site started at 03/18/2026 10:04:54 (UTC), DetailsLevel: INFO
2026-03-18T10:16:31.9124934Z State: Stopping, Action: StoppingSiteContainers, LastError: ContainerTimeout, LastErrorTimestamp: 03/18/2026 10:02:12, LastErrorDetails: Container did not start within expected time limit of 230s. Please inspect your container logs for more details., Details: Site started at 03/18/2026 10:04:54 (UTC), DetailsLevel: INFO
2026-03-18T10:16:31.9585155Z Container is terminating. Grace period: 5 seconds.
2026-03-18T10:16:32.0126699Z Stop and delete container. Retry count = 0
2026-03-18T10:16:32.0214867Z Stopping container: 6d8497a9f9bf_careorbit-api-dev.
2026-03-18T10:16:37.6711237Z Deleting container: 6d8497a9f9bf_careorbit-api-dev. Retry count = 0
2026-03-18T10:16:40.8974677Z Container spec TerminationMessagePolicy  path 
2026-03-18T10:16:40.8989526Z Container is terminated. Total time elapsed: 8938 ms.
2026-03-18T10:16:40.9123288Z Site: careorbit-api-dev stopped.
2026-03-18T10:17:27.9527004Z State: Starting, Action: EstablishingSiteNetworks, LastError: SiteStartupCancelled, LastErrorTimestamp: 03/18/2026 10:16:04, LastErrorDetails: , Details: Site stopped at 03/18/2026 10:16:11 (UTC), DetailsLevel: WARN
2026-03-18T10:17:33.5479399Z State: Starting, Action: StartingSiteContainers, LastError: SiteStartupCancelled, LastErrorTimestamp: 03/18/2026 10:16:04, LastErrorDetails: , Details: Site stopped at 03/18/2026 10:16:11 (UTC), DetailsLevel: WARN
2026-03-18T10:17:33.5481031Z Container start method called.
2026-03-18T10:17:33.5481727Z State: Starting, Action: PullingImage, LastError: SiteStartupCancelled, LastErrorTimestamp: 03/18/2026 10:16:04, LastErrorDetails: , Details: Pulling image 10.1.0.4:13209/appsvc/python:3.12_20260203.2.tuxprod for careorbit-api-dev., DetailsLevel: INFO
2026-03-18T10:17:33.5485452Z Establishing network.
2026-03-18T10:17:33.5487007Z Pulling image: appsvc/python:3.12_20260203.2.tuxprod.
2026-03-18T10:17:33.9703368Z Container is starting.
2026-03-18T10:17:33.9704120Z State: Starting, Action: MountingVolumes, LastError: SiteStartupCancelled, LastErrorTimestamp: 03/18/2026 10:16:04, LastErrorDetails: , Details: Mounting volumes for careorbit-api-dev., DetailsLevel: INFO
2026-03-18T10:17:33.9704842Z Establishing user namespace if not established already.
2026-03-18T10:17:33.9705546Z Establishing network if not established already.
2026-03-18T10:17:33.9706564Z Mounting volumes.
2026-03-18T10:17:33.9707662Z Nested mountpoint 
2026-03-18T10:17:34.1295102Z Nested mountpoint volatile/logs
2026-03-18T10:17:34.1689072Z Nested mountpoint 
2026-03-18T10:17:34.3057854Z Nested mountpoint 
2026-03-18T10:17:34.3609092Z Nested mountpoint 
2026-03-18T10:17:35.3467705Z State: Starting, Action: CreatingContainer, LastError: SiteStartupCancelled, LastErrorTimestamp: 03/18/2026 10:16:04, LastErrorDetails: , Details: Finished pulling container image and mounting volumes for careorbit-api-dev. Allocatinng the rest of the container resources to finish container creation., DetailsLevel: INFO
2026-03-18T10:17:35.3825698Z Creating container.
2026-03-18T10:17:35.3826977Z Creating pipes for streaming container io.
2026-03-18T10:17:35.3827751Z Creating stdout named pipe at /podr/container/pipe/d898e236d7c5_careorbit-api-dev/stdout_037ff2f7429645e4ba77d84c9267edc5.
2026-03-18T10:17:35.4149592Z Successfully created stdout named pipe at: /podr/container/pipe/d898e236d7c5_careorbit-api-dev/stdout_037ff2f7429645e4ba77d84c9267edc5.
2026-03-18T10:17:35.4816097Z Opening named pipe /podr/container/pipe/d898e236d7c5_careorbit-api-dev/stdout_037ff2f7429645e4ba77d84c9267edc5 for reading in non-blocking mode.
2026-03-18T10:17:35.4825677Z Successfully opened named pipe: /podr/container/pipe/d898e236d7c5_careorbit-api-dev/stdout_037ff2f7429645e4ba77d84c9267edc5.
2026-03-18T10:17:35.4972357Z Successfully removed non-blocking flag from /podr/container/pipe/d898e236d7c5_careorbit-api-dev/stdout_037ff2f7429645e4ba77d84c9267edc5.
2026-03-18T10:17:35.4998855Z Creating stderr named pipe at /podr/container/pipe/d898e236d7c5_careorbit-api-dev/stderr_660cb2b4637046078d14e035d4288653.
2026-03-18T10:17:35.5055370Z Successfully created stderr named pipe at: /podr/container/pipe/d898e236d7c5_careorbit-api-dev/stderr_660cb2b4637046078d14e035d4288653.
2026-03-18T10:17:35.5058400Z Opening named pipe /podr/container/pipe/d898e236d7c5_careorbit-api-dev/stderr_660cb2b4637046078d14e035d4288653 for reading in non-blocking mode.
2026-03-18T10:17:35.5125534Z Successfully opened named pipe: /podr/container/pipe/d898e236d7c5_careorbit-api-dev/stderr_660cb2b4637046078d14e035d4288653.
2026-03-18T10:17:35.5292722Z Successfully removed non-blocking flag from /podr/container/pipe/d898e236d7c5_careorbit-api-dev/stderr_660cb2b4637046078d14e035d4288653.
2026-03-18T10:17:35.5299155Z Creating container with image: appsvc/python:3.12_20260203.2.tuxprod from registry: 10.1.0.4:13209 and fully qualified image name: 10.1.0.4:13209/appsvc/python:3.12_20260203.2.tuxprod
2026-03-18T10:17:36.3364228Z Starting container: d898e236d7c5_careorbit-api-dev.
2026-03-18T10:17:36.4135305Z Starting watchers and probes.
2026-03-18T10:17:36.4449135Z Starting metrics collection.
2026-03-18T10:17:36.4529030Z Container is running.
2026-03-18T10:17:36.4668525Z State: Starting, Action: CreatingContainer, LastError: SiteStartupCancelled, LastErrorTimestamp: 03/18/2026 10:16:04, LastErrorDetails: , Details: Container careorbit-api-dev successfully created and is running., DetailsLevel: INFO
2026-03-18T10:17:36.7221225Z Container start method finished after 3173 ms.
2026-03-18T10:17:36.7223286Z State: Starting, Action: InitiatingSiteWarmUpProbe, LastError: SiteStartupCancelled, LastErrorTimestamp: 03/18/2026 10:16:04, LastErrorDetails: , Details: Container careorbit-api-dev successfully created and is running., DetailsLevel: INFO
2026-03-18T10:17:36.7223485Z State: Starting, Action: WaitingForSiteWarmUpProbeSuccess, LastError: SiteStartupCancelled, LastErrorTimestamp: 03/18/2026 10:16:04, LastErrorDetails: , Details: Pinging warmup path to ensure container is ready to receive requests., DetailsLevel: INFO
2026-03-18T10:18:50.9219851Z Site startup probe succeeded after 74.1600894 seconds.
2026-03-18T10:18:51.5889018Z State: Starting, Action: WarmUpProbeSucceeded, LastError: SiteStartupCancelled, LastErrorTimestamp: 03/18/2026 10:16:04, LastErrorDetails: , Details: Site startup probe succeeded after 74.1600894 seconds., DetailsLevel: INFO
2026-03-18T10:18:51.7583069Z State: Starting, Action: StartingAuthContainer, LastError: SiteStartupCancelled, LastErrorTimestamp: 03/18/2026 10:16:04, LastErrorDetails: , Details: Site startup probe succeeded after 74.1600894 seconds., DetailsLevel: INFO
2026-03-18T10:19:00.7205606Z Site is running with deployment version: 2342d56a-3c2a-47cf-bdd8-74e9630390e5
2026-03-18T10:19:00.7582654Z Site started.
2026-03-18T10:19:00.7588666Z State: Started, Action: None, LastError: SiteStartupCancelled, LastErrorTimestamp: 03/18/2026 10:16:04, LastErrorDetails: , Details: Site started at 03/18/2026 10:19:00 (UTC), DetailsLevel: INFO
2026-03-18T10:19:00.8313967Z Site is running with patch version PYTHON 3.12.12
2026-03-18T10:19:06.6886022Z State: Starting, Action: EstablishingSiteNetworks, LastError: , LastErrorTimestamp: 01/01/0001 00:00:00, LastErrorDetails: , Details: , DetailsLevel: INFO
2026-03-18T10:19:12.0552580Z State: Starting, Action: StartingSiteContainers, LastError: , LastErrorTimestamp: 01/01/0001 00:00:00, LastErrorDetails: , Details: , DetailsLevel: INFO
2026-03-18T10:19:12.0554353Z Container start method called.
2026-03-18T10:19:12.0620024Z State: Starting, Action: PullingImage, LastError: , LastErrorTimestamp: 01/01/0001 00:00:00, LastErrorDetails: , Details: Pulling image 10.1.0.5:13209/appsvc/python:3.12_20260203.2.tuxprod for careorbit-api-dev., DetailsLevel: INFO
2026-03-18T10:19:12.0623275Z Establishing network.
2026-03-18T10:19:12.0625649Z Pulling image: appsvc/python:3.12_20260203.2.tuxprod.
2026-03-18T10:19:13.3559794Z Container is starting.
2026-03-18T10:19:13.3560822Z State: Starting, Action: MountingVolumes, LastError: , LastErrorTimestamp: 01/01/0001 00:00:00, LastErrorDetails: , Details: Mounting volumes for careorbit-api-dev., DetailsLevel: INFO
2026-03-18T10:19:13.3561562Z Establishing user namespace if not established already.
2026-03-18T10:19:13.3562272Z Establishing network if not established already.
2026-03-18T10:19:13.3652389Z Mounting volumes.
2026-03-18T10:19:13.3654410Z Nested mountpoint 
2026-03-18T10:19:13.5279710Z Nested mountpoint volatile/logs
2026-03-18T10:19:13.6358896Z Nested mountpoint 
2026-03-18T10:19:13.6662691Z Nested mountpoint 
2026-03-18T10:19:14.0950991Z Nested mountpoint 
2026-03-18T10:19:15.1885064Z State: Starting, Action: CreatingContainer, LastError: , LastErrorTimestamp: 01/01/0001 00:00:00, LastErrorDetails: , Details: Finished pulling container image and mounting volumes for careorbit-api-dev. Allocatinng the rest of the container resources to finish container creation., DetailsLevel: INFO
2026-03-18T10:19:15.1886471Z Creating container.
2026-03-18T10:19:15.1887241Z Creating pipes for streaming container io.
2026-03-18T10:19:15.1887950Z Creating stdout named pipe at /podr/container/pipe/c84da488cd49_careorbit-api-dev/stdout_ae9aefe63b394f5f90b34f0cde747de3.
2026-03-18T10:19:15.1895659Z Successfully created stdout named pipe at: /podr/container/pipe/c84da488cd49_careorbit-api-dev/stdout_ae9aefe63b394f5f90b34f0cde747de3.
2026-03-18T10:19:15.1899710Z Opening named pipe /podr/container/pipe/c84da488cd49_careorbit-api-dev/stdout_ae9aefe63b394f5f90b34f0cde747de3 for reading in non-blocking mode.
2026-03-18T10:19:15.1900749Z Successfully opened named pipe: /podr/container/pipe/c84da488cd49_careorbit-api-dev/stdout_ae9aefe63b394f5f90b34f0cde747de3.
2026-03-18T10:19:15.1901521Z Successfully removed non-blocking flag from /podr/container/pipe/c84da488cd49_careorbit-api-dev/stdout_ae9aefe63b394f5f90b34f0cde747de3.
2026-03-18T10:19:15.3004281Z Creating stderr named pipe at /podr/container/pipe/c84da488cd49_careorbit-api-dev/stderr_a775fbead3cd4d07b8707e01f07e3e15.
2026-03-18T10:19:15.3178700Z Successfully created stderr named pipe at: /podr/container/pipe/c84da488cd49_careorbit-api-dev/stderr_a775fbead3cd4d07b8707e01f07e3e15.
2026-03-18T10:19:15.3181440Z Opening named pipe /podr/container/pipe/c84da488cd49_careorbit-api-dev/stderr_a775fbead3cd4d07b8707e01f07e3e15 for reading in non-blocking mode.
2026-03-18T10:19:15.3182847Z Successfully opened named pipe: /podr/container/pipe/c84da488cd49_careorbit-api-dev/stderr_a775fbead3cd4d07b8707e01f07e3e15.
2026-03-18T10:19:15.3183620Z Successfully removed non-blocking flag from /podr/container/pipe/c84da488cd49_careorbit-api-dev/stderr_a775fbead3cd4d07b8707e01f07e3e15.
2026-03-18T10:19:15.3185277Z Creating container with image: appsvc/python:3.12_20260203.2.tuxprod from registry: 10.1.0.5:13209 and fully qualified image name: 10.1.0.5:13209/appsvc/python:3.12_20260203.2.tuxprod
2026-03-18T10:19:16.8985337Z Starting container: c84da488cd49_careorbit-api-dev.
2026-03-18T10:19:17.0423103Z Starting watchers and probes.
2026-03-18T10:19:17.0565597Z Starting metrics collection.
2026-03-18T10:19:17.0569734Z Container is running.
2026-03-18T10:19:17.0570952Z State: Starting, Action: CreatingContainer, LastError: , LastErrorTimestamp: 01/01/0001 00:00:00, LastErrorDetails: , Details: Container careorbit-api-dev successfully created and is running., DetailsLevel: INFO
2026-03-18T10:19:17.4787650Z Container start method finished after 5422 ms.
2026-03-18T10:19:17.4857826Z State: Starting, Action: InitiatingSiteWarmUpProbe, LastError: , LastErrorTimestamp: 01/01/0001 00:00:00, LastErrorDetails: , Details: Container careorbit-api-dev successfully created and is running., DetailsLevel: INFO
2026-03-18T10:19:17.4858689Z State: Starting, Action: WaitingForSiteWarmUpProbeSuccess, LastError: , LastErrorTimestamp: 01/01/0001 00:00:00, LastErrorDetails: , Details: Pinging warmup path to ensure container is ready to receive requests., DetailsLevel: INFO
2026-03-18T10:21:30.7943348Z Site startup probe succeeded after 133.3023113 seconds.
2026-03-18T10:21:31.2034785Z State: Starting, Action: WarmUpProbeSucceeded, LastError: , LastErrorTimestamp: 01/01/0001 00:00:00, LastErrorDetails: , Details: Site startup probe succeeded after 133.3023113 seconds., DetailsLevel: INFO
2026-03-18T10:21:31.5181399Z State: Starting, Action: StartingAuthContainer, LastError: , LastErrorTimestamp: 01/01/0001 00:00:00, LastErrorDetails: , Details: Site startup probe succeeded after 133.3023113 seconds., DetailsLevel: INFO
2026-03-18T10:21:46.3595500Z Site is running with deployment version: 2342d56a-3c2a-47cf-bdd8-74e9630390e5
2026-03-18T10:21:46.3693188Z Site started.
2026-03-18T10:21:46.3700644Z State: Started, Action: None, LastError: , LastErrorTimestamp: 01/01/0001 00:00:00, LastErrorDetails: , Details: Site started at 03/18/2026 10:21:46 (UTC), DetailsLevel: INFO
2026-03-18T10:21:46.3891463Z Site is running with patch version PYTHON 3.12.12
2026-03-18T10:22:06.6982115Z State: Stopping, Action: StoppingSite, LastError: SiteStartupCancelled, LastErrorTimestamp: 03/18/2026 10:16:04, LastErrorDetails: , Details: Site started at 03/18/2026 10:19:00 (UTC), DetailsLevel: INFO
2026-03-18T10:22:07.2291991Z State: Stopping, Action: StoppingSiteContainers, LastError: SiteStartupCancelled, LastErrorTimestamp: 03/18/2026 10:16:04, LastErrorDetails: , Details: Site started at 03/18/2026 10:19:00 (UTC), DetailsLevel: INFO
2026-03-18T10:22:07.2505098Z Container is terminating. Grace period: 5 seconds.
2026-03-18T10:22:08.2355274Z Stop and delete container. Retry count = 0
2026-03-18T10:22:08.2927701Z Stopping container: d898e236d7c5_careorbit-api-dev.
2026-03-18T10:22:13.6925158Z Deleting container: d898e236d7c5_careorbit-api-dev. Retry count = 0
2026-03-18T10:22:19.3468516Z Container spec TerminationMessagePolicy  path 
2026-03-18T10:22:19.3561258Z Container is terminated. Total time elapsed: 12104 ms.
2026-03-18T10:22:19.3655368Z Site: careorbit-api-dev stopped.
2026-03-18T10:35:12.9570970Z State: Starting, Action: EstablishingSiteNetworks, LastError: , LastErrorTimestamp: 01/01/0001 00:00:00, LastErrorDetails: , Details: , DetailsLevel: INFO
2026-03-18T10:35:23.9412702Z State: Starting, Action: StartingSiteContainers, LastError: , LastErrorTimestamp: 01/01/0001 00:00:00, LastErrorDetails: , Details: , DetailsLevel: INFO
2026-03-18T10:35:24.0701406Z Container start method called.
2026-03-18T10:35:24.0706064Z State: Starting, Action: PullingImage, LastError: , LastErrorTimestamp: 01/01/0001 00:00:00, LastErrorDetails: , Details: Pulling image 10.1.0.5:13209/appsvc/python:3.12_20260203.2.tuxprod for careorbit-api-dev., DetailsLevel: INFO
2026-03-18T10:35:24.0708250Z Establishing network.
2026-03-18T10:35:24.0709624Z Pulling image: appsvc/python:3.12_20260203.2.tuxprod.
2026-03-18T10:35:30.1153832Z Container is starting.
2026-03-18T10:35:30.1388719Z State: Starting, Action: MountingVolumes, LastError: , LastErrorTimestamp: 01/01/0001 00:00:00, LastErrorDetails: , Details: Mounting volumes for careorbit-api-dev., DetailsLevel: INFO
2026-03-18T10:35:30.1535268Z Establishing user namespace if not established already.
2026-03-18T10:35:30.1540142Z Establishing network if not established already.
2026-03-18T10:35:30.1543528Z Mounting volumes.
2026-03-18T10:35:30.2051070Z Nested mountpoint 
2026-03-18T10:35:30.2638995Z Nested mountpoint volatile/logs
2026-03-18T10:35:30.3792183Z Nested mountpoint 
2026-03-18T10:35:30.5137802Z Nested mountpoint 
2026-03-18T10:35:30.5225678Z Nested mountpoint 
2026-03-18T10:35:33.9658713Z State: Starting, Action: CreatingContainer, LastError: , LastErrorTimestamp: 01/01/0001 00:00:00, LastErrorDetails: , Details: Finished pulling container image and mounting volumes for careorbit-api-dev. Allocatinng the rest of the container resources to finish container creation., DetailsLevel: INFO
2026-03-18T10:35:33.9841132Z Creating container.
2026-03-18T10:35:34.0551181Z Creating pipes for streaming container io.
2026-03-18T10:35:34.0688081Z Creating stdout named pipe at /podr/container/pipe/e8e535e54edd_careorbit-api-dev/stdout_6139ddcd0ea74c0eb16c970878b07589.
2026-03-18T10:35:34.0883779Z Successfully created stdout named pipe at: /podr/container/pipe/e8e535e54edd_careorbit-api-dev/stdout_6139ddcd0ea74c0eb16c970878b07589.
2026-03-18T10:35:34.0895100Z Opening named pipe /podr/container/pipe/e8e535e54edd_careorbit-api-dev/stdout_6139ddcd0ea74c0eb16c970878b07589 for reading in non-blocking mode.
2026-03-18T10:35:34.1074796Z Successfully opened named pipe: /podr/container/pipe/e8e535e54edd_careorbit-api-dev/stdout_6139ddcd0ea74c0eb16c970878b07589.
2026-03-18T10:35:34.1094391Z Successfully removed non-blocking flag from /podr/container/pipe/e8e535e54edd_careorbit-api-dev/stdout_6139ddcd0ea74c0eb16c970878b07589.
2026-03-18T10:35:34.1186601Z Creating stderr named pipe at /podr/container/pipe/e8e535e54edd_careorbit-api-dev/stderr_7412fd2b41ad4ef9abc88dd49befc969.
2026-03-18T10:35:34.1281932Z Successfully created stderr named pipe at: /podr/container/pipe/e8e535e54edd_careorbit-api-dev/stderr_7412fd2b41ad4ef9abc88dd49befc969.
2026-03-18T10:35:34.1291003Z Opening named pipe /podr/container/pipe/e8e535e54edd_careorbit-api-dev/stderr_7412fd2b41ad4ef9abc88dd49befc969 for reading in non-blocking mode.
2026-03-18T10:35:34.1488633Z Successfully opened named pipe: /podr/container/pipe/e8e535e54edd_careorbit-api-dev/stderr_7412fd2b41ad4ef9abc88dd49befc969.
2026-03-18T10:35:34.1496949Z Successfully removed non-blocking flag from /podr/container/pipe/e8e535e54edd_careorbit-api-dev/stderr_7412fd2b41ad4ef9abc88dd49befc969.
2026-03-18T10:35:34.1665294Z Creating container with image: appsvc/python:3.12_20260203.2.tuxprod from registry: 10.1.0.5:13209 and fully qualified image name: 10.1.0.5:13209/appsvc/python:3.12_20260203.2.tuxprod
2026-03-18T10:35:37.9058577Z Starting container: e8e535e54edd_careorbit-api-dev.
2026-03-18T10:35:38.2187375Z Starting watchers and probes.
2026-03-18T10:35:38.2269912Z Starting metrics collection.
2026-03-18T10:35:38.2469150Z Container is running.
2026-03-18T10:35:38.2475863Z State: Starting, Action: CreatingContainer, LastError: , LastErrorTimestamp: 01/01/0001 00:00:00, LastErrorDetails: , Details: Container careorbit-api-dev successfully created and is running., DetailsLevel: INFO
2026-03-18T10:35:38.4730181Z Container start method finished after 14394 ms.
2026-03-18T10:35:38.4931185Z State: Starting, Action: InitiatingSiteWarmUpProbe, LastError: , LastErrorTimestamp: 01/01/0001 00:00:00, LastErrorDetails: , Details: Container careorbit-api-dev successfully created and is running., DetailsLevel: INFO
2026-03-18T10:35:38.5002431Z State: Starting, Action: WaitingForSiteWarmUpProbeSuccess, LastError: , LastErrorTimestamp: 01/01/0001 00:00:00, LastErrorDetails: , Details: Pinging warmup path to ensure container is ready to receive requests., DetailsLevel: INFO
2026-03-18T10:37:00.3873226Z Site startup probe succeeded after 81.8092263 seconds.
2026-03-18T10:37:00.7290792Z State: Starting, Action: WarmUpProbeSucceeded, LastError: , LastErrorTimestamp: 01/01/0001 00:00:00, LastErrorDetails: , Details: Site startup probe succeeded after 81.8092263 seconds., DetailsLevel: INFO
2026-03-18T10:37:00.9203740Z State: Starting, Action: StartingAuthContainer, LastError: , LastErrorTimestamp: 01/01/0001 00:00:00, LastErrorDetails: , Details: Site startup probe succeeded after 81.8092263 seconds., DetailsLevel: INFO
2026-03-18T10:37:18.9029969Z Site is running with deployment version: 361c5744-815d-4daa-96a0-91213be2a818
2026-03-18T10:37:18.9534809Z Site started.
2026-03-18T10:37:18.9971444Z State: Started, Action: None, LastError: , LastErrorTimestamp: 01/01/0001 00:00:00, LastErrorDetails: , Details: Site started at 03/18/2026 10:37:18 (UTC), DetailsLevel: INFO
2026-03-18T10:37:19.1111261Z Site is running with patch version PYTHON 3.12.12
2026-03-18T10:37:40.8619983Z State: Stopping, Action: StoppingSite, LastError: SiteStartupCancelled, LastErrorTimestamp: 03/18/2026 10:16:04, LastErrorDetails: , Details: Site started at 03/18/2026 10:21:46 (UTC), DetailsLevel: INFO
2026-03-18T10:37:40.8804420Z State: Stopping, Action: StoppingSiteContainers, LastError: SiteStartupCancelled, LastErrorTimestamp: 03/18/2026 10:16:04, LastErrorDetails: , Details: Site started at 03/18/2026 10:21:46 (UTC), DetailsLevel: INFO
2026-03-18T10:37:40.9225949Z Container is terminating. Grace period: 5 seconds.
2026-03-18T10:37:42.2017007Z Stop and delete container. Retry count = 0
2026-03-18T10:37:42.2023445Z Stopping container: c84da488cd49_careorbit-api-dev.
2026-03-18T10:37:47.3740841Z Deleting container: c84da488cd49_careorbit-api-dev. Retry count = 0
2026-03-18T10:37:51.0585275Z Container spec TerminationMessagePolicy  path 
2026-03-18T10:37:51.1053537Z Container is terminated. Total time elapsed: 10182 ms.
2026-03-18T10:37:51.1236331Z Site: careorbit-api-dev stopped.
2026-03-18T10:52:29.4827802Z State: Starting, Action: EstablishingSiteNetworks, LastError: , LastErrorTimestamp: 01/01/0001 00:00:00, LastErrorDetails: , Details: , DetailsLevel: INFO
2026-03-18T10:52:37.8716484Z State: Starting, Action: EstablishingSiteNetworks, LastError: VNETFailure, LastErrorTimestamp: 03/18/2026 10:52:37, LastErrorDetails: There was an issue setting up VNet., Details: , DetailsLevel: ERR
2026-03-18T10:52:37.9884334Z Failed to start site. Revert by stopping site.
2026-03-18T10:52:38.0257455Z State: Stopping, Action: StoppingSite, LastError: VNETFailure, LastErrorTimestamp: 03/18/2026 10:52:37, LastErrorDetails: There was an issue setting up VNet., Details: , DetailsLevel: ERR
2026-03-18T10:52:38.0265450Z State: Stopping, Action: StoppingSiteContainers, LastError: VNETFailure, LastErrorTimestamp: 03/18/2026 10:52:37, LastErrorDetails: There was an issue setting up VNet., Details: , DetailsLevel: ERR
2026-03-18T10:52:38.0267074Z Site: careorbit-api-dev stopped.
2026-03-18T10:53:00.6121234Z State: Stopping, Action: StoppingSite, LastError: SiteStartupCancelled, LastErrorTimestamp: 03/18/2026 10:16:04, LastErrorDetails: , Details: Site started at 03/18/2026 10:37:18 (UTC), DetailsLevel: INFO
2026-03-18T10:53:00.6207847Z State: Stopping, Action: StoppingSiteContainers, LastError: SiteStartupCancelled, LastErrorTimestamp: 03/18/2026 10:16:04, LastErrorDetails: , Details: Site started at 03/18/2026 10:37:18 (UTC), DetailsLevel: INFO
2026-03-18T10:53:00.6209046Z Container is terminating. Grace period: 5 seconds.
2026-03-18T10:53:00.7421715Z Stop and delete container. Retry count = 0
2026-03-18T10:53:00.7424877Z Stopping container: e8e535e54edd_careorbit-api-dev.
2026-03-18T10:53:05.8814563Z Deleting container: e8e535e54edd_careorbit-api-dev. Retry count = 0
2026-03-18T10:53:06.9659890Z Container spec TerminationMessagePolicy  path 
2026-03-18T10:53:06.9669601Z Container is terminated. Total time elapsed: 6345 ms.
2026-03-18T10:53:06.9675395Z Site: careorbit-api-dev stopped.
2026-03-18T10:53:30.7971044Z State: Starting, Action: EstablishingSiteNetworks, LastError: VNETFailure, LastErrorTimestamp: 03/18/2026 10:52:37, LastErrorDetails: There was an issue setting up VNet., Details: Site stopped at 03/18/2026 10:52:40 (UTC), DetailsLevel: ERR
2026-03-18T10:53:35.1142254Z State: Starting, Action: StartingSiteContainers, LastError: VNETFailure, LastErrorTimestamp: 03/18/2026 10:52:37, LastErrorDetails: There was an issue setting up VNet., Details: Site stopped at 03/18/2026 10:52:40 (UTC), DetailsLevel: ERR
2026-03-18T10:53:35.1143369Z Container start method called.
2026-03-18T10:53:35.1143704Z State: Starting, Action: PullingImage, LastError: VNETFailure, LastErrorTimestamp: 03/18/2026 10:52:37, LastErrorDetails: There was an issue setting up VNet., Details: Pulling image 10.1.0.4:13209/appsvc/python:3.12_20260203.2.tuxprod for careorbit-api-dev., DetailsLevel: INFO
2026-03-18T10:53:35.1144397Z Establishing network.
2026-03-18T10:53:35.1145234Z Pulling image: appsvc/python:3.12_20260203.2.tuxprod.
2026-03-18T10:53:35.5274385Z Container is starting.
2026-03-18T10:53:35.5338655Z State: Starting, Action: MountingVolumes, LastError: VNETFailure, LastErrorTimestamp: 03/18/2026 10:52:37, LastErrorDetails: There was an issue setting up VNet., Details: Mounting volumes for careorbit-api-dev., DetailsLevel: INFO
2026-03-18T10:53:35.5415626Z Establishing user namespace if not established already.
2026-03-18T10:53:35.5427851Z Establishing network if not established already.
2026-03-18T10:53:35.5527149Z Mounting volumes.
2026-03-18T10:53:35.5615804Z Nested mountpoint 
2026-03-18T10:53:35.6590209Z Nested mountpoint volatile/logs
2026-03-18T10:53:35.7840392Z Nested mountpoint 
2026-03-18T10:53:35.9467630Z Nested mountpoint 
2026-03-18T10:53:36.0487755Z Nested mountpoint 
2026-03-18T10:53:36.4945230Z State: Starting, Action: CreatingContainer, LastError: VNETFailure, LastErrorTimestamp: 03/18/2026 10:52:37, LastErrorDetails: There was an issue setting up VNet., Details: Finished pulling container image and mounting volumes for careorbit-api-dev. Allocatinng the rest of the container resources to finish container creation., DetailsLevel: INFO
2026-03-18T10:53:36.4948850Z Creating container.
2026-03-18T10:53:36.4951383Z Creating pipes for streaming container io.
2026-03-18T10:53:36.4954536Z Creating stdout named pipe at /podr/container/pipe/110f285b734c_careorbit-api-dev/stdout_17839b7507ad4c83bff1498bccb62196.
2026-03-18T10:53:36.5047781Z Successfully created stdout named pipe at: /podr/container/pipe/110f285b734c_careorbit-api-dev/stdout_17839b7507ad4c83bff1498bccb62196.
2026-03-18T10:53:36.5055952Z Opening named pipe /podr/container/pipe/110f285b734c_careorbit-api-dev/stdout_17839b7507ad4c83bff1498bccb62196 for reading in non-blocking mode.
2026-03-18T10:53:36.5060787Z Successfully opened named pipe: /podr/container/pipe/110f285b734c_careorbit-api-dev/stdout_17839b7507ad4c83bff1498bccb62196.
2026-03-18T10:53:36.5156022Z Successfully removed non-blocking flag from /podr/container/pipe/110f285b734c_careorbit-api-dev/stdout_17839b7507ad4c83bff1498bccb62196.
2026-03-18T10:53:36.5250442Z Creating stderr named pipe at /podr/container/pipe/110f285b734c_careorbit-api-dev/stderr_ddf00d5003d8474aa40eafd6df6825dc.
2026-03-18T10:53:36.5263201Z Successfully created stderr named pipe at: /podr/container/pipe/110f285b734c_careorbit-api-dev/stderr_ddf00d5003d8474aa40eafd6df6825dc.
2026-03-18T10:53:36.5546992Z Opening named pipe /podr/container/pipe/110f285b734c_careorbit-api-dev/stderr_ddf00d5003d8474aa40eafd6df6825dc for reading in non-blocking mode.
2026-03-18T10:53:36.5549002Z Successfully opened named pipe: /podr/container/pipe/110f285b734c_careorbit-api-dev/stderr_ddf00d5003d8474aa40eafd6df6825dc.
2026-03-18T10:53:36.5549835Z Successfully removed non-blocking flag from /podr/container/pipe/110f285b734c_careorbit-api-dev/stderr_ddf00d5003d8474aa40eafd6df6825dc.
2026-03-18T10:53:36.5551217Z Creating container with image: appsvc/python:3.12_20260203.2.tuxprod from registry: 10.1.0.4:13209 and fully qualified image name: 10.1.0.4:13209/appsvc/python:3.12_20260203.2.tuxprod
2026-03-18T10:53:37.4059472Z Starting container: 110f285b734c_careorbit-api-dev.
2026-03-18T10:53:37.4778633Z Starting watchers and probes.
2026-03-18T10:53:37.4864754Z Starting metrics collection.
2026-03-18T10:53:37.4876939Z Container is running.
2026-03-18T10:53:37.5062617Z State: Starting, Action: CreatingContainer, LastError: VNETFailure, LastErrorTimestamp: 03/18/2026 10:52:37, LastErrorDetails: There was an issue setting up VNet., Details: Container careorbit-api-dev successfully created and is running., DetailsLevel: INFO
2026-03-18T10:53:38.0449246Z Container start method finished after 2921 ms.
2026-03-18T10:53:38.0844333Z State: Starting, Action: InitiatingSiteWarmUpProbe, LastError: VNETFailure, LastErrorTimestamp: 03/18/2026 10:52:37, LastErrorDetails: There was an issue setting up VNet., Details: Container careorbit-api-dev successfully created and is running., DetailsLevel: INFO
2026-03-18T10:53:38.0845301Z State: Starting, Action: WaitingForSiteWarmUpProbeSuccess, LastError: VNETFailure, LastErrorTimestamp: 03/18/2026 10:52:37, LastErrorDetails: There was an issue setting up VNet., Details: Pinging warmup path to ensure container is ready to receive requests., DetailsLevel: INFO
2026-03-18T10:55:35.2592457Z Site startup probe succeeded after 117.1406539 seconds.
2026-03-18T10:55:35.4437800Z State: Starting, Action: WarmUpProbeSucceeded, LastError: VNETFailure, LastErrorTimestamp: 03/18/2026 10:52:37, LastErrorDetails: There was an issue setting up VNet., Details: Site startup probe succeeded after 117.1406539 seconds., DetailsLevel: INFO
2026-03-18T10:55:35.5168452Z State: Starting, Action: StartingAuthContainer, LastError: VNETFailure, LastErrorTimestamp: 03/18/2026 10:52:37, LastErrorDetails: There was an issue setting up VNet., Details: Site startup probe succeeded after 117.1406539 seconds., DetailsLevel: INFO
2026-03-18T10:55:47.6845379Z Site is running with deployment version: 361c5744-815d-4daa-96a0-91213be2a818
2026-03-18T10:55:47.6852630Z Site started.
2026-03-18T10:55:47.6853447Z State: Started, Action: None, LastError: VNETFailure, LastErrorTimestamp: 03/18/2026 10:52:37, LastErrorDetails: There was an issue setting up VNet., Details: Site started at 03/18/2026 10:55:47 (UTC), DetailsLevel: INFO
2026-03-18T10:55:47.7990249Z Site is running with patch version PYTHON 3.12.12
2026-03-18T11:05:11.8872447Z State: Starting, Action: EstablishingSiteNetworks, LastError: , LastErrorTimestamp: 01/01/0001 00:00:00, LastErrorDetails: , Details: , DetailsLevel: INFO
2026-03-18T11:05:27.4953730Z State: Starting, Action: StartingSiteContainers, LastError: , LastErrorTimestamp: 01/01/0001 00:00:00, LastErrorDetails: , Details: , DetailsLevel: INFO
2026-03-18T11:05:27.5033231Z Container start method called.
2026-03-18T11:05:27.5034057Z State: Starting, Action: PullingImage, LastError: , LastErrorTimestamp: 01/01/0001 00:00:00, LastErrorDetails: , Details: Pulling image 10.1.0.5:13209/appsvc/python:3.12_20260203.2.tuxprod for careorbit-api-dev., DetailsLevel: INFO
2026-03-18T11:05:27.5035049Z Establishing network.
2026-03-18T11:05:27.5036061Z Pulling image: appsvc/python:3.12_20260203.2.tuxprod.
2026-03-18T11:05:30.3594404Z Container is starting.
2026-03-18T11:05:30.3595944Z State: Starting, Action: MountingVolumes, LastError: , LastErrorTimestamp: 01/01/0001 00:00:00, LastErrorDetails: , Details: Mounting volumes for careorbit-api-dev., DetailsLevel: INFO
2026-03-18T11:05:30.3596859Z Establishing user namespace if not established already.
2026-03-18T11:05:30.3597649Z Establishing network if not established already.
2026-03-18T11:05:30.3598548Z Mounting volumes.
2026-03-18T11:05:30.3599708Z Nested mountpoint 
2026-03-18T11:05:30.5288780Z Nested mountpoint volatile/logs
2026-03-18T11:05:30.5312000Z Nested mountpoint 
2026-03-18T11:05:30.8728072Z Nested mountpoint 
2026-03-18T11:05:31.3114337Z Nested mountpoint 
2026-03-18T11:05:34.1394354Z State: Starting, Action: CreatingContainer, LastError: , LastErrorTimestamp: 01/01/0001 00:00:00, LastErrorDetails: , Details: Finished pulling container image and mounting volumes for careorbit-api-dev. Allocatinng the rest of the container resources to finish container creation., DetailsLevel: INFO
2026-03-18T11:05:34.1896949Z Creating container.
2026-03-18T11:05:34.1901917Z Creating pipes for streaming container io.
2026-03-18T11:05:34.1910941Z Creating stdout named pipe at /podr/container/pipe/3d752d5119a4_careorbit-api-dev/stdout_85dbc74c07164d4296bdc4d59f442678.
2026-03-18T11:05:34.2194655Z Successfully created stdout named pipe at: /podr/container/pipe/3d752d5119a4_careorbit-api-dev/stdout_85dbc74c07164d4296bdc4d59f442678.
2026-03-18T11:05:34.2197955Z Opening named pipe /podr/container/pipe/3d752d5119a4_careorbit-api-dev/stdout_85dbc74c07164d4296bdc4d59f442678 for reading in non-blocking mode.
2026-03-18T11:05:34.2199210Z Successfully opened named pipe: /podr/container/pipe/3d752d5119a4_careorbit-api-dev/stdout_85dbc74c07164d4296bdc4d59f442678.
2026-03-18T11:05:34.2200035Z Successfully removed non-blocking flag from /podr/container/pipe/3d752d5119a4_careorbit-api-dev/stdout_85dbc74c07164d4296bdc4d59f442678.
2026-03-18T11:05:34.2590239Z Creating stderr named pipe at /podr/container/pipe/3d752d5119a4_careorbit-api-dev/stderr_37f66129b1f0453db8612685700a869d.
2026-03-18T11:05:34.2592381Z Successfully created stderr named pipe at: /podr/container/pipe/3d752d5119a4_careorbit-api-dev/stderr_37f66129b1f0453db8612685700a869d.
2026-03-18T11:05:34.2593119Z Opening named pipe /podr/container/pipe/3d752d5119a4_careorbit-api-dev/stderr_37f66129b1f0453db8612685700a869d for reading in non-blocking mode.
2026-03-18T11:05:34.2594020Z Successfully opened named pipe: /podr/container/pipe/3d752d5119a4_careorbit-api-dev/stderr_37f66129b1f0453db8612685700a869d.
2026-03-18T11:05:34.2594770Z Successfully removed non-blocking flag from /podr/container/pipe/3d752d5119a4_careorbit-api-dev/stderr_37f66129b1f0453db8612685700a869d.
2026-03-18T11:05:34.2595740Z Creating container with image: appsvc/python:3.12_20260203.2.tuxprod from registry: 10.1.0.5:13209 and fully qualified image name: 10.1.0.5:13209/appsvc/python:3.12_20260203.2.tuxprod
2026-03-18T11:05:36.6230075Z Starting container: 3d752d5119a4_careorbit-api-dev.
2026-03-18T11:05:36.9056502Z Starting watchers and probes.
2026-03-18T11:05:36.9061063Z Starting metrics collection.
2026-03-18T11:05:36.9062714Z Container is running.
2026-03-18T11:05:36.9146930Z State: Starting, Action: CreatingContainer, LastError: , LastErrorTimestamp: 01/01/0001 00:00:00, LastErrorDetails: , Details: Container careorbit-api-dev successfully created and is running., DetailsLevel: INFO
2026-03-18T11:05:37.3818436Z Container start method finished after 9877 ms.
2026-03-18T11:05:37.4661830Z State: Starting, Action: InitiatingSiteWarmUpProbe, LastError: , LastErrorTimestamp: 01/01/0001 00:00:00, LastErrorDetails: , Details: Container careorbit-api-dev successfully created and is running., DetailsLevel: INFO
2026-03-18T11:05:37.4662423Z State: Starting, Action: WaitingForSiteWarmUpProbeSuccess, LastError: , LastErrorTimestamp: 01/01/0001 00:00:00, LastErrorDetails: , Details: Pinging warmup path to ensure container is ready to receive requests., DetailsLevel: INFO
2026-03-18T11:07:08.9649140Z Site startup probe succeeded after 91.4959451 seconds.
2026-03-18T11:07:09.4929848Z State: Starting, Action: WarmUpProbeSucceeded, LastError: , LastErrorTimestamp: 01/01/0001 00:00:00, LastErrorDetails: , Details: Site startup probe succeeded after 91.4959451 seconds., DetailsLevel: INFO
2026-03-18T11:07:09.7113394Z State: Starting, Action: StartingAuthContainer, LastError: , LastErrorTimestamp: 01/01/0001 00:00:00, LastErrorDetails: , Details: Site startup probe succeeded after 91.4959451 seconds., DetailsLevel: INFO
2026-03-18T11:07:26.3851850Z Site is running with deployment version: 71bcf39a-479c-4b9d-9f93-c92a8bf8fb7a
2026-03-18T11:07:26.3933987Z Site started.
2026-03-18T11:07:26.3936181Z State: Started, Action: None, LastError: , LastErrorTimestamp: 01/01/0001 00:00:00, LastErrorDetails: , Details: Site started at 03/18/2026 11:07:26 (UTC), DetailsLevel: INFO
2026-03-18T11:07:26.4091400Z Site is running with patch version PYTHON 3.12.12
2026-03-18T11:07:46.6369183Z State: Stopping, Action: StoppingSite, LastError: VNETFailure, LastErrorTimestamp: 03/18/2026 10:52:37, LastErrorDetails: There was an issue setting up VNet., Details: Site started at 03/18/2026 10:55:47 (UTC), DetailsLevel: INFO
2026-03-18T11:07:46.6479521Z State: Stopping, Action: StoppingSiteContainers, LastError: VNETFailure, LastErrorTimestamp: 03/18/2026 10:52:37, LastErrorDetails: There was an issue setting up VNet., Details: Site started at 03/18/2026 10:55:47 (UTC), DetailsLevel: INFO
2026-03-18T11:07:46.6562282Z Container is terminating. Grace period: 5 seconds.
2026-03-18T11:07:47.2638091Z Stop and delete container. Retry count = 0
2026-03-18T11:07:47.2919858Z Stopping container: 110f285b734c_careorbit-api-dev.
2026-03-18T11:07:53.0407846Z Deleting container: 110f285b734c_careorbit-api-dev. Retry count = 0
2026-03-18T11:07:56.5770206Z Container spec TerminationMessagePolicy  path 
2026-03-18T11:07:56.5965470Z Container is terminated. Total time elapsed: 9929 ms.
2026-03-18T11:07:56.5978026Z Site: careorbit-api-dev stopped.
2026-03-18T11:19:09.5271242Z State: Starting, Action: EstablishingSiteNetworks, LastError: , LastErrorTimestamp: 01/01/0001 00:00:00, LastErrorDetails: , Details: , DetailsLevel: INFO
2026-03-18T11:19:22.3133102Z State: Starting, Action: StartingSiteContainers, LastError: , LastErrorTimestamp: 01/01/0001 00:00:00, LastErrorDetails: , Details: , DetailsLevel: INFO
2026-03-18T11:19:22.3530950Z Container start method called.
2026-03-18T11:19:22.3822777Z State: Starting, Action: PullingImage, LastError: , LastErrorTimestamp: 01/01/0001 00:00:00, LastErrorDetails: , Details: Pulling image 10.1.0.4:13209/appsvc/python:3.12_20260203.2.tuxprod for careorbit-api-dev., DetailsLevel: INFO
2026-03-18T11:19:22.4239544Z Establishing network.
2026-03-18T11:19:22.5248708Z Pulling image: appsvc/python:3.12_20260203.2.tuxprod.
2026-03-18T11:19:26.6264305Z Container is starting.
2026-03-18T11:19:26.6265568Z State: Starting, Action: MountingVolumes, LastError: , LastErrorTimestamp: 01/01/0001 00:00:00, LastErrorDetails: , Details: Mounting volumes for careorbit-api-dev., DetailsLevel: INFO
2026-03-18T11:19:26.6269666Z Establishing user namespace if not established already.
2026-03-18T11:19:26.6270939Z Establishing network if not established already.
2026-03-18T11:19:26.6271970Z Mounting volumes.
2026-03-18T11:19:26.6773629Z Nested mountpoint 
2026-03-18T11:19:27.0660423Z Nested mountpoint volatile/logs
2026-03-18T11:19:27.3788107Z Nested mountpoint 
2026-03-18T11:19:27.7328171Z Nested mountpoint 
2026-03-18T11:19:27.9240831Z Nested mountpoint 
2026-03-18T11:19:29.7308615Z State: Starting, Action: CreatingContainer, LastError: , LastErrorTimestamp: 01/01/0001 00:00:00, LastErrorDetails: , Details: Finished pulling container image and mounting volumes for careorbit-api-dev. Allocatinng the rest of the container resources to finish container creation., DetailsLevel: INFO
2026-03-18T11:19:29.7519877Z Creating container.
2026-03-18T11:19:29.7521190Z Creating pipes for streaming container io.
2026-03-18T11:19:29.8563700Z Creating stdout named pipe at /podr/container/pipe/601e90705c18_careorbit-api-dev/stdout_e0c4d15464da46a5ab142eccd2531ebe.
2026-03-18T11:19:29.9226070Z Successfully created stdout named pipe at: /podr/container/pipe/601e90705c18_careorbit-api-dev/stdout_e0c4d15464da46a5ab142eccd2531ebe.
2026-03-18T11:19:29.9241674Z Opening named pipe /podr/container/pipe/601e90705c18_careorbit-api-dev/stdout_e0c4d15464da46a5ab142eccd2531ebe for reading in non-blocking mode.
2026-03-18T11:19:29.9428840Z Successfully opened named pipe: /podr/container/pipe/601e90705c18_careorbit-api-dev/stdout_e0c4d15464da46a5ab142eccd2531ebe.
2026-03-18T11:19:29.9441705Z Successfully removed non-blocking flag from /podr/container/pipe/601e90705c18_careorbit-api-dev/stdout_e0c4d15464da46a5ab142eccd2531ebe.
2026-03-18T11:19:29.9638607Z Creating stderr named pipe at /podr/container/pipe/601e90705c18_careorbit-api-dev/stderr_8322cd891da24c9aa5677cf1532b7a9f.
2026-03-18T11:19:29.9646061Z Successfully created stderr named pipe at: /podr/container/pipe/601e90705c18_careorbit-api-dev/stderr_8322cd891da24c9aa5677cf1532b7a9f.
2026-03-18T11:19:29.9647289Z Opening named pipe /podr/container/pipe/601e90705c18_careorbit-api-dev/stderr_8322cd891da24c9aa5677cf1532b7a9f for reading in non-blocking mode.
2026-03-18T11:19:29.9648323Z Successfully opened named pipe: /podr/container/pipe/601e90705c18_careorbit-api-dev/stderr_8322cd891da24c9aa5677cf1532b7a9f.
2026-03-18T11:19:29.9649021Z Successfully removed non-blocking flag from /podr/container/pipe/601e90705c18_careorbit-api-dev/stderr_8322cd891da24c9aa5677cf1532b7a9f.
2026-03-18T11:19:30.0123659Z Creating container with image: appsvc/python:3.12_20260203.2.tuxprod from registry: 10.1.0.4:13209 and fully qualified image name: 10.1.0.4:13209/appsvc/python:3.12_20260203.2.tuxprod
2026-03-18T11:19:32.7841407Z Starting container: 601e90705c18_careorbit-api-dev.
2026-03-18T11:19:33.0327211Z Starting watchers and probes.
2026-03-18T11:19:33.0486073Z Starting metrics collection.
2026-03-18T11:19:33.0504331Z Container is running.
2026-03-18T11:19:33.0505314Z State: Starting, Action: CreatingContainer, LastError: , LastErrorTimestamp: 01/01/0001 00:00:00, LastErrorDetails: , Details: Container careorbit-api-dev successfully created and is running., DetailsLevel: INFO
2026-03-18T11:19:33.8494925Z Container start method finished after 11496 ms.
2026-03-18T11:19:33.8609253Z State: Starting, Action: InitiatingSiteWarmUpProbe, LastError: , LastErrorTimestamp: 01/01/0001 00:00:00, LastErrorDetails: , Details: Container careorbit-api-dev successfully created and is running., DetailsLevel: INFO
2026-03-18T11:19:33.9013169Z State: Starting, Action: WaitingForSiteWarmUpProbeSuccess, LastError: , LastErrorTimestamp: 01/01/0001 00:00:00, LastErrorDetails: , Details: Pinging warmup path to ensure container is ready to receive requests., DetailsLevel: INFO
2026-03-18T11:24:38.4425311Z Site startup probe succeeded after 304.4955889 seconds.
2026-03-18T11:24:39.1016046Z State: Starting, Action: WarmUpProbeSucceeded, LastError: , LastErrorTimestamp: 01/01/0001 00:00:00, LastErrorDetails: , Details: Site startup probe succeeded after 304.4955889 seconds., DetailsLevel: INFO
2026-03-18T11:24:39.5388372Z State: Starting, Action: StartingAuthContainer, LastError: , LastErrorTimestamp: 01/01/0001 00:00:00, LastErrorDetails: , Details: Site startup probe succeeded after 304.4955889 seconds., DetailsLevel: INFO
2026-03-18T11:24:55.9424907Z Site is running with deployment version: a867e40a-7d16-4b97-8ed5-14f4c339b73a
2026-03-18T11:24:55.9941656Z Site started.
2026-03-18T11:24:55.9947697Z State: Started, Action: None, LastError: , LastErrorTimestamp: 01/01/0001 00:00:00, LastErrorDetails: , Details: Site started at 03/18/2026 11:24:55 (UTC), DetailsLevel: INFO
2026-03-18T11:24:56.0865149Z Site is running with patch version PYTHON 3.12.12
2026-03-18T11:25:16.7242035Z State: Stopping, Action: StoppingSite, LastError: VNETFailure, LastErrorTimestamp: 03/18/2026 10:52:37, LastErrorDetails: There was an issue setting up VNet., Details: Site started at 03/18/2026 11:07:26 (UTC), DetailsLevel: INFO
2026-03-18T11:25:16.7760889Z State: Stopping, Action: StoppingSiteContainers, LastError: VNETFailure, LastErrorTimestamp: 03/18/2026 10:52:37, LastErrorDetails: There was an issue setting up VNet., Details: Site started at 03/18/2026 11:07:26 (UTC), DetailsLevel: INFO
2026-03-18T11:25:16.7871978Z Container is terminating. Grace period: 5 seconds.
2026-03-18T11:25:16.9480844Z Stop and delete container. Retry count = 0
2026-03-18T11:25:16.9481748Z Stopping container: 3d752d5119a4_careorbit-api-dev.
2026-03-18T11:25:25.8604068Z Deleting container: 3d752d5119a4_careorbit-api-dev. Retry count = 0
2026-03-18T11:25:28.0858199Z Container spec TerminationMessagePolicy  path 
2026-03-18T11:25:28.0875751Z Container is terminated. Total time elapsed: 11299 ms.
2026-03-18T11:25:28.0886072Z Site: careorbit-api-dev stopped.
2026-03-18T11:25:33.1535585Z State: Starting, Action: EstablishingSiteNetworks, LastError: , LastErrorTimestamp: 01/01/0001 00:00:00, LastErrorDetails: , Details: , DetailsLevel: INFO
2026-03-18T11:25:38.8234397Z State: Starting, Action: StartingSiteContainers, LastError: , LastErrorTimestamp: 01/01/0001 00:00:00, LastErrorDetails: , Details: , DetailsLevel: INFO
2026-03-18T11:25:38.8521098Z Container start method called.
2026-03-18T11:25:38.8534113Z State: Starting, Action: PullingImage, LastError: , LastErrorTimestamp: 01/01/0001 00:00:00, LastErrorDetails: , Details: Pulling image 10.1.0.4:13209/appsvc/python:3.12_20260203.2.tuxprod for careorbit-api-dev., DetailsLevel: INFO
2026-03-18T11:25:38.8536146Z Establishing network.
2026-03-18T11:25:38.8537398Z Pulling image: appsvc/python:3.12_20260203.2.tuxprod.
2026-03-18T11:25:39.5118306Z Container is starting.
2026-03-18T11:25:39.5208702Z State: Starting, Action: MountingVolumes, LastError: , LastErrorTimestamp: 01/01/0001 00:00:00, LastErrorDetails: , Details: Mounting volumes for careorbit-api-dev., DetailsLevel: INFO
2026-03-18T11:25:39.5219378Z Establishing user namespace if not established already.
2026-03-18T11:25:39.5223606Z Establishing network if not established already.
2026-03-18T11:25:39.5224722Z Mounting volumes.
2026-03-18T11:25:39.5225907Z Nested mountpoint 
2026-03-18T11:25:39.6807384Z Nested mountpoint volatile/logs
2026-03-18T11:25:39.6929023Z Nested mountpoint 
2026-03-18T11:25:40.0074613Z Nested mountpoint 
2026-03-18T11:25:40.0260115Z Nested mountpoint 
2026-03-18T11:25:41.6248344Z State: Starting, Action: CreatingContainer, LastError: , LastErrorTimestamp: 01/01/0001 00:00:00, LastErrorDetails: , Details: Finished pulling container image and mounting volumes for careorbit-api-dev. Allocatinng the rest of the container resources to finish container creation., DetailsLevel: INFO
2026-03-18T11:25:41.6538208Z Creating container.
2026-03-18T11:25:41.6551361Z Creating pipes for streaming container io.
2026-03-18T11:25:41.6564366Z Creating stdout named pipe at /podr/container/pipe/8076a6273b31_careorbit-api-dev/stdout_6aac41efed29479fbf011b5596c32470.
2026-03-18T11:25:41.6870088Z Successfully created stdout named pipe at: /podr/container/pipe/8076a6273b31_careorbit-api-dev/stdout_6aac41efed29479fbf011b5596c32470.
2026-03-18T11:25:41.7029285Z Opening named pipe /podr/container/pipe/8076a6273b31_careorbit-api-dev/stdout_6aac41efed29479fbf011b5596c32470 for reading in non-blocking mode.
2026-03-18T11:25:41.7172320Z Successfully opened named pipe: /podr/container/pipe/8076a6273b31_careorbit-api-dev/stdout_6aac41efed29479fbf011b5596c32470.
2026-03-18T11:25:41.7385069Z Successfully removed non-blocking flag from /podr/container/pipe/8076a6273b31_careorbit-api-dev/stdout_6aac41efed29479fbf011b5596c32470.
2026-03-18T11:25:41.7586465Z Creating stderr named pipe at /podr/container/pipe/8076a6273b31_careorbit-api-dev/stderr_ea467738414b4e329b16809ecf1d3dca.
2026-03-18T11:25:41.7854810Z Successfully created stderr named pipe at: /podr/container/pipe/8076a6273b31_careorbit-api-dev/stderr_ea467738414b4e329b16809ecf1d3dca.
2026-03-18T11:25:41.7953333Z Opening named pipe /podr/container/pipe/8076a6273b31_careorbit-api-dev/stderr_ea467738414b4e329b16809ecf1d3dca for reading in non-blocking mode.
2026-03-18T11:25:41.8063461Z Successfully opened named pipe: /podr/container/pipe/8076a6273b31_careorbit-api-dev/stderr_ea467738414b4e329b16809ecf1d3dca.
2026-03-18T11:25:41.8150905Z Successfully removed non-blocking flag from /podr/container/pipe/8076a6273b31_careorbit-api-dev/stderr_ea467738414b4e329b16809ecf1d3dca.
2026-03-18T11:25:41.8161202Z Creating container with image: appsvc/python:3.12_20260203.2.tuxprod from registry: 10.1.0.4:13209 and fully qualified image name: 10.1.0.4:13209/appsvc/python:3.12_20260203.2.tuxprod
2026-03-18T11:25:42.9967903Z Starting container: 8076a6273b31_careorbit-api-dev.
2026-03-18T11:25:43.2464029Z Starting watchers and probes.
2026-03-18T11:25:43.2980537Z Starting metrics collection.
2026-03-18T11:25:43.2983709Z Container is running.
2026-03-18T11:25:43.2984581Z State: Starting, Action: CreatingContainer, LastError: , LastErrorTimestamp: 01/01/0001 00:00:00, LastErrorDetails: , Details: Container careorbit-api-dev successfully created and is running., DetailsLevel: INFO
2026-03-18T11:25:44.0058782Z Container start method finished after 5153 ms.
2026-03-18T11:25:44.0061416Z State: Starting, Action: InitiatingSiteWarmUpProbe, LastError: , LastErrorTimestamp: 01/01/0001 00:00:00, LastErrorDetails: , Details: Container careorbit-api-dev successfully created and is running., DetailsLevel: INFO
2026-03-18T11:25:44.0061636Z State: Starting, Action: WaitingForSiteWarmUpProbeSuccess, LastError: , LastErrorTimestamp: 01/01/0001 00:00:00, LastErrorDetails: , Details: Pinging warmup path to ensure container is ready to receive requests., DetailsLevel: INFO
2026-03-18T11:26:57.8483632Z Site startup probe succeeded after 73.6104557 seconds.
2026-03-18T11:26:58.2767509Z State: Starting, Action: WarmUpProbeSucceeded, LastError: , LastErrorTimestamp: 01/01/0001 00:00:00, LastErrorDetails: , Details: Site startup probe succeeded after 73.6104557 seconds., DetailsLevel: INFO
2026-03-18T11:26:58.4641100Z State: Starting, Action: StartingAuthContainer, LastError: , LastErrorTimestamp: 01/01/0001 00:00:00, LastErrorDetails: , Details: Site startup probe succeeded after 73.6104557 seconds., DetailsLevel: INFO
2026-03-18T11:27:12.4009978Z Site is running with deployment version: b65176a2-bde6-4077-9a18-33ac7b8bbda4
2026-03-18T11:27:12.4391789Z Site started.
2026-03-18T11:27:12.4405300Z State: Started, Action: None, LastError: , LastErrorTimestamp: 01/01/0001 00:00:00, LastErrorDetails: , Details: Site started at 03/18/2026 11:27:12 (UTC), DetailsLevel: INFO
2026-03-18T11:27:12.4796925Z Site is running with patch version PYTHON 3.12.12
2026-03-18T11:27:32.7745680Z State: Stopping, Action: StoppingSite, LastError: VNETFailure, LastErrorTimestamp: 03/18/2026 10:52:37, LastErrorDetails: There was an issue setting up VNet., Details: Site started at 03/18/2026 11:24:55 (UTC), DetailsLevel: INFO
2026-03-18T11:27:32.8049619Z State: Stopping, Action: StoppingSiteContainers, LastError: VNETFailure, LastErrorTimestamp: 03/18/2026 10:52:37, LastErrorDetails: There was an issue setting up VNet., Details: Site started at 03/18/2026 11:24:55 (UTC), DetailsLevel: INFO
2026-03-18T11:27:32.8730735Z Container is terminating. Grace period: 5 seconds.
2026-03-18T11:27:35.5534999Z Stop and delete container. Retry count = 0
2026-03-18T11:27:35.5610013Z Stopping container: 601e90705c18_careorbit-api-dev.
2026-03-18T11:27:38.9086853Z Deleting container: 601e90705c18_careorbit-api-dev. Retry count = 0
2026-03-18T11:27:43.1660253Z Container spec TerminationMessagePolicy  path 
2026-03-18T11:27:43.2054100Z Container is terminated. Total time elapsed: 10328 ms.
2026-03-18T11:27:43.2067318Z Site: careorbit-api-dev stopped.
2026-03-18T11:31:14.6527374Z State: Starting, Action: EstablishingSiteNetworks, LastError: , LastErrorTimestamp: 01/01/0001 00:00:00, LastErrorDetails: , Details: , DetailsLevel: INFO
2026-03-18T11:31:20.9233117Z State: Starting, Action: StartingSiteContainers, LastError: , LastErrorTimestamp: 01/01/0001 00:00:00, LastErrorDetails: , Details: , DetailsLevel: INFO
2026-03-18T11:31:20.9299059Z Container start method called.
2026-03-18T11:31:20.9305739Z State: Starting, Action: PullingImage, LastError: , LastErrorTimestamp: 01/01/0001 00:00:00, LastErrorDetails: , Details: Pulling image 10.1.0.4:13209/appsvc/python:3.12_20260203.2.tuxprod for careorbit-api-dev., DetailsLevel: INFO
2026-03-18T11:31:20.9310605Z Establishing network.
2026-03-18T11:31:20.9315096Z Pulling image: appsvc/python:3.12_20260203.2.tuxprod.
2026-03-18T11:31:23.2600010Z Container pull image interrupted. Revert by terminate.
2026-03-18T11:31:23.2601794Z Container is terminating. Grace period: 5 seconds.
2026-03-18T11:31:23.2606434Z Container spec TerminationMessagePolicy  path 
2026-03-18T11:31:23.2691498Z Container is terminated. Total time elapsed: 0 ms.
2026-03-18T11:31:23.2693962Z Site container: careorbit-api-dev terminated during site startup.
2026-03-18T11:31:23.2695004Z State: Stopping, Action: CancellingStartup, LastError: , LastErrorTimestamp: 01/01/0001 00:00:00, LastErrorDetails: , Details: Site container: careorbit-api-dev terminated during site startup. Cancelling site startup., DetailsLevel: ERR
2026-03-18T11:31:23.2793410Z State: Stopping, Action: CancellingStartup, LastError: SiteStartupCancelled, LastErrorTimestamp: 03/18/2026 11:31:23, LastErrorDetails: , Details: Site container: careorbit-api-dev terminated during site startup. Cancelling site startup., DetailsLevel: WARN
2026-03-18T11:31:23.3289704Z State: Stopping, Action: StoppingSite, LastError: SiteStartupCancelled, LastErrorTimestamp: 03/18/2026 11:31:23, LastErrorDetails: , Details: Site container: careorbit-api-dev terminated during site startup. Cancelling site startup., DetailsLevel: WARN
2026-03-18T11:31:23.3293052Z State: Stopping, Action: StoppingSiteContainers, LastError: SiteStartupCancelled, LastErrorTimestamp: 03/18/2026 11:31:23, LastErrorDetails: , Details: Site container: careorbit-api-dev terminated during site startup. Cancelling site startup., DetailsLevel: WARN
2026-03-18T11:31:23.3293192Z Site: careorbit-api-dev stopped.
2026-03-18T11:31:27.0284743Z State: Starting, Action: EstablishingSiteNetworks, LastError: , LastErrorTimestamp: 01/01/0001 00:00:00, LastErrorDetails: , Details: , DetailsLevel: INFO
2026-03-18T11:31:33.6471196Z State: Starting, Action: StartingSiteContainers, LastError: , LastErrorTimestamp: 01/01/0001 00:00:00, LastErrorDetails: , Details: , DetailsLevel: INFO
2026-03-18T11:31:33.6578425Z Container start method called.
2026-03-18T11:31:33.6580049Z State: Starting, Action: PullingImage, LastError: , LastErrorTimestamp: 01/01/0001 00:00:00, LastErrorDetails: , Details: Pulling image 10.1.0.4:13209/appsvc/python:3.12_20260203.2.tuxprod for careorbit-api-dev., DetailsLevel: INFO
2026-03-18T11:31:33.6660695Z Establishing network.
2026-03-18T11:31:33.6668459Z Pulling image: appsvc/python:3.12_20260203.2.tuxprod.
2026-03-18T11:31:36.5022685Z Image appsvc/python:3.12_20260203.2.tuxprod is pulled from registry 10.1.0.4:13209
2026-03-18T11:31:36.5023824Z Container is starting.
2026-03-18T11:31:36.5024460Z State: Starting, Action: MountingVolumes, LastError: , LastErrorTimestamp: 01/01/0001 00:00:00, LastErrorDetails: , Details: Mounting volumes for careorbit-api-dev., DetailsLevel: INFO
2026-03-18T11:31:36.5025179Z Establishing user namespace if not established already.
2026-03-18T11:31:36.5025885Z Establishing network if not established already.
2026-03-18T11:31:36.5026860Z Mounting volumes.
2026-03-18T11:31:36.5028034Z Nested mountpoint 
2026-03-18T11:31:36.6955698Z Nested mountpoint volatile/logs
2026-03-18T11:31:36.7948669Z Nested mountpoint 
2026-03-18T11:31:36.7954132Z Nested mountpoint 
2026-03-18T11:31:37.0257196Z Nested mountpoint 
2026-03-18T11:31:39.6174079Z State: Starting, Action: CreatingContainer, LastError: , LastErrorTimestamp: 01/01/0001 00:00:00, LastErrorDetails: , Details: Finished pulling container image and mounting volumes for careorbit-api-dev. Allocatinng the rest of the container resources to finish container creation., DetailsLevel: INFO
2026-03-18T11:31:39.6446071Z Creating container.
2026-03-18T11:31:39.6524050Z Creating pipes for streaming container io.
2026-03-18T11:31:39.6534120Z Creating stdout named pipe at /podr/container/pipe/0146377843f2_careorbit-api-dev/stdout_50d4dc0ccf4c49c6b3a94a0105211d22.
2026-03-18T11:31:39.7134575Z Successfully created stdout named pipe at: /podr/container/pipe/0146377843f2_careorbit-api-dev/stdout_50d4dc0ccf4c49c6b3a94a0105211d22.
2026-03-18T11:31:39.7728039Z Opening named pipe /podr/container/pipe/0146377843f2_careorbit-api-dev/stdout_50d4dc0ccf4c49c6b3a94a0105211d22 for reading in non-blocking mode.
2026-03-18T11:31:39.7731242Z Successfully opened named pipe: /podr/container/pipe/0146377843f2_careorbit-api-dev/stdout_50d4dc0ccf4c49c6b3a94a0105211d22.
2026-03-18T11:31:39.7732254Z Successfully removed non-blocking flag from /podr/container/pipe/0146377843f2_careorbit-api-dev/stdout_50d4dc0ccf4c49c6b3a94a0105211d22.
2026-03-18T11:31:39.7733474Z Creating stderr named pipe at /podr/container/pipe/0146377843f2_careorbit-api-dev/stderr_9aaf4595ec5c44dda1b27af93b6ecf23.
2026-03-18T11:31:39.7734912Z Successfully created stderr named pipe at: /podr/container/pipe/0146377843f2_careorbit-api-dev/stderr_9aaf4595ec5c44dda1b27af93b6ecf23.
2026-03-18T11:31:39.7735576Z Opening named pipe /podr/container/pipe/0146377843f2_careorbit-api-dev/stderr_9aaf4595ec5c44dda1b27af93b6ecf23 for reading in non-blocking mode.
2026-03-18T11:31:39.7736388Z Successfully opened named pipe: /podr/container/pipe/0146377843f2_careorbit-api-dev/stderr_9aaf4595ec5c44dda1b27af93b6ecf23.
2026-03-18T11:31:39.7737103Z Successfully removed non-blocking flag from /podr/container/pipe/0146377843f2_careorbit-api-dev/stderr_9aaf4595ec5c44dda1b27af93b6ecf23.
2026-03-18T11:31:39.7738083Z Creating container with image: appsvc/python:3.12_20260203.2.tuxprod from registry: 10.1.0.4:13209 and fully qualified image name: 10.1.0.4:13209/appsvc/python:3.12_20260203.2.tuxprod
2026-03-18T11:31:42.9238916Z Starting container: 0146377843f2_careorbit-api-dev.
2026-03-18T11:31:43.2242030Z Starting watchers and probes.
2026-03-18T11:31:43.2519875Z Starting metrics collection.
2026-03-18T11:31:43.2527485Z Container is running.
2026-03-18T11:31:43.2528578Z State: Starting, Action: CreatingContainer, LastError: , LastErrorTimestamp: 01/01/0001 00:00:00, LastErrorDetails: , Details: Container careorbit-api-dev successfully created and is running., DetailsLevel: INFO
2026-03-18T11:31:43.4517831Z Container start method finished after 9793 ms.
2026-03-18T11:31:43.4519808Z State: Starting, Action: InitiatingSiteWarmUpProbe, LastError: , LastErrorTimestamp: 01/01/0001 00:00:00, LastErrorDetails: , Details: Container careorbit-api-dev successfully created and is running., DetailsLevel: INFO
2026-03-18T11:31:43.4520012Z State: Starting, Action: WaitingForSiteWarmUpProbeSuccess, LastError: , LastErrorTimestamp: 01/01/0001 00:00:00, LastErrorDetails: , Details: Pinging warmup path to ensure container is ready to receive requests., DetailsLevel: INFO
2026-03-18T11:32:45.0089800Z Site startup probe failed after 61.405873 seconds.
2026-03-18T11:32:46.2036046Z State: Starting, Action: WaitingForSiteWarmUpProbeSuccess, LastError: ContainerTimeout, LastErrorTimestamp: 03/18/2026 11:32:46, LastErrorDetails: Container did not start within expected time limit of 1800s. Please inspect your container logs for more details., Details: Pinging warmup path to ensure container is ready to receive requests., DetailsLevel: ERR
2026-03-18T11:32:46.2504578Z Failed to start site. Revert by stopping site.
2026-03-18T11:32:46.2514125Z State: Stopping, Action: StoppingSite, LastError: ContainerTimeout, LastErrorTimestamp: 03/18/2026 11:32:46, LastErrorDetails: Container did not start within expected time limit of 1800s. Please inspect your container logs for more details., Details: Pinging warmup path to ensure container is ready to receive requests., DetailsLevel: ERR
2026-03-18T11:32:46.2651805Z State: Stopping, Action: StoppingSiteContainers, LastError: ContainerTimeout, LastErrorTimestamp: 03/18/2026 11:32:46, LastErrorDetails: Container did not start within expected time limit of 1800s. Please inspect your container logs for more details., Details: Pinging warmup path to ensure container is ready to receive requests., DetailsLevel: ERR
2026-03-18T11:32:46.2912542Z Container is terminating. Grace period: 5 seconds.
2026-03-18T11:32:46.7535497Z Stop and delete container. Retry count = 0
2026-03-18T11:32:46.7627203Z Stopping container: 0146377843f2_careorbit-api-dev.
2026-03-18T11:32:52.1322355Z Deleting container: 0146377843f2_careorbit-api-dev. Retry count = 0
2026-03-18T11:32:53.6695767Z Container spec TerminationMessagePolicy  path 
2026-03-18T11:32:53.6757324Z Container is terminated. Total time elapsed: 7384 ms.
2026-03-18T11:32:53.6763192Z Site container: careorbit-api-dev terminated during site startup.
2026-03-18T11:32:53.6770922Z State: Stopping, Action: CancellingStartup, LastError: ContainerTimeout, LastErrorTimestamp: 03/18/2026 11:32:46, LastErrorDetails: Container did not start within expected time limit of 1800s. Please inspect your container logs for more details., Details: Site container: careorbit-api-dev terminated during site startup. Cancelling site startup., DetailsLevel: ERR
2026-03-18T11:32:53.6901617Z Site: careorbit-api-dev stopped.
2026-03-18T11:33:21.1346225Z State: Stopping, Action: StoppingSite, LastError: VNETFailure, LastErrorTimestamp: 03/18/2026 10:52:37, LastErrorDetails: There was an issue setting up VNet., Details: Site started at 03/18/2026 11:27:12 (UTC), DetailsLevel: INFO
2026-03-18T11:33:21.1476189Z State: Stopping, Action: StoppingSiteContainers, LastError: VNETFailure, LastErrorTimestamp: 03/18/2026 10:52:37, LastErrorDetails: There was an issue setting up VNet., Details: Site started at 03/18/2026 11:27:12 (UTC), DetailsLevel: INFO
2026-03-18T11:33:21.1479413Z Container is terminating. Grace period: 5 seconds.
2026-03-18T11:33:21.2194678Z Stop and delete container. Retry count = 0
2026-03-18T11:33:21.2262351Z Stopping container: 8076a6273b31_careorbit-api-dev.
2026-03-18T11:33:29.0644864Z Deleting container: 8076a6273b31_careorbit-api-dev. Retry count = 0
2026-03-18T11:33:38.7730661Z Container spec TerminationMessagePolicy  path 
2026-03-18T11:33:38.8592802Z Container is terminated. Total time elapsed: 17710 ms.
2026-03-18T11:33:38.8595378Z Site: careorbit-api-dev stopped.
2026-03-18T11:34:06.9624955Z State: Starting, Action: EstablishingSiteNetworks, LastError: ContainerTimeout, LastErrorTimestamp: 03/18/2026 11:32:46, LastErrorDetails: Container did not start within expected time limit of 1800s. Please inspect your container logs for more details., Details: Site stopped at 03/18/2026 11:33:00 (UTC), DetailsLevel: ERR
2026-03-18T11:34:12.6749087Z State: Starting, Action: StartingSiteContainers, LastError: ContainerTimeout, LastErrorTimestamp: 03/18/2026 11:32:46, LastErrorDetails: Container did not start within expected time limit of 1800s. Please inspect your container logs for more details., Details: Site stopped at 03/18/2026 11:33:00 (UTC), DetailsLevel: ERR
2026-03-18T11:34:12.6751168Z Container start method called.
2026-03-18T11:34:12.6752030Z State: Starting, Action: PullingImage, LastError: ContainerTimeout, LastErrorTimestamp: 03/18/2026 11:32:46, LastErrorDetails: Container did not start within expected time limit of 1800s. Please inspect your container logs for more details., Details: Pulling image 10.1.0.4:13209/appsvc/python:3.12_20260203.2.tuxprod for careorbit-api-dev., DetailsLevel: INFO
2026-03-18T11:34:12.6753108Z Establishing network.
2026-03-18T11:34:12.6754549Z Pulling image: appsvc/python:3.12_20260203.2.tuxprod.
2026-03-18T11:34:13.4781556Z Container is starting.
2026-03-18T11:34:13.4795548Z State: Starting, Action: MountingVolumes, LastError: ContainerTimeout, LastErrorTimestamp: 03/18/2026 11:32:46, LastErrorDetails: Container did not start within expected time limit of 1800s. Please inspect your container logs for more details., Details: Mounting volumes for careorbit-api-dev., DetailsLevel: INFO
2026-03-18T11:34:13.4810413Z Establishing user namespace if not established already.
2026-03-18T11:34:13.5007372Z Establishing network if not established already.
2026-03-18T11:34:13.5008764Z Mounting volumes.
2026-03-18T11:34:13.5010041Z Nested mountpoint 
2026-03-18T11:34:13.5293341Z Nested mountpoint volatile/logs
2026-03-18T11:34:13.6417535Z Nested mountpoint 
2026-03-18T11:34:13.7515226Z Nested mountpoint 
2026-03-18T11:34:13.7717145Z Nested mountpoint 
2026-03-18T11:34:14.5874932Z State: Starting, Action: CreatingContainer, LastError: ContainerTimeout, LastErrorTimestamp: 03/18/2026 11:32:46, LastErrorDetails: Container did not start within expected time limit of 1800s. Please inspect your container logs for more details., Details: Finished pulling container image and mounting volumes for careorbit-api-dev. Allocatinng the rest of the container resources to finish container creation., DetailsLevel: INFO
2026-03-18T11:34:14.6361285Z Creating container.
2026-03-18T11:34:14.6362429Z Creating pipes for streaming container io.
2026-03-18T11:34:14.6370742Z Creating stdout named pipe at /podr/container/pipe/770cbe57b418_careorbit-api-dev/stdout_621d517dbc8241f089574de477bdf858.
2026-03-18T11:34:14.6735935Z Successfully created stdout named pipe at: /podr/container/pipe/770cbe57b418_careorbit-api-dev/stdout_621d517dbc8241f089574de477bdf858.
2026-03-18T11:34:14.6737489Z Opening named pipe /podr/container/pipe/770cbe57b418_careorbit-api-dev/stdout_621d517dbc8241f089574de477bdf858 for reading in non-blocking mode.
2026-03-18T11:34:14.6741545Z Successfully opened named pipe: /podr/container/pipe/770cbe57b418_careorbit-api-dev/stdout_621d517dbc8241f089574de477bdf858.
2026-03-18T11:34:14.6742744Z Successfully removed non-blocking flag from /podr/container/pipe/770cbe57b418_careorbit-api-dev/stdout_621d517dbc8241f089574de477bdf858.
2026-03-18T11:34:14.6744753Z Creating stderr named pipe at /podr/container/pipe/770cbe57b418_careorbit-api-dev/stderr_f642b87d0f20460b97d8df2b5029ea6a.
2026-03-18T11:34:14.6746400Z Successfully created stderr named pipe at: /podr/container/pipe/770cbe57b418_careorbit-api-dev/stderr_f642b87d0f20460b97d8df2b5029ea6a.
2026-03-18T11:34:14.6747399Z Opening named pipe /podr/container/pipe/770cbe57b418_careorbit-api-dev/stderr_f642b87d0f20460b97d8df2b5029ea6a for reading in non-blocking mode.
2026-03-18T11:34:14.6751614Z Successfully opened named pipe: /podr/container/pipe/770cbe57b418_careorbit-api-dev/stderr_f642b87d0f20460b97d8df2b5029ea6a.
2026-03-18T11:34:14.6752762Z Successfully removed non-blocking flag from /podr/container/pipe/770cbe57b418_careorbit-api-dev/stderr_f642b87d0f20460b97d8df2b5029ea6a.
2026-03-18T11:34:14.6981087Z Creating container with image: appsvc/python:3.12_20260203.2.tuxprod from registry: 10.1.0.4:13209 and fully qualified image name: 10.1.0.4:13209/appsvc/python:3.12_20260203.2.tuxprod
2026-03-18T11:34:15.9338272Z Starting container: 770cbe57b418_careorbit-api-dev.
2026-03-18T11:34:16.1587339Z Starting watchers and probes.
2026-03-18T11:34:16.1884370Z Starting metrics collection.
2026-03-18T11:34:16.1977375Z Container is running.
2026-03-18T11:34:16.2371359Z State: Starting, Action: CreatingContainer, LastError: ContainerTimeout, LastErrorTimestamp: 03/18/2026 11:32:46, LastErrorDetails: Container did not start within expected time limit of 1800s. Please inspect your container logs for more details., Details: Container careorbit-api-dev successfully created and is running., DetailsLevel: INFO
2026-03-18T11:34:16.7360787Z Container start method finished after 3981 ms.
2026-03-18T11:34:16.7444860Z State: Starting, Action: InitiatingSiteWarmUpProbe, LastError: ContainerTimeout, LastErrorTimestamp: 03/18/2026 11:32:46, LastErrorDetails: Container did not start within expected time limit of 1800s. Please inspect your container logs for more details., Details: Container careorbit-api-dev successfully created and is running., DetailsLevel: INFO
2026-03-18T11:34:16.7445567Z State: Starting, Action: WaitingForSiteWarmUpProbeSuccess, LastError: ContainerTimeout, LastErrorTimestamp: 03/18/2026 11:32:46, LastErrorDetails: Container did not start within expected time limit of 1800s. Please inspect your container logs for more details., Details: Pinging warmup path to ensure container is ready to receive requests., DetailsLevel: INFO
2026-03-18T11:35:28.2381475Z Site startup probe succeeded after 71.4918547 seconds.
2026-03-18T11:35:28.5190402Z State: Starting, Action: WarmUpProbeSucceeded, LastError: ContainerTimeout, LastErrorTimestamp: 03/18/2026 11:32:46, LastErrorDetails: Container did not start within expected time limit of 1800s. Please inspect your container logs for more details., Details: Site startup probe succeeded after 71.4918547 seconds., DetailsLevel: INFO
2026-03-18T11:35:28.7260909Z State: Starting, Action: StartingAuthContainer, LastError: ContainerTimeout, LastErrorTimestamp: 03/18/2026 11:32:46, LastErrorDetails: Container did not start within expected time limit of 1800s. Please inspect your container logs for more details., Details: Site startup probe succeeded after 71.4918547 seconds., DetailsLevel: INFO
2026-03-18T11:35:37.9050074Z Site is running with deployment version: b65176a2-bde6-4077-9a18-33ac7b8bbda4
2026-03-18T11:35:37.9199043Z Site started.
2026-03-18T11:35:37.9274421Z State: Started, Action: None, LastError: ContainerTimeout, LastErrorTimestamp: 03/18/2026 11:32:46, LastErrorDetails: Container did not start within expected time limit of 1800s. Please inspect your container logs for more details., Details: Site started at 03/18/2026 11:35:37 (UTC), DetailsLevel: INFO
2026-03-18T11:35:38.0577393Z Site is running with patch version PYTHON 3.12.12
2026-03-18T11:35:45.3599197Z State: Starting, Action: EstablishingSiteNetworks, LastError: , LastErrorTimestamp: 01/01/0001 00:00:00, LastErrorDetails: , Details: , DetailsLevel: INFO
2026-03-18T11:35:47.2289176Z State: Starting, Action: EstablishingSiteNetworks, LastError: SiteStartupCancelled, LastErrorTimestamp: 03/18/2026 11:35:47, LastErrorDetails: , Details: , DetailsLevel: WARN
2026-03-18T11:35:47.2755930Z State: Stopping, Action: StoppingSite, LastError: SiteStartupCancelled, LastErrorTimestamp: 03/18/2026 11:35:47, LastErrorDetails: , Details: , DetailsLevel: WARN
2026-03-18T11:35:47.2759129Z State: Stopping, Action: StoppingSiteContainers, LastError: SiteStartupCancelled, LastErrorTimestamp: 03/18/2026 11:35:47, LastErrorDetails: , Details: , DetailsLevel: WARN
2026-03-18T11:35:47.2759287Z Site: careorbit-api-dev stopped.
2026-03-18T11:36:07.8321773Z State: Stopping, Action: StoppingSite, LastError: ContainerTimeout, LastErrorTimestamp: 03/18/2026 11:32:46, LastErrorDetails: Container did not start within expected time limit of 1800s. Please inspect your container logs for more details., Details: Site started at 03/18/2026 11:35:37 (UTC), DetailsLevel: INFO
2026-03-18T11:36:07.8326248Z State: Stopping, Action: StoppingSiteContainers, LastError: ContainerTimeout, LastErrorTimestamp: 03/18/2026 11:32:46, LastErrorDetails: Container did not start within expected time limit of 1800s. Please inspect your container logs for more details., Details: Site started at 03/18/2026 11:35:37 (UTC), DetailsLevel: INFO
2026-03-18T11:36:07.8327647Z Container is terminating. Grace period: 5 seconds.
2026-03-18T11:36:07.8677421Z Stop and delete container. Retry count = 0
2026-03-18T11:36:07.8683981Z Stopping container: 770cbe57b418_careorbit-api-dev.
2026-03-18T11:36:13.0923880Z Deleting container: 770cbe57b418_careorbit-api-dev. Retry count = 0
2026-03-18T11:36:13.9948762Z Container spec TerminationMessagePolicy  path 
2026-03-18T11:36:13.9970262Z Container is terminated. Total time elapsed: 6163 ms.
2026-03-18T11:36:13.9972664Z Site: careorbit-api-dev stopped.
2026-03-18T11:36:37.7603417Z State: Starting, Action: EstablishingSiteNetworks, LastError: SiteStartupCancelled, LastErrorTimestamp: 03/18/2026 11:35:47, LastErrorDetails: , Details: Site stopped at 03/18/2026 11:35:47 (UTC), DetailsLevel: WARN
2026-03-18T11:36:42.3051719Z State: Starting, Action: StartingSiteContainers, LastError: SiteStartupCancelled, LastErrorTimestamp: 03/18/2026 11:35:47, LastErrorDetails: , Details: Site stopped at 03/18/2026 11:35:47 (UTC), DetailsLevel: WARN
2026-03-18T11:36:42.3053069Z Container start method called.
2026-03-18T11:36:42.3053721Z State: Starting, Action: PullingImage, LastError: SiteStartupCancelled, LastErrorTimestamp: 03/18/2026 11:35:47, LastErrorDetails: , Details: Pulling image 10.1.0.4:13209/appsvc/python:3.12_20260203.2.tuxprod for careorbit-api-dev., DetailsLevel: INFO
2026-03-18T11:36:42.3054788Z Establishing network.
2026-03-18T11:36:42.3055995Z Pulling image: appsvc/python:3.12_20260203.2.tuxprod.
2026-03-18T11:36:42.7190131Z Container is starting.
2026-03-18T11:36:42.7260888Z State: Starting, Action: MountingVolumes, LastError: SiteStartupCancelled, LastErrorTimestamp: 03/18/2026 11:35:47, LastErrorDetails: , Details: Mounting volumes for careorbit-api-dev., DetailsLevel: INFO
2026-03-18T11:36:42.7278117Z Establishing user namespace if not established already.
2026-03-18T11:36:42.7281342Z Establishing network if not established already.
2026-03-18T11:36:42.7290110Z Mounting volumes.
2026-03-18T11:36:42.7384629Z Nested mountpoint 
2026-03-18T11:36:42.8189805Z Nested mountpoint volatile/logs
2026-03-18T11:36:43.0883854Z Nested mountpoint 
2026-03-18T11:36:43.2415982Z Nested mountpoint 
2026-03-18T11:36:43.3277855Z Nested mountpoint 
2026-03-18T11:36:43.8727180Z State: Starting, Action: CreatingContainer, LastError: SiteStartupCancelled, LastErrorTimestamp: 03/18/2026 11:35:47, LastErrorDetails: , Details: Finished pulling container image and mounting volumes for careorbit-api-dev. Allocatinng the rest of the container resources to finish container creation., DetailsLevel: INFO
2026-03-18T11:36:43.8728191Z Creating container.
2026-03-18T11:36:43.8728963Z Creating pipes for streaming container io.
2026-03-18T11:36:43.8729707Z Creating stdout named pipe at /podr/container/pipe/cfa593641d62_careorbit-api-dev/stdout_2682d0b31b45421c8db6c94e24e8a0e6.
2026-03-18T11:36:43.9023888Z Successfully created stdout named pipe at: /podr/container/pipe/cfa593641d62_careorbit-api-dev/stdout_2682d0b31b45421c8db6c94e24e8a0e6.
2026-03-18T11:36:43.9025454Z Opening named pipe /podr/container/pipe/cfa593641d62_careorbit-api-dev/stdout_2682d0b31b45421c8db6c94e24e8a0e6 for reading in non-blocking mode.
2026-03-18T11:36:43.9026812Z Successfully opened named pipe: /podr/container/pipe/cfa593641d62_careorbit-api-dev/stdout_2682d0b31b45421c8db6c94e24e8a0e6.
2026-03-18T11:36:43.9027889Z Successfully removed non-blocking flag from /podr/container/pipe/cfa593641d62_careorbit-api-dev/stdout_2682d0b31b45421c8db6c94e24e8a0e6.
2026-03-18T11:36:43.9329536Z Creating stderr named pipe at /podr/container/pipe/cfa593641d62_careorbit-api-dev/stderr_b2e111a68b4c477a8d597b7e3cc134e2.
2026-03-18T11:36:43.9331637Z Successfully created stderr named pipe at: /podr/container/pipe/cfa593641d62_careorbit-api-dev/stderr_b2e111a68b4c477a8d597b7e3cc134e2.
2026-03-18T11:36:43.9332461Z Opening named pipe /podr/container/pipe/cfa593641d62_careorbit-api-dev/stderr_b2e111a68b4c477a8d597b7e3cc134e2 for reading in non-blocking mode.
2026-03-18T11:36:43.9333377Z Successfully opened named pipe: /podr/container/pipe/cfa593641d62_careorbit-api-dev/stderr_b2e111a68b4c477a8d597b7e3cc134e2.
2026-03-18T11:36:43.9334058Z Successfully removed non-blocking flag from /podr/container/pipe/cfa593641d62_careorbit-api-dev/stderr_b2e111a68b4c477a8d597b7e3cc134e2.
2026-03-18T11:36:43.9895511Z Creating container with image: appsvc/python:3.12_20260203.2.tuxprod from registry: 10.1.0.4:13209 and fully qualified image name: 10.1.0.4:13209/appsvc/python:3.12_20260203.2.tuxprod
2026-03-18T11:36:44.6435101Z Starting container: cfa593641d62_careorbit-api-dev.
2026-03-18T11:36:44.7097732Z Starting watchers and probes.
2026-03-18T11:36:44.7182299Z Starting metrics collection.
2026-03-18T11:36:44.7589371Z Container is running.
2026-03-18T11:36:44.7590534Z State: Starting, Action: CreatingContainer, LastError: SiteStartupCancelled, LastErrorTimestamp: 03/18/2026 11:35:47, LastErrorDetails: , Details: Container careorbit-api-dev successfully created and is running., DetailsLevel: INFO
2026-03-18T11:36:45.1748045Z Container start method finished after 2847 ms.
2026-03-18T11:36:45.1860377Z State: Starting, Action: InitiatingSiteWarmUpProbe, LastError: SiteStartupCancelled, LastErrorTimestamp: 03/18/2026 11:35:47, LastErrorDetails: , Details: Container careorbit-api-dev successfully created and is running., DetailsLevel: INFO
2026-03-18T11:36:45.1863295Z State: Starting, Action: WaitingForSiteWarmUpProbeSuccess, LastError: SiteStartupCancelled, LastErrorTimestamp: 03/18/2026 11:35:47, LastErrorDetails: , Details: Pinging warmup path to ensure container is ready to receive requests., DetailsLevel: INFO
2026-03-18T11:38:19.9757209Z Site startup probe succeeded after 94.7874248 seconds.
2026-03-18T11:38:20.2869788Z State: Starting, Action: WarmUpProbeSucceeded, LastError: SiteStartupCancelled, LastErrorTimestamp: 03/18/2026 11:35:47, LastErrorDetails: , Details: Site startup probe succeeded after 94.7874248 seconds., DetailsLevel: INFO
2026-03-18T11:38:20.7232578Z State: Starting, Action: StartingAuthContainer, LastError: SiteStartupCancelled, LastErrorTimestamp: 03/18/2026 11:35:47, LastErrorDetails: , Details: Site startup probe succeeded after 94.7874248 seconds., DetailsLevel: INFO
2026-03-18T11:38:35.2782756Z Site is running with deployment version: b65176a2-bde6-4077-9a18-33ac7b8bbda4
2026-03-18T11:38:35.3020750Z Site started.
2026-03-18T11:38:35.4025650Z State: Started, Action: None, LastError: SiteStartupCancelled, LastErrorTimestamp: 03/18/2026 11:35:47, LastErrorDetails: , Details: Site started at 03/18/2026 11:38:35 (UTC), DetailsLevel: INFO
2026-03-18T11:38:35.4715509Z Site is running with patch version PYTHON 3.12.12
2026-03-18T12:36:23.1424940Z State: Starting, Action: EstablishingSiteNetworks, LastError: , LastErrorTimestamp: 01/01/0001 00:00:00, LastErrorDetails: , Details: , DetailsLevel: INFO
2026-03-18T12:36:31.5252260Z State: Starting, Action: StartingSiteContainers, LastError: , LastErrorTimestamp: 01/01/0001 00:00:00, LastErrorDetails: , Details: , DetailsLevel: INFO
2026-03-18T12:36:31.5465979Z Container start method called.
2026-03-18T12:36:31.5471300Z State: Starting, Action: PullingImage, LastError: , LastErrorTimestamp: 01/01/0001 00:00:00, LastErrorDetails: , Details: Pulling image 10.1.0.5:13209/appsvc/python:3.12_20260203.2.tuxprod for careorbit-api-dev., DetailsLevel: INFO
2026-03-18T12:36:31.5556085Z Establishing network.
2026-03-18T12:36:31.5558274Z Pulling image: appsvc/python:3.12_20260203.2.tuxprod.
2026-03-18T12:36:32.6009591Z Container is starting.
2026-03-18T12:36:32.6069979Z State: Starting, Action: MountingVolumes, LastError: , LastErrorTimestamp: 01/01/0001 00:00:00, LastErrorDetails: , Details: Mounting volumes for careorbit-api-dev., DetailsLevel: INFO
2026-03-18T12:36:32.6086629Z Establishing user namespace if not established already.
2026-03-18T12:36:32.6159878Z Establishing network if not established already.
2026-03-18T12:36:32.6161481Z Mounting volumes.
2026-03-18T12:36:32.6253358Z Nested mountpoint 
2026-03-18T12:36:32.6853668Z Nested mountpoint volatile/logs
2026-03-18T12:36:32.7968541Z Nested mountpoint 
2026-03-18T12:36:32.9193849Z Nested mountpoint 
2026-03-18T12:36:32.9572709Z Nested mountpoint 
2026-03-18T12:36:33.6091878Z State: Starting, Action: CreatingContainer, LastError: , LastErrorTimestamp: 01/01/0001 00:00:00, LastErrorDetails: , Details: Finished pulling container image and mounting volumes for careorbit-api-dev. Allocatinng the rest of the container resources to finish container creation., DetailsLevel: INFO
2026-03-18T12:36:33.6170889Z Creating container.
2026-03-18T12:36:33.6172690Z Creating pipes for streaming container io.
2026-03-18T12:36:33.6179702Z Creating stdout named pipe at /podr/container/pipe/09aa57c8ed84_careorbit-api-dev/stdout_6c6a2bd2eb334064b421a54ddb6b59c8.
2026-03-18T12:36:33.6559819Z Successfully created stdout named pipe at: /podr/container/pipe/09aa57c8ed84_careorbit-api-dev/stdout_6c6a2bd2eb334064b421a54ddb6b59c8.
2026-03-18T12:36:33.6571699Z Opening named pipe /podr/container/pipe/09aa57c8ed84_careorbit-api-dev/stdout_6c6a2bd2eb334064b421a54ddb6b59c8 for reading in non-blocking mode.
2026-03-18T12:36:33.6946100Z Successfully opened named pipe: /podr/container/pipe/09aa57c8ed84_careorbit-api-dev/stdout_6c6a2bd2eb334064b421a54ddb6b59c8.
2026-03-18T12:36:33.7051672Z Successfully removed non-blocking flag from /podr/container/pipe/09aa57c8ed84_careorbit-api-dev/stdout_6c6a2bd2eb334064b421a54ddb6b59c8.
2026-03-18T12:36:33.7759401Z Creating stderr named pipe at /podr/container/pipe/09aa57c8ed84_careorbit-api-dev/stderr_944decdcbd884627b0d2346b533fb88b.
2026-03-18T12:36:33.8483402Z Successfully created stderr named pipe at: /podr/container/pipe/09aa57c8ed84_careorbit-api-dev/stderr_944decdcbd884627b0d2346b533fb88b.
2026-03-18T12:36:33.8487448Z Opening named pipe /podr/container/pipe/09aa57c8ed84_careorbit-api-dev/stderr_944decdcbd884627b0d2346b533fb88b for reading in non-blocking mode.
2026-03-18T12:36:33.8658923Z Successfully opened named pipe: /podr/container/pipe/09aa57c8ed84_careorbit-api-dev/stderr_944decdcbd884627b0d2346b533fb88b.
2026-03-18T12:36:33.8667665Z Successfully removed non-blocking flag from /podr/container/pipe/09aa57c8ed84_careorbit-api-dev/stderr_944decdcbd884627b0d2346b533fb88b.
2026-03-18T12:36:33.8772049Z Creating container with image: appsvc/python:3.12_20260203.2.tuxprod from registry: 10.1.0.5:13209 and fully qualified image name: 10.1.0.5:13209/appsvc/python:3.12_20260203.2.tuxprod
2026-03-18T12:36:35.8883059Z Starting container: 09aa57c8ed84_careorbit-api-dev.
2026-03-18T12:36:36.0050184Z Starting watchers and probes.
2026-03-18T12:36:36.0362293Z Starting metrics collection.
2026-03-18T12:36:36.0455080Z Container is running.
2026-03-18T12:36:36.0456536Z State: Starting, Action: CreatingContainer, LastError: , LastErrorTimestamp: 01/01/0001 00:00:00, LastErrorDetails: , Details: Container careorbit-api-dev successfully created and is running., DetailsLevel: INFO
2026-03-18T12:36:36.5166860Z Container start method finished after 4969 ms.
2026-03-18T12:36:36.5242241Z State: Starting, Action: InitiatingSiteWarmUpProbe, LastError: , LastErrorTimestamp: 01/01/0001 00:00:00, LastErrorDetails: , Details: Container careorbit-api-dev successfully created and is running., DetailsLevel: INFO
2026-03-18T12:36:36.5247395Z State: Starting, Action: WaitingForSiteWarmUpProbeSuccess, LastError: , LastErrorTimestamp: 01/01/0001 00:00:00, LastErrorDetails: , Details: Pinging warmup path to ensure container is ready to receive requests., DetailsLevel: INFO
2026-03-18T12:38:39.8228528Z Site startup probe succeeded after 123.1315288 seconds.
2026-03-18T12:38:40.2044211Z State: Starting, Action: WarmUpProbeSucceeded, LastError: , LastErrorTimestamp: 01/01/0001 00:00:00, LastErrorDetails: , Details: Site startup probe succeeded after 123.1315288 seconds., DetailsLevel: INFO
2026-03-18T12:38:40.3966323Z State: Starting, Action: StartingAuthContainer, LastError: , LastErrorTimestamp: 01/01/0001 00:00:00, LastErrorDetails: , Details: Site startup probe succeeded after 123.1315288 seconds., DetailsLevel: INFO
2026-03-18T12:38:49.9970067Z Site is running with deployment version: b928396f-be2b-4867-84ae-0ae87a02d002
2026-03-18T12:38:49.9982399Z Site started.
2026-03-18T12:38:50.0241014Z State: Started, Action: None, LastError: , LastErrorTimestamp: 01/01/0001 00:00:00, LastErrorDetails: , Details: Site started at 03/18/2026 12:38:49 (UTC), DetailsLevel: INFO
2026-03-18T12:38:50.0373336Z Site is running with patch version PYTHON 3.12.12
2026-03-18T12:39:10.2149273Z State: Stopping, Action: StoppingSite, LastError: SiteStartupCancelled, LastErrorTimestamp: 03/18/2026 11:35:47, LastErrorDetails: , Details: Site started at 03/18/2026 11:38:35 (UTC), DetailsLevel: INFO
2026-03-18T12:39:10.2430550Z State: Stopping, Action: StoppingSiteContainers, LastError: SiteStartupCancelled, LastErrorTimestamp: 03/18/2026 11:35:47, LastErrorDetails: , Details: Site started at 03/18/2026 11:38:35 (UTC), DetailsLevel: INFO
2026-03-18T12:39:10.2502051Z Container is terminating. Grace period: 5 seconds.
2026-03-18T12:39:10.4091111Z Stop and delete container. Retry count = 0
2026-03-18T12:39:10.4094117Z Stopping container: cfa593641d62_careorbit-api-dev.
2026-03-18T12:39:16.9565915Z Deleting container: cfa593641d62_careorbit-api-dev. Retry count = 0
2026-03-18T12:39:24.3805636Z Container spec TerminationMessagePolicy  path 
2026-03-18T12:39:24.3816915Z Container is terminated. Total time elapsed: 14131 ms.
2026-03-18T12:39:24.4235896Z Site: careorbit-api-dev stopped.
2026-03-18T12:41:26.7464892Z State: Starting, Action: EstablishingSiteNetworks, LastError: , LastErrorTimestamp: 01/01/0001 00:00:00, LastErrorDetails: , Details: , DetailsLevel: INFO
2026-03-18T12:41:37.7903655Z State: Starting, Action: StartingSiteContainers, LastError: , LastErrorTimestamp: 01/01/0001 00:00:00, LastErrorDetails: , Details: , DetailsLevel: INFO
2026-03-18T12:41:37.7906145Z Container start method called.
2026-03-18T12:41:37.7906534Z State: Starting, Action: PullingImage, LastError: , LastErrorTimestamp: 01/01/0001 00:00:00, LastErrorDetails: , Details: Pulling image 10.1.0.4:13209/appsvc/python:3.12_20260203.2.tuxprod for careorbit-api-dev., DetailsLevel: INFO
2026-03-18T12:41:37.7907345Z Establishing network.
2026-03-18T12:41:37.7908156Z Pulling image: appsvc/python:3.12_20260203.2.tuxprod.
2026-03-18T12:41:40.1386506Z Container is starting.
2026-03-18T12:41:40.1387523Z State: Starting, Action: MountingVolumes, LastError: , LastErrorTimestamp: 01/01/0001 00:00:00, LastErrorDetails: , Details: Mounting volumes for careorbit-api-dev., DetailsLevel: INFO
2026-03-18T12:41:40.1388296Z Establishing user namespace if not established already.
2026-03-18T12:41:40.1389107Z Establishing network if not established already.
2026-03-18T12:41:40.1389999Z Mounting volumes.
2026-03-18T12:41:40.1391277Z Nested mountpoint 
2026-03-18T12:41:40.4534277Z Nested mountpoint volatile/logs
2026-03-18T12:41:40.5657556Z Nested mountpoint 
2026-03-18T12:41:40.5737101Z Nested mountpoint 
2026-03-18T12:41:40.5821731Z Nested mountpoint 
2026-03-18T12:41:44.1926247Z State: Starting, Action: CreatingContainer, LastError: , LastErrorTimestamp: 01/01/0001 00:00:00, LastErrorDetails: , Details: Finished pulling container image and mounting volumes for careorbit-api-dev. Allocatinng the rest of the container resources to finish container creation., DetailsLevel: INFO
2026-03-18T12:41:44.2864271Z Creating container.
2026-03-18T12:41:44.2952980Z Creating pipes for streaming container io.
2026-03-18T12:41:44.2959093Z Creating stdout named pipe at /podr/container/pipe/3a7a73d762b5_careorbit-api-dev/stdout_1210656f74c84232af2e352bdcb1af38.
2026-03-18T12:41:44.3176883Z Successfully created stdout named pipe at: /podr/container/pipe/3a7a73d762b5_careorbit-api-dev/stdout_1210656f74c84232af2e352bdcb1af38.
2026-03-18T12:41:44.4015009Z Opening named pipe /podr/container/pipe/3a7a73d762b5_careorbit-api-dev/stdout_1210656f74c84232af2e352bdcb1af38 for reading in non-blocking mode.
2026-03-18T12:41:44.4642886Z Successfully opened named pipe: /podr/container/pipe/3a7a73d762b5_careorbit-api-dev/stdout_1210656f74c84232af2e352bdcb1af38.
2026-03-18T12:41:44.4668483Z Successfully removed non-blocking flag from /podr/container/pipe/3a7a73d762b5_careorbit-api-dev/stdout_1210656f74c84232af2e352bdcb1af38.
2026-03-18T12:41:44.5055925Z Creating stderr named pipe at /podr/container/pipe/3a7a73d762b5_careorbit-api-dev/stderr_06550905f03f4efdab42a04711f8f0a2.
2026-03-18T12:41:44.5057933Z Successfully created stderr named pipe at: /podr/container/pipe/3a7a73d762b5_careorbit-api-dev/stderr_06550905f03f4efdab42a04711f8f0a2.
2026-03-18T12:41:44.5058650Z Opening named pipe /podr/container/pipe/3a7a73d762b5_careorbit-api-dev/stderr_06550905f03f4efdab42a04711f8f0a2 for reading in non-blocking mode.
2026-03-18T12:41:44.5059601Z Successfully opened named pipe: /podr/container/pipe/3a7a73d762b5_careorbit-api-dev/stderr_06550905f03f4efdab42a04711f8f0a2.
2026-03-18T12:41:44.5060307Z Successfully removed non-blocking flag from /podr/container/pipe/3a7a73d762b5_careorbit-api-dev/stderr_06550905f03f4efdab42a04711f8f0a2.
2026-03-18T12:41:44.5384417Z Creating container with image: appsvc/python:3.12_20260203.2.tuxprod from registry: 10.1.0.4:13209 and fully qualified image name: 10.1.0.4:13209/appsvc/python:3.12_20260203.2.tuxprod
2026-03-18T12:41:47.0752721Z Starting container: 3a7a73d762b5_careorbit-api-dev.
2026-03-18T12:41:47.4703675Z Starting watchers and probes.
2026-03-18T12:41:47.6785413Z Starting metrics collection.
2026-03-18T12:41:47.6985138Z Container is running.
2026-03-18T12:41:47.6986206Z State: Starting, Action: CreatingContainer, LastError: , LastErrorTimestamp: 01/01/0001 00:00:00, LastErrorDetails: , Details: Container careorbit-api-dev successfully created and is running., DetailsLevel: INFO
2026-03-18T12:41:49.0664982Z Container start method finished after 11275 ms.
2026-03-18T12:41:49.0667112Z State: Starting, Action: InitiatingSiteWarmUpProbe, LastError: , LastErrorTimestamp: 01/01/0001 00:00:00, LastErrorDetails: , Details: Container careorbit-api-dev successfully created and is running., DetailsLevel: INFO
2026-03-18T12:41:49.0667294Z State: Starting, Action: WaitingForSiteWarmUpProbeSuccess, LastError: , LastErrorTimestamp: 01/01/0001 00:00:00, LastErrorDetails: , Details: Pinging warmup path to ensure container is ready to receive requests., DetailsLevel: INFO
2026-03-18T12:43:55.1882187Z Site startup probe failed after 125.8023086 seconds.
2026-03-18T12:43:57.2540680Z State: Starting, Action: WaitingForSiteWarmUpProbeSuccess, LastError: ContainerTimeout, LastErrorTimestamp: 03/18/2026 12:43:57, LastErrorDetails: Container did not start within expected time limit of 1800s. Please inspect your container logs for more details., Details: Pinging warmup path to ensure container is ready to receive requests., DetailsLevel: ERR
2026-03-18T12:43:57.6556920Z Failed to start site. Revert by stopping site.
2026-03-18T12:43:57.9981794Z State: Stopping, Action: StoppingSite, LastError: ContainerTimeout, LastErrorTimestamp: 03/18/2026 12:43:57, LastErrorDetails: Container did not start within expected time limit of 1800s. Please inspect your container logs for more details., Details: Pinging warmup path to ensure container is ready to receive requests., DetailsLevel: ERR
2026-03-18T12:43:58.0487701Z State: Stopping, Action: StoppingSiteContainers, LastError: ContainerTimeout, LastErrorTimestamp: 03/18/2026 12:43:57, LastErrorDetails: Container did not start within expected time limit of 1800s. Please inspect your container logs for more details., Details: Pinging warmup path to ensure container is ready to receive requests., DetailsLevel: ERR
2026-03-18T12:43:58.0490897Z Container is terminating. Grace period: 5 seconds.
2026-03-18T12:43:58.8679351Z Stop and delete container. Retry count = 0
2026-03-18T12:43:58.9191310Z Stopping container: 3a7a73d762b5_careorbit-api-dev.
2026-03-18T12:44:04.9735597Z Deleting container: 3a7a73d762b5_careorbit-api-dev. Retry count = 0
2026-03-18T12:44:07.4806790Z Container spec TerminationMessagePolicy  path 
2026-03-18T12:44:07.4808289Z Container is terminated. Total time elapsed: 9431 ms.
2026-03-18T12:44:07.4809049Z Site container: careorbit-api-dev terminated during site startup.
2026-03-18T12:44:07.4896909Z State: Stopping, Action: CancellingStartup, LastError: ContainerTimeout, LastErrorTimestamp: 03/18/2026 12:43:57, LastErrorDetails: Container did not start within expected time limit of 1800s. Please inspect your container logs for more details., Details: Site container: careorbit-api-dev terminated during site startup. Cancelling site startup., DetailsLevel: ERR
2026-03-18T12:44:07.4913646Z Site: careorbit-api-dev stopped.
2026-03-18T12:44:37.0414293Z State: Stopping, Action: StoppingSite, LastError: SiteStartupCancelled, LastErrorTimestamp: 03/18/2026 11:35:47, LastErrorDetails: , Details: Site started at 03/18/2026 12:38:49 (UTC), DetailsLevel: INFO
2026-03-18T12:44:37.0511086Z State: Stopping, Action: StoppingSiteContainers, LastError: SiteStartupCancelled, LastErrorTimestamp: 03/18/2026 11:35:47, LastErrorDetails: , Details: Site started at 03/18/2026 12:38:49 (UTC), DetailsLevel: INFO
2026-03-18T12:44:37.0516696Z Container is terminating. Grace period: 5 seconds.
2026-03-18T12:44:37.1061323Z Stop and delete container. Retry count = 0
2026-03-18T12:44:37.1063240Z Stopping container: 09aa57c8ed84_careorbit-api-dev.
2026-03-18T12:44:43.8269571Z Deleting container: 09aa57c8ed84_careorbit-api-dev. Retry count = 0
2026-03-18T12:44:48.2047965Z Container spec TerminationMessagePolicy  path 
2026-03-18T12:44:48.2051464Z Container is terminated. Total time elapsed: 11153 ms.
2026-03-18T12:44:48.2053215Z Site: careorbit-api-dev stopped.
2026-03-18T12:45:34.0880358Z State: Starting, Action: EstablishingSiteNetworks, LastError: ContainerTimeout, LastErrorTimestamp: 03/18/2026 12:43:57, LastErrorDetails: Container did not start within expected time limit of 1800s. Please inspect your container logs for more details., Details: Site stopped at 03/18/2026 12:44:15 (UTC), DetailsLevel: ERR
2026-03-18T12:45:37.9514989Z State: Starting, Action: StartingSiteContainers, LastError: ContainerTimeout, LastErrorTimestamp: 03/18/2026 12:43:57, LastErrorDetails: Container did not start within expected time limit of 1800s. Please inspect your container logs for more details., Details: Site stopped at 03/18/2026 12:44:15 (UTC), DetailsLevel: ERR
2026-03-18T12:45:37.9803805Z Container start method called.
2026-03-18T12:45:37.9814312Z State: Starting, Action: PullingImage, LastError: ContainerTimeout, LastErrorTimestamp: 03/18/2026 12:43:57, LastErrorDetails: Container did not start within expected time limit of 1800s. Please inspect your container logs for more details., Details: Pulling image 10.1.0.4:13209/appsvc/python:3.12_20260203.2.tuxprod for careorbit-api-dev., DetailsLevel: INFO
2026-03-18T12:45:38.0147676Z Establishing network.
2026-03-18T12:45:38.0150388Z Pulling image: appsvc/python:3.12_20260203.2.tuxprod.
2026-03-18T12:45:39.2016938Z Container is starting.
2026-03-18T12:45:39.2596858Z State: Starting, Action: MountingVolumes, LastError: ContainerTimeout, LastErrorTimestamp: 03/18/2026 12:43:57, LastErrorDetails: Container did not start within expected time limit of 1800s. Please inspect your container logs for more details., Details: Mounting volumes for careorbit-api-dev., DetailsLevel: INFO
2026-03-18T12:45:39.2603135Z Establishing user namespace if not established already.
2026-03-18T12:45:39.2606899Z Establishing network if not established already.
2026-03-18T12:45:39.2687428Z Mounting volumes.
2026-03-18T12:45:39.3723651Z Nested mountpoint 
2026-03-18T12:45:39.4446993Z Nested mountpoint volatile/logs
2026-03-18T12:45:39.5154637Z Nested mountpoint 
2026-03-18T12:45:39.5353501Z Nested mountpoint 
2026-03-18T12:45:39.5543097Z Nested mountpoint 
2026-03-18T12:45:41.3678562Z State: Starting, Action: CreatingContainer, LastError: ContainerTimeout, LastErrorTimestamp: 03/18/2026 12:43:57, LastErrorDetails: Container did not start within expected time limit of 1800s. Please inspect your container logs for more details., Details: Finished pulling container image and mounting volumes for careorbit-api-dev. Allocatinng the rest of the container resources to finish container creation., DetailsLevel: INFO
2026-03-18T12:45:41.3688449Z Creating container.
2026-03-18T12:45:41.4569983Z Creating pipes for streaming container io.
2026-03-18T12:45:41.4571989Z Creating stdout named pipe at /podr/container/pipe/05c8cfef8bcf_careorbit-api-dev/stdout_ea9eacb73b924040a35004325b8000c3.
2026-03-18T12:45:41.5272899Z Successfully created stdout named pipe at: /podr/container/pipe/05c8cfef8bcf_careorbit-api-dev/stdout_ea9eacb73b924040a35004325b8000c3.
2026-03-18T12:45:41.5485513Z Opening named pipe /podr/container/pipe/05c8cfef8bcf_careorbit-api-dev/stdout_ea9eacb73b924040a35004325b8000c3 for reading in non-blocking mode.
2026-03-18T12:45:41.5594625Z Successfully opened named pipe: /podr/container/pipe/05c8cfef8bcf_careorbit-api-dev/stdout_ea9eacb73b924040a35004325b8000c3.
2026-03-18T12:45:41.5769600Z Successfully removed non-blocking flag from /podr/container/pipe/05c8cfef8bcf_careorbit-api-dev/stdout_ea9eacb73b924040a35004325b8000c3.
2026-03-18T12:45:41.6373732Z Creating stderr named pipe at /podr/container/pipe/05c8cfef8bcf_careorbit-api-dev/stderr_55e091ce5cbd46f4a999eac3ea228320.
2026-03-18T12:45:41.6383178Z Successfully created stderr named pipe at: /podr/container/pipe/05c8cfef8bcf_careorbit-api-dev/stderr_55e091ce5cbd46f4a999eac3ea228320.
2026-03-18T12:45:41.6955905Z Opening named pipe /podr/container/pipe/05c8cfef8bcf_careorbit-api-dev/stderr_55e091ce5cbd46f4a999eac3ea228320 for reading in non-blocking mode.
2026-03-18T12:45:41.6969692Z Successfully opened named pipe: /podr/container/pipe/05c8cfef8bcf_careorbit-api-dev/stderr_55e091ce5cbd46f4a999eac3ea228320.
2026-03-18T12:45:41.6970650Z Successfully removed non-blocking flag from /podr/container/pipe/05c8cfef8bcf_careorbit-api-dev/stderr_55e091ce5cbd46f4a999eac3ea228320.
2026-03-18T12:45:41.7060736Z Creating container with image: appsvc/python:3.12_20260203.2.tuxprod from registry: 10.1.0.4:13209 and fully qualified image name: 10.1.0.4:13209/appsvc/python:3.12_20260203.2.tuxprod
2026-03-18T12:45:44.6827775Z Starting container: 05c8cfef8bcf_careorbit-api-dev.
2026-03-18T12:45:45.7699522Z Starting watchers and probes.
2026-03-18T12:45:45.9050051Z Starting metrics collection.
2026-03-18T12:45:45.9054426Z Container is running.
2026-03-18T12:45:45.9213833Z State: Starting, Action: CreatingContainer, LastError: ContainerTimeout, LastErrorTimestamp: 03/18/2026 12:43:57, LastErrorDetails: Container did not start within expected time limit of 1800s. Please inspect your container logs for more details., Details: Container careorbit-api-dev successfully created and is running., DetailsLevel: INFO
2026-03-18T12:45:46.6714447Z Container start method finished after 8647 ms.
2026-03-18T12:45:46.6800997Z State: Starting, Action: InitiatingSiteWarmUpProbe, LastError: ContainerTimeout, LastErrorTimestamp: 03/18/2026 12:43:57, LastErrorDetails: Container did not start within expected time limit of 1800s. Please inspect your container logs for more details., Details: Container careorbit-api-dev successfully created and is running., DetailsLevel: INFO
2026-03-18T12:45:46.6801681Z State: Starting, Action: WaitingForSiteWarmUpProbeSuccess, LastError: ContainerTimeout, LastErrorTimestamp: 03/18/2026 12:43:57, LastErrorDetails: Container did not start within expected time limit of 1800s. Please inspect your container logs for more details., Details: Pinging warmup path to ensure container is ready to receive requests., DetailsLevel: INFO
2026-03-18T12:47:48.5144324Z Site startup probe succeeded after 121.8160366 seconds.
2026-03-18T12:47:48.6965891Z State: Starting, Action: WarmUpProbeSucceeded, LastError: ContainerTimeout, LastErrorTimestamp: 03/18/2026 12:43:57, LastErrorDetails: Container did not start within expected time limit of 1800s. Please inspect your container logs for more details., Details: Site startup probe succeeded after 121.8160366 seconds., DetailsLevel: INFO
2026-03-18T12:47:48.8659793Z Site is running with deployment version: b928396f-be2b-4867-84ae-0ae87a02d002
2026-03-18T12:47:48.8786595Z Site started.
2026-03-18T12:47:48.8799397Z State: Started, Action: None, LastError: ContainerTimeout, LastErrorTimestamp: 03/18/2026 12:43:57, LastErrorDetails: Container did not start within expected time limit of 1800s. Please inspect your container logs for more details., Details: Site started at 03/18/2026 12:47:48 (UTC), DetailsLevel: INFO
2026-03-18T12:47:48.9526484Z Site is running with patch version PYTHON 3.12.12
2026-03-18T12:53:38.8619722Z State: Starting, Action: EstablishingSiteNetworks, LastError: , LastErrorTimestamp: 01/01/0001 00:00:00, LastErrorDetails: , Details: , DetailsLevel: INFO
2026-03-18T12:53:41.9965163Z State: Starting, Action: StartingSiteContainers, LastError: , LastErrorTimestamp: 01/01/0001 00:00:00, LastErrorDetails: , Details: , DetailsLevel: INFO
2026-03-18T12:53:42.0490830Z Container start method called.
2026-03-18T12:53:42.0885781Z State: Starting, Action: PullingImage, LastError: , LastErrorTimestamp: 01/01/0001 00:00:00, LastErrorDetails: , Details: Pulling image 10.1.0.4:13209/appsvc/python:3.12_20260203.2.tuxprod for careorbit-api-dev., DetailsLevel: INFO
2026-03-18T12:53:42.0900125Z Establishing network.
2026-03-18T12:53:42.1098624Z Pulling image: appsvc/python:3.12_20260203.2.tuxprod.
2026-03-18T12:53:43.0954104Z Container is starting.
2026-03-18T12:53:43.1010328Z State: Starting, Action: MountingVolumes, LastError: , LastErrorTimestamp: 01/01/0001 00:00:00, LastErrorDetails: , Details: Mounting volumes for careorbit-api-dev., DetailsLevel: INFO
2026-03-18T12:53:43.1020710Z Establishing user namespace if not established already.
2026-03-18T12:53:43.1021863Z Establishing network if not established already.
2026-03-18T12:53:43.1022781Z Mounting volumes.
2026-03-18T12:53:43.1170075Z Nested mountpoint 
2026-03-18T12:53:43.1506033Z Nested mountpoint volatile/logs
2026-03-18T12:53:43.2351453Z Nested mountpoint 
2026-03-18T12:53:43.4328497Z Nested mountpoint 
2026-03-18T12:53:43.5436277Z Nested mountpoint 
2026-03-18T12:53:44.0728368Z State: Starting, Action: CreatingContainer, LastError: , LastErrorTimestamp: 01/01/0001 00:00:00, LastErrorDetails: , Details: Finished pulling container image and mounting volumes for careorbit-api-dev. Allocatinng the rest of the container resources to finish container creation., DetailsLevel: INFO
2026-03-18T12:53:44.0813469Z Creating container.
2026-03-18T12:53:44.0823103Z Creating pipes for streaming container io.
2026-03-18T12:53:44.0882876Z Creating stdout named pipe at /podr/container/pipe/1eca702e2f26_careorbit-api-dev/stdout_ebd758d926474ab3955664215a8f0aab.
2026-03-18T12:53:44.0973377Z Successfully created stdout named pipe at: /podr/container/pipe/1eca702e2f26_careorbit-api-dev/stdout_ebd758d926474ab3955664215a8f0aab.
2026-03-18T12:53:44.0985073Z Opening named pipe /podr/container/pipe/1eca702e2f26_careorbit-api-dev/stdout_ebd758d926474ab3955664215a8f0aab for reading in non-blocking mode.
2026-03-18T12:53:44.0992147Z Successfully opened named pipe: /podr/container/pipe/1eca702e2f26_careorbit-api-dev/stdout_ebd758d926474ab3955664215a8f0aab.
2026-03-18T12:53:44.1078698Z Successfully removed non-blocking flag from /podr/container/pipe/1eca702e2f26_careorbit-api-dev/stdout_ebd758d926474ab3955664215a8f0aab.
2026-03-18T12:53:44.1088759Z Creating stderr named pipe at /podr/container/pipe/1eca702e2f26_careorbit-api-dev/stderr_19d9f4668a224eaeb680e5bc142d7078.
2026-03-18T12:53:44.1187150Z Successfully created stderr named pipe at: /podr/container/pipe/1eca702e2f26_careorbit-api-dev/stderr_19d9f4668a224eaeb680e5bc142d7078.
2026-03-18T12:53:44.1267982Z Opening named pipe /podr/container/pipe/1eca702e2f26_careorbit-api-dev/stderr_19d9f4668a224eaeb680e5bc142d7078 for reading in non-blocking mode.
2026-03-18T12:53:44.1340946Z Successfully opened named pipe: /podr/container/pipe/1eca702e2f26_careorbit-api-dev/stderr_19d9f4668a224eaeb680e5bc142d7078.
2026-03-18T12:53:44.1398612Z Successfully removed non-blocking flag from /podr/container/pipe/1eca702e2f26_careorbit-api-dev/stderr_19d9f4668a224eaeb680e5bc142d7078.
2026-03-18T12:53:44.1866698Z Creating container with image: appsvc/python:3.12_20260203.2.tuxprod from registry: 10.1.0.4:13209 and fully qualified image name: 10.1.0.4:13209/appsvc/python:3.12_20260203.2.tuxprod
2026-03-18T12:53:45.1369047Z Starting container: 1eca702e2f26_careorbit-api-dev.
2026-03-18T12:53:45.2545179Z Starting watchers and probes.
2026-03-18T12:53:45.2574919Z Starting metrics collection.
2026-03-18T12:53:45.2657616Z Container is running.
2026-03-18T12:53:45.2666006Z State: Starting, Action: CreatingContainer, LastError: , LastErrorTimestamp: 01/01/0001 00:00:00, LastErrorDetails: , Details: Container careorbit-api-dev successfully created and is running., DetailsLevel: INFO
2026-03-18T12:53:45.9012791Z Container start method finished after 3851 ms.
2026-03-18T12:53:45.9488148Z State: Starting, Action: InitiatingSiteWarmUpProbe, LastError: , LastErrorTimestamp: 01/01/0001 00:00:00, LastErrorDetails: , Details: Container careorbit-api-dev successfully created and is running., DetailsLevel: INFO
2026-03-18T12:53:45.9488640Z State: Starting, Action: WaitingForSiteWarmUpProbeSuccess, LastError: , LastErrorTimestamp: 01/01/0001 00:00:00, LastErrorDetails: , Details: Pinging warmup path to ensure container is ready to receive requests., DetailsLevel: INFO
2026-03-18T12:54:59.8000038Z Site startup probe succeeded after 73.5884906 seconds.
2026-03-18T12:55:00.0299395Z State: Starting, Action: WarmUpProbeSucceeded, LastError: , LastErrorTimestamp: 01/01/0001 00:00:00, LastErrorDetails: , Details: Site startup probe succeeded after 73.5884906 seconds., DetailsLevel: INFO
2026-03-18T12:55:00.1146031Z Site is running with deployment version: d2baa184-7773-4a09-8cb1-9d1dab4bbb5d
2026-03-18T12:55:00.1254465Z Site started.
2026-03-18T12:55:00.1302894Z State: Started, Action: None, LastError: , LastErrorTimestamp: 01/01/0001 00:00:00, LastErrorDetails: , Details: Site started at 03/18/2026 12:55:00 (UTC), DetailsLevel: INFO
2026-03-18T12:55:00.1318910Z Site is running with patch version PYTHON 3.12.12
2026-03-18T12:55:20.2128927Z State: Stopping, Action: StoppingSite, LastError: ContainerTimeout, LastErrorTimestamp: 03/18/2026 12:43:57, LastErrorDetails: Container did not start within expected time limit of 1800s. Please inspect your container logs for more details., Details: Site started at 03/18/2026 12:47:48 (UTC), DetailsLevel: INFO
2026-03-18T12:55:20.2324948Z State: Stopping, Action: StoppingSiteContainers, LastError: ContainerTimeout, LastErrorTimestamp: 03/18/2026 12:43:57, LastErrorDetails: Container did not start within expected time limit of 1800s. Please inspect your container logs for more details., Details: Site started at 03/18/2026 12:47:48 (UTC), DetailsLevel: INFO
2026-03-18T12:55:20.2541440Z Container is terminating. Grace period: 5 seconds.
2026-03-18T12:55:20.6533107Z Stop and delete container. Retry count = 0
2026-03-18T12:55:20.6535954Z Stopping container: 05c8cfef8bcf_careorbit-api-dev.
2026-03-18T12:55:26.2518642Z Deleting container: 05c8cfef8bcf_careorbit-api-dev. Retry count = 0
2026-03-18T12:55:29.3325299Z Container spec TerminationMessagePolicy  path 
2026-03-18T12:55:29.3420106Z Container is terminated. Total time elapsed: 9079 ms.
2026-03-18T12:55:29.3517761Z Site: careorbit-api-dev stopped.
2026-03-18T13:06:42.5189449Z State: Starting, Action: EstablishingSiteNetworks, LastError: , LastErrorTimestamp: 01/01/0001 00:00:00, LastErrorDetails: , Details: , DetailsLevel: INFO
2026-03-18T13:06:45.8273292Z State: Starting, Action: StartingSiteContainers, LastError: , LastErrorTimestamp: 01/01/0001 00:00:00, LastErrorDetails: , Details: , DetailsLevel: INFO
2026-03-18T13:06:45.8276400Z Container start method called.
2026-03-18T13:06:45.8276937Z State: Starting, Action: PullingImage, LastError: , LastErrorTimestamp: 01/01/0001 00:00:00, LastErrorDetails: , Details: Pulling image 10.1.0.4:13209/appsvc/python:3.12_20260203.2.tuxprod for careorbit-api-dev., DetailsLevel: INFO
2026-03-18T13:06:45.8277718Z Establishing network.
2026-03-18T13:06:45.8278737Z Pulling image: appsvc/python:3.12_20260203.2.tuxprod.
2026-03-18T13:06:46.6225186Z Container is starting.
2026-03-18T13:06:46.6227011Z State: Starting, Action: MountingVolumes, LastError: , LastErrorTimestamp: 01/01/0001 00:00:00, LastErrorDetails: , Details: Mounting volumes for careorbit-api-dev., DetailsLevel: INFO
2026-03-18T13:06:46.6230073Z Establishing user namespace if not established already.
2026-03-18T13:06:46.6232194Z Establishing network if not established already.
2026-03-18T13:06:46.6234104Z Mounting volumes.
2026-03-18T13:06:46.6236276Z Nested mountpoint 
2026-03-18T13:06:46.6782325Z Nested mountpoint volatile/logs
2026-03-18T13:06:46.7690196Z Nested mountpoint 
2026-03-18T13:06:46.7785979Z Nested mountpoint 
2026-03-18T13:06:46.8292078Z Nested mountpoint 
2026-03-18T13:06:47.4535514Z State: Starting, Action: CreatingContainer, LastError: , LastErrorTimestamp: 01/01/0001 00:00:00, LastErrorDetails: , Details: Finished pulling container image and mounting volumes for careorbit-api-dev. Allocatinng the rest of the container resources to finish container creation., DetailsLevel: INFO
2026-03-18T13:06:47.4540097Z Creating container.
2026-03-18T13:06:47.4564875Z Creating pipes for streaming container io.
2026-03-18T13:06:47.4566532Z Creating stdout named pipe at /podr/container/pipe/2a5974fbb682_careorbit-api-dev/stdout_9df48bc44f2e4856865d27faf101d840.
2026-03-18T13:06:47.4736552Z Successfully created stdout named pipe at: /podr/container/pipe/2a5974fbb682_careorbit-api-dev/stdout_9df48bc44f2e4856865d27faf101d840.
2026-03-18T13:06:47.4738633Z Opening named pipe /podr/container/pipe/2a5974fbb682_careorbit-api-dev/stdout_9df48bc44f2e4856865d27faf101d840 for reading in non-blocking mode.
2026-03-18T13:06:47.4741987Z Successfully opened named pipe: /podr/container/pipe/2a5974fbb682_careorbit-api-dev/stdout_9df48bc44f2e4856865d27faf101d840.
2026-03-18T13:06:47.4868644Z Successfully removed non-blocking flag from /podr/container/pipe/2a5974fbb682_careorbit-api-dev/stdout_9df48bc44f2e4856865d27faf101d840.
2026-03-18T13:06:47.4870717Z Creating stderr named pipe at /podr/container/pipe/2a5974fbb682_careorbit-api-dev/stderr_1faf1d8f05ec48c3b2178f0a85d60db0.
2026-03-18T13:06:47.4872162Z Successfully created stderr named pipe at: /podr/container/pipe/2a5974fbb682_careorbit-api-dev/stderr_1faf1d8f05ec48c3b2178f0a85d60db0.
2026-03-18T13:06:47.5021708Z Opening named pipe /podr/container/pipe/2a5974fbb682_careorbit-api-dev/stderr_1faf1d8f05ec48c3b2178f0a85d60db0 for reading in non-blocking mode.
2026-03-18T13:06:47.5023264Z Successfully opened named pipe: /podr/container/pipe/2a5974fbb682_careorbit-api-dev/stderr_1faf1d8f05ec48c3b2178f0a85d60db0.
2026-03-18T13:06:47.5024020Z Successfully removed non-blocking flag from /podr/container/pipe/2a5974fbb682_careorbit-api-dev/stderr_1faf1d8f05ec48c3b2178f0a85d60db0.
2026-03-18T13:06:47.5025295Z Creating container with image: appsvc/python:3.12_20260203.2.tuxprod from registry: 10.1.0.4:13209 and fully qualified image name: 10.1.0.4:13209/appsvc/python:3.12_20260203.2.tuxprod
2026-03-18T13:06:48.4816490Z Starting container: 2a5974fbb682_careorbit-api-dev.
2026-03-18T13:06:48.6809802Z Starting watchers and probes.
2026-03-18T13:06:48.7006376Z Starting metrics collection.
2026-03-18T13:06:48.7205522Z Container is running.
2026-03-18T13:06:48.7217937Z State: Starting, Action: CreatingContainer, LastError: , LastErrorTimestamp: 01/01/0001 00:00:00, LastErrorDetails: , Details: Container careorbit-api-dev successfully created and is running., DetailsLevel: INFO
2026-03-18T13:06:49.0770027Z Container start method finished after 3249 ms.
2026-03-18T13:06:49.0772035Z State: Starting, Action: InitiatingSiteWarmUpProbe, LastError: , LastErrorTimestamp: 01/01/0001 00:00:00, LastErrorDetails: , Details: Container careorbit-api-dev successfully created and is running., DetailsLevel: INFO
2026-03-18T13:06:49.0772382Z State: Starting, Action: WaitingForSiteWarmUpProbeSuccess, LastError: , LastErrorTimestamp: 01/01/0001 00:00:00, LastErrorDetails: , Details: Pinging warmup path to ensure container is ready to receive requests., DetailsLevel: INFO
2026-03-18T13:08:12.5569542Z Container has finished running with exit code: 1.
2026-03-18T13:08:12.5581516Z Container is terminating. Grace period: 5 seconds.
2026-03-18T13:08:12.5773615Z Stop and delete container. Retry count = 0
2026-03-18T13:08:12.5784888Z Stopping container: 2a5974fbb682_careorbit-api-dev.
2026-03-18T13:08:13.1864667Z Deleting container: 2a5974fbb682_careorbit-api-dev. Retry count = 0
2026-03-18T13:08:13.7643348Z Container spec TerminationMessagePolicy  path 
2026-03-18T13:08:13.7848497Z Container is terminated. Total time elapsed: 1217 ms.
2026-03-18T13:08:13.7860007Z Site container: careorbit-api-dev terminated during site startup.
2026-03-18T13:08:13.8166458Z State: Stopping, Action: CancellingStartup, LastError: , LastErrorTimestamp: 01/01/0001 00:00:00, LastErrorDetails: , Details: Site container: careorbit-api-dev terminated during site startup. Cancelling site startup., DetailsLevel: ERR
2026-03-18T13:08:13.8964170Z Site startup probe failed after 84.6925506 seconds.
2026-03-18T13:08:14.2774345Z State: Stopping, Action: CancellingStartup, LastError: ContainerTimeout, LastErrorTimestamp: 03/18/2026 13:08:14, LastErrorDetails: Container did not start within expected time limit of 1800s. Please inspect your container logs for more details., Details: Site container: careorbit-api-dev terminated during site startup. Cancelling site startup., DetailsLevel: ERR
2026-03-18T13:08:14.3221041Z Failed to start site. Revert by stopping site.
2026-03-18T13:08:14.3268592Z State: Stopping, Action: StoppingSite, LastError: ContainerTimeout, LastErrorTimestamp: 03/18/2026 13:08:14, LastErrorDetails: Container did not start within expected time limit of 1800s. Please inspect your container logs for more details., Details: Site container: careorbit-api-dev terminated during site startup. Cancelling site startup., DetailsLevel: ERR
2026-03-18T13:08:14.3271903Z State: Stopping, Action: StoppingSiteContainers, LastError: ContainerTimeout, LastErrorTimestamp: 03/18/2026 13:08:14, LastErrorDetails: Container did not start within expected time limit of 1800s. Please inspect your container logs for more details., Details: Site container: careorbit-api-dev terminated during site startup. Cancelling site startup., DetailsLevel: ERR
2026-03-18T13:08:14.3272038Z Site: careorbit-api-dev stopped.
2026-03-18T13:08:36.4294096Z State: Stopping, Action: StoppingSite, LastError: ContainerTimeout, LastErrorTimestamp: 03/18/2026 12:43:57, LastErrorDetails: Container did not start within expected time limit of 1800s. Please inspect your container logs for more details., Details: Site started at 03/18/2026 12:55:00 (UTC), DetailsLevel: INFO
2026-03-18T13:08:36.4580796Z State: Stopping, Action: StoppingSiteContainers, LastError: ContainerTimeout, LastErrorTimestamp: 03/18/2026 12:43:57, LastErrorDetails: Container did not start within expected time limit of 1800s. Please inspect your container logs for more details., Details: Site started at 03/18/2026 12:55:00 (UTC), DetailsLevel: INFO
2026-03-18T13:08:36.4587513Z Container is terminating. Grace period: 5 seconds.
2026-03-18T13:08:36.5719841Z Stop and delete container. Retry count = 0
2026-03-18T13:08:36.5721188Z Stopping container: 1eca702e2f26_careorbit-api-dev.
2026-03-18T13:08:41.8997181Z Deleting container: 1eca702e2f26_careorbit-api-dev. Retry count = 0
2026-03-18T13:08:43.8768183Z Container spec TerminationMessagePolicy  path 
2026-03-18T13:08:43.9064368Z Container is terminated. Total time elapsed: 7446 ms.
2026-03-18T13:08:43.9070356Z Site: careorbit-api-dev stopped.
2026-03-18T13:08:14.3471546Z State: Stopping, Action: UnmountingVolumes, LastError: ContainerTimeout, LastErrorTimestamp: 03/18/2026 13:08:14, LastErrorDetails: Container did not start within expected time limit of 1800s. Please inspect your container logs for more details., Details: Site container: careorbit-api-dev terminated during site startup. Cancelling site startup., DetailsLevel: ERR
2026-03-18T13:08:15.2265875Z State: Stopping, Action: StoppingSiteNetworks, LastError: ContainerTimeout, LastErrorTimestamp: 03/18/2026 13:08:14, LastErrorDetails: Container did not start within expected time limit of 1800s. Please inspect your container logs for more details., Details: Site container: careorbit-api-dev terminated during site startup. Cancelling site startup., DetailsLevel: ERR
2026-03-18T13:08:15.8754385Z State: Stopped, Action: None, LastError: ContainerTimeout, LastErrorTimestamp: 03/18/2026 13:08:14, LastErrorDetails: Container did not start within expected time limit of 1800s. Please inspect your container logs for more details., Details: Site stopped at 03/18/2026 13:08:15 (UTC), DetailsLevel: ERR
2026-03-18T13:08:15.8972469Z State: Stopped, Action: None, LastError: ContainerTimeout, LastErrorTimestamp: 03/18/2026 13:08:14, LastErrorDetails: Container did not start within expected time limit of 1800s. Please inspect your container logs for more details., Details: Site stopped at 03/18/2026 13:08:15 (UTC), DetailsLevel: ERR
2026-03-18T13:09:23.3748660Z State: Starting, Action: EstablishingSiteNetworks, LastError: ContainerTimeout, LastErrorTimestamp: 03/18/2026 13:08:14, LastErrorDetails: Container did not start within expected time limit of 1800s. Please inspect your container logs for more details., Details: Site stopped at 03/18/2026 13:08:15 (UTC), DetailsLevel: ERR
2026-03-18T13:09:25.8274590Z State: Starting, Action: StartingSiteContainers, LastError: ContainerTimeout, LastErrorTimestamp: 03/18/2026 13:08:14, LastErrorDetails: Container did not start within expected time limit of 1800s. Please inspect your container logs for more details., Details: Site stopped at 03/18/2026 13:08:15 (UTC), DetailsLevel: ERR
2026-03-18T13:09:25.8373669Z Container start method called.
2026-03-18T13:09:25.8463667Z State: Starting, Action: PullingImage, LastError: ContainerTimeout, LastErrorTimestamp: 03/18/2026 13:08:14, LastErrorDetails: Container did not start within expected time limit of 1800s. Please inspect your container logs for more details., Details: Pulling image 10.1.0.4:13209/appsvc/python:3.12_20260203.2.tuxprod for careorbit-api-dev., DetailsLevel: INFO
2026-03-18T13:09:25.8482248Z Establishing network.
2026-03-18T13:09:25.8573071Z Pulling image: appsvc/python:3.12_20260203.2.tuxprod.
2026-03-18T13:09:26.3735383Z Container is starting.
2026-03-18T13:09:26.3736803Z State: Starting, Action: MountingVolumes, LastError: ContainerTimeout, LastErrorTimestamp: 03/18/2026 13:08:14, LastErrorDetails: Container did not start within expected time limit of 1800s. Please inspect your container logs for more details., Details: Mounting volumes for careorbit-api-dev., DetailsLevel: INFO
2026-03-18T13:09:26.3741876Z Establishing user namespace if not established already.
2026-03-18T13:09:26.3751133Z Establishing network if not established already.
2026-03-18T13:09:26.3752562Z Mounting volumes.
2026-03-18T13:09:26.4031228Z Nested mountpoint 
2026-03-18T13:09:26.4450081Z Nested mountpoint volatile/logs
2026-03-18T13:09:26.5449951Z Nested mountpoint 
2026-03-18T13:09:26.6437549Z Nested mountpoint 
2026-03-18T13:09:26.6534918Z Nested mountpoint 
2026-03-18T13:09:27.3239256Z State: Starting, Action: CreatingContainer, LastError: ContainerTimeout, LastErrorTimestamp: 03/18/2026 13:08:14, LastErrorDetails: Container did not start within expected time limit of 1800s. Please inspect your container logs for more details., Details: Finished pulling container image and mounting volumes for careorbit-api-dev. Allocatinng the rest of the container resources to finish container creation., DetailsLevel: INFO
2026-03-18T13:09:27.3327081Z Creating container.
2026-03-18T13:09:27.3340416Z Creating pipes for streaming container io.
2026-03-18T13:09:27.3355767Z Creating stdout named pipe at /podr/container/pipe/eb12f042ddd6_careorbit-api-dev/stdout_d49d0e64dee341d68690020800b5ec25.
2026-03-18T13:09:27.3479580Z Successfully created stdout named pipe at: /podr/container/pipe/eb12f042ddd6_careorbit-api-dev/stdout_d49d0e64dee341d68690020800b5ec25.
2026-03-18T13:09:27.3486859Z Opening named pipe /podr/container/pipe/eb12f042ddd6_careorbit-api-dev/stdout_d49d0e64dee341d68690020800b5ec25 for reading in non-blocking mode.
2026-03-18T13:09:27.3534676Z Successfully opened named pipe: /podr/container/pipe/eb12f042ddd6_careorbit-api-dev/stdout_d49d0e64dee341d68690020800b5ec25.
2026-03-18T13:09:27.3545309Z Successfully removed non-blocking flag from /podr/container/pipe/eb12f042ddd6_careorbit-api-dev/stdout_d49d0e64dee341d68690020800b5ec25.
2026-03-18T13:09:27.3628703Z Creating stderr named pipe at /podr/container/pipe/eb12f042ddd6_careorbit-api-dev/stderr_80d0affb5e154209840b91396bc721a2.
2026-03-18T13:09:27.3634877Z Successfully created stderr named pipe at: /podr/container/pipe/eb12f042ddd6_careorbit-api-dev/stderr_80d0affb5e154209840b91396bc721a2.
2026-03-18T13:09:27.3643132Z Opening named pipe /podr/container/pipe/eb12f042ddd6_careorbit-api-dev/stderr_80d0affb5e154209840b91396bc721a2 for reading in non-blocking mode.
2026-03-18T13:09:27.3647340Z Successfully opened named pipe: /podr/container/pipe/eb12f042ddd6_careorbit-api-dev/stderr_80d0affb5e154209840b91396bc721a2.
2026-03-18T13:09:27.3652963Z Successfully removed non-blocking flag from /podr/container/pipe/eb12f042ddd6_careorbit-api-dev/stderr_80d0affb5e154209840b91396bc721a2.
2026-03-18T13:09:27.3745233Z Creating container with image: appsvc/python:3.12_20260203.2.tuxprod from registry: 10.1.0.4:13209 and fully qualified image name: 10.1.0.4:13209/appsvc/python:3.12_20260203.2.tuxprod
2026-03-18T13:09:28.5770514Z Starting container: eb12f042ddd6_careorbit-api-dev.
2026-03-18T13:09:28.6971482Z Starting watchers and probes.
2026-03-18T13:09:28.7135727Z Starting metrics collection.
2026-03-18T13:09:28.7147013Z Container is running.
2026-03-18T13:09:28.7281826Z State: Starting, Action: CreatingContainer, LastError: ContainerTimeout, LastErrorTimestamp: 03/18/2026 13:08:14, LastErrorDetails: Container did not start within expected time limit of 1800s. Please inspect your container logs for more details., Details: Container careorbit-api-dev successfully created and is running., DetailsLevel: INFO
2026-03-18T13:09:28.9813442Z Container start method finished after 3142 ms.
2026-03-18T13:09:28.9815843Z State: Starting, Action: InitiatingSiteWarmUpProbe, LastError: ContainerTimeout, LastErrorTimestamp: 03/18/2026 13:08:14, LastErrorDetails: Container did not start within expected time limit of 1800s. Please inspect your container logs for more details., Details: Container careorbit-api-dev successfully created and is running., DetailsLevel: INFO
2026-03-18T13:09:28.9816358Z State: Starting, Action: WaitingForSiteWarmUpProbeSuccess, LastError: ContainerTimeout, LastErrorTimestamp: 03/18/2026 13:08:14, LastErrorDetails: Container did not start within expected time limit of 1800s. Please inspect your container logs for more details., Details: Pinging warmup path to ensure container is ready to receive requests., DetailsLevel: INFO
2026-03-18T13:11:34.8000808Z Site startup probe succeeded after 125.6628289 seconds.
2026-03-18T13:11:34.9796161Z State: Starting, Action: WarmUpProbeSucceeded, LastError: ContainerTimeout, LastErrorTimestamp: 03/18/2026 13:08:14, LastErrorDetails: Container did not start within expected time limit of 1800s. Please inspect your container logs for more details., Details: Site startup probe succeeded after 125.6628289 seconds., DetailsLevel: INFO
2026-03-18T13:11:35.0696951Z Site is running with deployment version: 854ef597-ab0b-4937-84aa-1fb58f53750b
2026-03-18T13:11:35.0713922Z Site started.
2026-03-18T13:11:35.0802492Z State: Started, Action: None, LastError: ContainerTimeout, LastErrorTimestamp: 03/18/2026 13:08:14, LastErrorDetails: Container did not start within expected time limit of 1800s. Please inspect your container logs for more details., Details: Site started at 03/18/2026 13:11:35 (UTC), DetailsLevel: INFO
2026-03-18T13:11:35.1413772Z Site is running with patch version PYTHON 3.12.12
2026-03-18T13:25:17.7504333Z State: Starting, Action: EstablishingSiteNetworks, LastError: , LastErrorTimestamp: 01/01/0001 00:00:00, LastErrorDetails: , Details: , DetailsLevel: INFO
2026-03-18T13:25:21.5024074Z State: Starting, Action: StartingSiteContainers, LastError: , LastErrorTimestamp: 01/01/0001 00:00:00, LastErrorDetails: , Details: , DetailsLevel: INFO
2026-03-18T13:25:21.5025820Z Container start method called.
2026-03-18T13:25:21.5027616Z State: Starting, Action: PullingImage, LastError: , LastErrorTimestamp: 01/01/0001 00:00:00, LastErrorDetails: , Details: Pulling image 10.1.0.4:13209/appsvc/python:3.12_20260203.2.tuxprod for careorbit-api-dev., DetailsLevel: INFO
2026-03-18T13:25:21.5032797Z Establishing network.
2026-03-18T13:25:21.5035347Z Pulling image: appsvc/python:3.12_20260203.2.tuxprod.
2026-03-18T13:25:22.1220868Z Container is starting.
2026-03-18T13:25:22.1481876Z State: Starting, Action: MountingVolumes, LastError: , LastErrorTimestamp: 01/01/0001 00:00:00, LastErrorDetails: , Details: Mounting volumes for careorbit-api-dev., DetailsLevel: INFO
2026-03-18T13:25:22.1626131Z Establishing user namespace if not established already.
2026-03-18T13:25:22.1629531Z Establishing network if not established already.
2026-03-18T13:25:22.1630654Z Mounting volumes.
2026-03-18T13:25:22.1631867Z Nested mountpoint 
2026-03-18T13:25:22.1852898Z Nested mountpoint volatile/logs
2026-03-18T13:25:22.2814217Z Nested mountpoint 
2026-03-18T13:25:22.3247027Z Nested mountpoint 
2026-03-18T13:25:22.4353029Z Nested mountpoint 
2026-03-18T13:25:25.1819684Z State: Starting, Action: CreatingContainer, LastError: , LastErrorTimestamp: 01/01/0001 00:00:00, LastErrorDetails: , Details: Finished pulling container image and mounting volumes for careorbit-api-dev. Allocatinng the rest of the container resources to finish container creation., DetailsLevel: INFO
2026-03-18T13:25:25.1820789Z Creating container.
2026-03-18T13:25:25.1821567Z Creating pipes for streaming container io.
2026-03-18T13:25:25.1822318Z Creating stdout named pipe at /podr/container/pipe/398737b9961b_careorbit-api-dev/stdout_6d18661d4515486b8317fe383c07fe54.
2026-03-18T13:25:25.2040876Z Successfully created stdout named pipe at: /podr/container/pipe/398737b9961b_careorbit-api-dev/stdout_6d18661d4515486b8317fe383c07fe54.
2026-03-18T13:25:25.3418647Z Opening named pipe /podr/container/pipe/398737b9961b_careorbit-api-dev/stdout_6d18661d4515486b8317fe383c07fe54 for reading in non-blocking mode.
2026-03-18T13:25:25.3422518Z Successfully opened named pipe: /podr/container/pipe/398737b9961b_careorbit-api-dev/stdout_6d18661d4515486b8317fe383c07fe54.
2026-03-18T13:25:25.3423616Z Successfully removed non-blocking flag from /podr/container/pipe/398737b9961b_careorbit-api-dev/stdout_6d18661d4515486b8317fe383c07fe54.
2026-03-18T13:25:25.3424825Z Creating stderr named pipe at /podr/container/pipe/398737b9961b_careorbit-api-dev/stderr_85f104c4d4f342578bc2b69af16cfbbc.
2026-03-18T13:25:25.3426200Z Successfully created stderr named pipe at: /podr/container/pipe/398737b9961b_careorbit-api-dev/stderr_85f104c4d4f342578bc2b69af16cfbbc.
2026-03-18T13:25:25.3426950Z Opening named pipe /podr/container/pipe/398737b9961b_careorbit-api-dev/stderr_85f104c4d4f342578bc2b69af16cfbbc for reading in non-blocking mode.
2026-03-18T13:25:25.3427783Z Successfully opened named pipe: /podr/container/pipe/398737b9961b_careorbit-api-dev/stderr_85f104c4d4f342578bc2b69af16cfbbc.
2026-03-18T13:25:25.3428636Z Successfully removed non-blocking flag from /podr/container/pipe/398737b9961b_careorbit-api-dev/stderr_85f104c4d4f342578bc2b69af16cfbbc.
2026-03-18T13:25:25.3429539Z Creating container with image: appsvc/python:3.12_20260203.2.tuxprod from registry: 10.1.0.4:13209 and fully qualified image name: 10.1.0.4:13209/appsvc/python:3.12_20260203.2.tuxprod
2026-03-18T13:25:27.9710435Z Starting container: 398737b9961b_careorbit-api-dev.
2026-03-18T13:25:28.6304158Z Starting watchers and probes.
2026-03-18T13:25:28.6306364Z Starting metrics collection.
2026-03-18T13:25:28.6779641Z Container is running.
2026-03-18T13:25:28.6782726Z State: Starting, Action: CreatingContainer, LastError: , LastErrorTimestamp: 01/01/0001 00:00:00, LastErrorDetails: , Details: Container careorbit-api-dev successfully created and is running., DetailsLevel: INFO
2026-03-18T13:25:29.0400089Z Container start method finished after 7537 ms.
2026-03-18T13:25:29.0403025Z State: Starting, Action: InitiatingSiteWarmUpProbe, LastError: , LastErrorTimestamp: 01/01/0001 00:00:00, LastErrorDetails: , Details: Container careorbit-api-dev successfully created and is running., DetailsLevel: INFO
2026-03-18T13:25:29.0403825Z State: Starting, Action: WaitingForSiteWarmUpProbeSuccess, LastError: , LastErrorTimestamp: 01/01/0001 00:00:00, LastErrorDetails: , Details: Pinging warmup path to ensure container is ready to receive requests., DetailsLevel: INFO
2026-03-18T13:28:20.4184181Z Site startup probe succeeded after 171.3748944 seconds.
2026-03-18T13:28:20.6521176Z State: Starting, Action: WarmUpProbeSucceeded, LastError: , LastErrorTimestamp: 01/01/0001 00:00:00, LastErrorDetails: , Details: Site startup probe succeeded after 171.3748944 seconds., DetailsLevel: INFO
2026-03-18T13:28:20.8600786Z Site is running with deployment version: d245ec9f-1908-4e4d-800f-8a276d6ceeda
2026-03-18T13:28:20.8683453Z Site started.
2026-03-18T13:28:20.8762450Z State: Started, Action: None, LastError: , LastErrorTimestamp: 01/01/0001 00:00:00, LastErrorDetails: , Details: Site started at 03/18/2026 13:28:20 (UTC), DetailsLevel: INFO
2026-03-18T13:28:20.8873090Z Site is running with patch version PYTHON 3.12.12
2026-03-18T13:28:41.0563945Z State: Stopping, Action: StoppingSite, LastError: ContainerTimeout, LastErrorTimestamp: 03/18/2026 13:08:14, LastErrorDetails: Container did not start within expected time limit of 1800s. Please inspect your container logs for more details., Details: Site started at 03/18/2026 13:11:35 (UTC), DetailsLevel: INFO
2026-03-18T13:28:41.0692359Z State: Stopping, Action: StoppingSiteContainers, LastError: ContainerTimeout, LastErrorTimestamp: 03/18/2026 13:08:14, LastErrorDetails: Container did not start within expected time limit of 1800s. Please inspect your container logs for more details., Details: Site started at 03/18/2026 13:11:35 (UTC), DetailsLevel: INFO
2026-03-18T13:28:41.0708767Z Container is terminating. Grace period: 5 seconds.
2026-03-18T13:28:41.1420699Z Stop and delete container. Retry count = 0
2026-03-18T13:28:41.1432580Z Stopping container: eb12f042ddd6_careorbit-api-dev.
2026-03-18T13:28:46.4258501Z Deleting container: eb12f042ddd6_careorbit-api-dev. Retry count = 0
2026-03-18T13:28:47.4690747Z Container spec TerminationMessagePolicy  path 
2026-03-18T13:28:47.4710986Z Container is terminated. Total time elapsed: 6394 ms.
2026-03-18T13:28:47.4712264Z Site: careorbit-api-dev stopped.
2026-03-18T14:19:02.1970844Z State: Starting, Action: EstablishingSiteNetworks, LastError: , LastErrorTimestamp: 01/01/0001 00:00:00, LastErrorDetails: , Details: , DetailsLevel: INFO
2026-03-18T14:19:06.2625233Z State: Starting, Action: StartingSiteContainers, LastError: , LastErrorTimestamp: 01/01/0001 00:00:00, LastErrorDetails: , Details: , DetailsLevel: INFO
2026-03-18T14:19:06.2707443Z Container start method called.
2026-03-18T14:19:06.2793203Z State: Starting, Action: PullingImage, LastError: , LastErrorTimestamp: 01/01/0001 00:00:00, LastErrorDetails: , Details: Pulling image 10.1.0.4:13209/appsvc/python:3.12_20260203.2.tuxprod for careorbit-api-dev., DetailsLevel: INFO
2026-03-18T14:19:06.2901642Z Establishing network.
2026-03-18T14:19:06.2905640Z Pulling image: appsvc/python:3.12_20260203.2.tuxprod.
2026-03-18T14:19:07.4008087Z Container is starting.
2026-03-18T14:19:07.4010063Z State: Starting, Action: MountingVolumes, LastError: , LastErrorTimestamp: 01/01/0001 00:00:00, LastErrorDetails: , Details: Mounting volumes for careorbit-api-dev., DetailsLevel: INFO
2026-03-18T14:19:07.4095230Z Establishing user namespace if not established already.
2026-03-18T14:19:07.4099932Z Establishing network if not established already.
2026-03-18T14:19:07.4112089Z Mounting volumes.
2026-03-18T14:19:07.4191592Z Nested mountpoint 
2026-03-18T14:19:07.4730998Z Nested mountpoint volatile/logs
2026-03-18T14:19:07.5232004Z Nested mountpoint 
2026-03-18T14:19:07.5827676Z Nested mountpoint 
2026-03-18T14:19:07.6031572Z Nested mountpoint 
2026-03-18T14:19:08.9910327Z State: Starting, Action: CreatingContainer, LastError: , LastErrorTimestamp: 01/01/0001 00:00:00, LastErrorDetails: , Details: Finished pulling container image and mounting volumes for careorbit-api-dev. Allocatinng the rest of the container resources to finish container creation., DetailsLevel: INFO
2026-03-18T14:19:08.9924461Z Creating container.
2026-03-18T14:19:08.9926075Z Creating pipes for streaming container io.
2026-03-18T14:19:08.9927295Z Creating stdout named pipe at /podr/container/pipe/fcdce8b6bb4d_careorbit-api-dev/stdout_236a1c86e319428ca5e48fe8f2451971.
2026-03-18T14:19:09.0480142Z Successfully created stdout named pipe at: /podr/container/pipe/fcdce8b6bb4d_careorbit-api-dev/stdout_236a1c86e319428ca5e48fe8f2451971.
2026-03-18T14:19:09.0490147Z Opening named pipe /podr/container/pipe/fcdce8b6bb4d_careorbit-api-dev/stdout_236a1c86e319428ca5e48fe8f2451971 for reading in non-blocking mode.
2026-03-18T14:19:09.0499976Z Successfully opened named pipe: /podr/container/pipe/fcdce8b6bb4d_careorbit-api-dev/stdout_236a1c86e319428ca5e48fe8f2451971.
2026-03-18T14:19:09.0502202Z Successfully removed non-blocking flag from /podr/container/pipe/fcdce8b6bb4d_careorbit-api-dev/stdout_236a1c86e319428ca5e48fe8f2451971.
2026-03-18T14:19:09.0994137Z Creating stderr named pipe at /podr/container/pipe/fcdce8b6bb4d_careorbit-api-dev/stderr_cb7b502f7bcf49eeb023977c6ca1e33c.
2026-03-18T14:19:09.0999475Z Successfully created stderr named pipe at: /podr/container/pipe/fcdce8b6bb4d_careorbit-api-dev/stderr_cb7b502f7bcf49eeb023977c6ca1e33c.
2026-03-18T14:19:09.1000787Z Opening named pipe /podr/container/pipe/fcdce8b6bb4d_careorbit-api-dev/stderr_cb7b502f7bcf49eeb023977c6ca1e33c for reading in non-blocking mode.
2026-03-18T14:19:09.1002344Z Successfully opened named pipe: /podr/container/pipe/fcdce8b6bb4d_careorbit-api-dev/stderr_cb7b502f7bcf49eeb023977c6ca1e33c.
2026-03-18T14:19:09.1010649Z Successfully removed non-blocking flag from /podr/container/pipe/fcdce8b6bb4d_careorbit-api-dev/stderr_cb7b502f7bcf49eeb023977c6ca1e33c.
2026-03-18T14:19:09.1566197Z Creating container with image: appsvc/python:3.12_20260203.2.tuxprod from registry: 10.1.0.4:13209 and fully qualified image name: 10.1.0.4:13209/appsvc/python:3.12_20260203.2.tuxprod
2026-03-18T14:19:10.2164993Z Starting container: fcdce8b6bb4d_careorbit-api-dev.
2026-03-18T14:19:10.3426449Z Starting watchers and probes.
2026-03-18T14:19:10.3632482Z Starting metrics collection.
2026-03-18T14:19:10.4032282Z Container is running.
2026-03-18T14:19:10.4877501Z State: Starting, Action: CreatingContainer, LastError: , LastErrorTimestamp: 01/01/0001 00:00:00, LastErrorDetails: , Details: Container careorbit-api-dev successfully created and is running., DetailsLevel: INFO
2026-03-18T14:19:11.0652321Z Container start method finished after 4786 ms.
2026-03-18T14:19:11.1063616Z State: Starting, Action: InitiatingSiteWarmUpProbe, LastError: , LastErrorTimestamp: 01/01/0001 00:00:00, LastErrorDetails: , Details: Container careorbit-api-dev successfully created and is running., DetailsLevel: INFO
2026-03-18T14:19:11.1071034Z State: Starting, Action: WaitingForSiteWarmUpProbeSuccess, LastError: , LastErrorTimestamp: 01/01/0001 00:00:00, LastErrorDetails: , Details: Pinging warmup path to ensure container is ready to receive requests., DetailsLevel: INFO
2026-03-18T14:21:31.3636710Z Site startup probe succeeded after 140.2546057 seconds.
2026-03-18T14:21:31.6197238Z State: Starting, Action: WarmUpProbeSucceeded, LastError: , LastErrorTimestamp: 01/01/0001 00:00:00, LastErrorDetails: , Details: Site startup probe succeeded after 140.2546057 seconds., DetailsLevel: INFO
2026-03-18T14:21:31.7025375Z Site is running with deployment version: 225fb5c3-5b4a-4749-8852-58947bfb8f19
2026-03-18T14:21:31.7033201Z Site started.
2026-03-18T14:21:31.7125371Z State: Started, Action: None, LastError: , LastErrorTimestamp: 01/01/0001 00:00:00, LastErrorDetails: , Details: Site started at 03/18/2026 14:21:31 (UTC), DetailsLevel: INFO
2026-03-18T14:21:31.7221116Z Site is running with patch version PYTHON 3.12.12
2026-03-18T14:21:51.8373430Z State: Stopping, Action: StoppingSite, LastError: ContainerTimeout, LastErrorTimestamp: 03/18/2026 13:08:14, LastErrorDetails: Container did not start within expected time limit of 1800s. Please inspect your container logs for more details., Details: Site started at 03/18/2026 13:28:20 (UTC), DetailsLevel: INFO
2026-03-18T14:21:51.8380350Z State: Stopping, Action: StoppingSiteContainers, LastError: ContainerTimeout, LastErrorTimestamp: 03/18/2026 13:08:14, LastErrorDetails: Container did not start within expected time limit of 1800s. Please inspect your container logs for more details., Details: Site started at 03/18/2026 13:28:20 (UTC), DetailsLevel: INFO
2026-03-18T14:21:51.8381571Z Container is terminating. Grace period: 5 seconds.
2026-03-18T14:21:51.8860242Z Stop and delete container. Retry count = 0
2026-03-18T14:21:51.8947705Z Stopping container: 398737b9961b_careorbit-api-dev.
2026-03-18T14:21:57.1083219Z Deleting container: 398737b9961b_careorbit-api-dev. Retry count = 0
2026-03-18T14:21:58.1371256Z Container spec TerminationMessagePolicy  path 
2026-03-18T14:21:58.1458062Z Container is terminated. Total time elapsed: 6299 ms.
2026-03-18T14:21:58.1465950Z Site: careorbit-api-dev stopped.
2026-03-18T14:33:07.0992448Z State: Starting, Action: EstablishingSiteNetworks, LastError: , LastErrorTimestamp: 01/01/0001 00:00:00, LastErrorDetails: , Details: , DetailsLevel: INFO
2026-03-18T14:33:10.6800893Z State: Starting, Action: StartingSiteContainers, LastError: , LastErrorTimestamp: 01/01/0001 00:00:00, LastErrorDetails: , Details: , DetailsLevel: INFO
2026-03-18T14:33:10.6892372Z Container start method called.
2026-03-18T14:33:10.6987616Z State: Starting, Action: PullingImage, LastError: , LastErrorTimestamp: 01/01/0001 00:00:00, LastErrorDetails: , Details: Pulling image 10.1.0.4:13209/appsvc/python:3.12_20260203.2.tuxprod for careorbit-api-dev., DetailsLevel: INFO
2026-03-18T14:33:10.6998830Z Establishing network.
2026-03-18T14:33:10.7007568Z Pulling image: appsvc/python:3.12_20260203.2.tuxprod.
2026-03-18T14:33:11.1874917Z Container is starting.
2026-03-18T14:33:11.1879179Z State: Starting, Action: MountingVolumes, LastError: , LastErrorTimestamp: 01/01/0001 00:00:00, LastErrorDetails: , Details: Mounting volumes for careorbit-api-dev., DetailsLevel: INFO
2026-03-18T14:33:11.1885949Z Establishing user namespace if not established already.
2026-03-18T14:33:11.1893146Z Establishing network if not established already.
2026-03-18T14:33:11.1969222Z Mounting volumes.
2026-03-18T14:33:11.1990576Z Nested mountpoint 
2026-03-18T14:33:11.2690890Z Nested mountpoint volatile/logs
2026-03-18T14:33:11.2971388Z Nested mountpoint 
2026-03-18T14:33:11.3870435Z Nested mountpoint 
2026-03-18T14:33:11.3881801Z Nested mountpoint 
2026-03-18T14:33:12.2207642Z State: Starting, Action: CreatingContainer, LastError: , LastErrorTimestamp: 01/01/0001 00:00:00, LastErrorDetails: , Details: Finished pulling container image and mounting volumes for careorbit-api-dev. Allocatinng the rest of the container resources to finish container creation., DetailsLevel: INFO
2026-03-18T14:33:12.2294647Z Creating container.
2026-03-18T14:33:12.2300193Z Creating pipes for streaming container io.
2026-03-18T14:33:12.2311088Z Creating stdout named pipe at /podr/container/pipe/c85abf1b093f_careorbit-api-dev/stdout_7199b2cea0ba475ca767fe435d60a699.
2026-03-18T14:33:12.2796879Z Successfully created stdout named pipe at: /podr/container/pipe/c85abf1b093f_careorbit-api-dev/stdout_7199b2cea0ba475ca767fe435d60a699.
2026-03-18T14:33:12.2799296Z Opening named pipe /podr/container/pipe/c85abf1b093f_careorbit-api-dev/stdout_7199b2cea0ba475ca767fe435d60a699 for reading in non-blocking mode.
2026-03-18T14:33:12.2800482Z Successfully opened named pipe: /podr/container/pipe/c85abf1b093f_careorbit-api-dev/stdout_7199b2cea0ba475ca767fe435d60a699.
2026-03-18T14:33:12.2808686Z Successfully removed non-blocking flag from /podr/container/pipe/c85abf1b093f_careorbit-api-dev/stdout_7199b2cea0ba475ca767fe435d60a699.
2026-03-18T14:33:12.3684441Z Creating stderr named pipe at /podr/container/pipe/c85abf1b093f_careorbit-api-dev/stderr_4284a2dea2b84d52a066d68337ecae53.
2026-03-18T14:33:12.3687291Z Successfully created stderr named pipe at: /podr/container/pipe/c85abf1b093f_careorbit-api-dev/stderr_4284a2dea2b84d52a066d68337ecae53.
2026-03-18T14:33:12.3688219Z Opening named pipe /podr/container/pipe/c85abf1b093f_careorbit-api-dev/stderr_4284a2dea2b84d52a066d68337ecae53 for reading in non-blocking mode.
2026-03-18T14:33:12.3689173Z Successfully opened named pipe: /podr/container/pipe/c85abf1b093f_careorbit-api-dev/stderr_4284a2dea2b84d52a066d68337ecae53.
2026-03-18T14:33:12.3689882Z Successfully removed non-blocking flag from /podr/container/pipe/c85abf1b093f_careorbit-api-dev/stderr_4284a2dea2b84d52a066d68337ecae53.
2026-03-18T14:33:12.3705221Z Creating container with image: appsvc/python:3.12_20260203.2.tuxprod from registry: 10.1.0.4:13209 and fully qualified image name: 10.1.0.4:13209/appsvc/python:3.12_20260203.2.tuxprod
2026-03-18T14:33:13.7422858Z Starting container: c85abf1b093f_careorbit-api-dev.
2026-03-18T14:33:13.9056491Z Starting watchers and probes.
2026-03-18T14:33:13.9206753Z Starting metrics collection.
2026-03-18T14:33:13.9542613Z Container is running.
2026-03-18T14:33:13.9547014Z State: Starting, Action: CreatingContainer, LastError: , LastErrorTimestamp: 01/01/0001 00:00:00, LastErrorDetails: , Details: Container careorbit-api-dev successfully created and is running., DetailsLevel: INFO
2026-03-18T14:33:14.2558027Z Container start method finished after 3565 ms.
2026-03-18T14:33:14.2738096Z State: Starting, Action: InitiatingSiteWarmUpProbe, LastError: , LastErrorTimestamp: 01/01/0001 00:00:00, LastErrorDetails: , Details: Container careorbit-api-dev successfully created and is running., DetailsLevel: INFO
2026-03-18T14:33:14.2742319Z State: Starting, Action: WaitingForSiteWarmUpProbeSuccess, LastError: , LastErrorTimestamp: 01/01/0001 00:00:00, LastErrorDetails: , Details: Pinging warmup path to ensure container is ready to receive requests., DetailsLevel: INFO
2026-03-18T14:34:17.6801000Z Container has finished running with exit code: 1.
2026-03-18T14:34:17.6997567Z Container is terminating. Grace period: 5 seconds.
2026-03-18T14:34:17.7399396Z Stop and delete container. Retry count = 0
2026-03-18T14:34:17.7403823Z Stopping container: c85abf1b093f_careorbit-api-dev.
2026-03-18T14:34:18.1356729Z Deleting container: c85abf1b093f_careorbit-api-dev. Retry count = 0
2026-03-18T14:34:19.2228416Z Container spec TerminationMessagePolicy  path 
2026-03-18T14:34:19.2400734Z Container is terminated. Total time elapsed: 1508 ms.
2026-03-18T14:34:19.2414741Z Site container: careorbit-api-dev terminated during site startup.
2026-03-18T14:34:19.2423816Z State: Stopping, Action: CancellingStartup, LastError: , LastErrorTimestamp: 01/01/0001 00:00:00, LastErrorDetails: , Details: Site container: careorbit-api-dev terminated during site startup. Cancelling site startup., DetailsLevel: ERR
2026-03-18T14:34:19.5673017Z Site startup probe failed after 65.2436373 seconds.
2026-03-18T14:34:20.0735767Z State: Stopping, Action: CancellingStartup, LastError: ContainerTimeout, LastErrorTimestamp: 03/18/2026 14:34:20, LastErrorDetails: Container did not start within expected time limit of 1800s. Please inspect your container logs for more details., Details: Site container: careorbit-api-dev terminated during site startup. Cancelling site startup., DetailsLevel: ERR
2026-03-18T14:34:20.1253386Z Failed to start site. Revert by stopping site.
2026-03-18T14:34:20.1333722Z State: Stopping, Action: StoppingSite, LastError: ContainerTimeout, LastErrorTimestamp: 03/18/2026 14:34:20, LastErrorDetails: Container did not start within expected time limit of 1800s. Please inspect your container logs for more details., Details: Site container: careorbit-api-dev terminated during site startup. Cancelling site startup., DetailsLevel: ERR
2026-03-18T14:34:20.1427841Z State: Stopping, Action: StoppingSiteContainers, LastError: ContainerTimeout, LastErrorTimestamp: 03/18/2026 14:34:20, LastErrorDetails: Container did not start within expected time limit of 1800s. Please inspect your container logs for more details., Details: Site container: careorbit-api-dev terminated during site startup. Cancelling site startup., DetailsLevel: ERR
2026-03-18T14:34:20.1433905Z Site: careorbit-api-dev stopped.
2026-03-18T14:34:41.4271613Z State: Stopping, Action: StoppingSite, LastError: ContainerTimeout, LastErrorTimestamp: 03/18/2026 13:08:14, LastErrorDetails: Container did not start within expected time limit of 1800s. Please inspect your container logs for more details., Details: Site started at 03/18/2026 14:21:31 (UTC), DetailsLevel: INFO
2026-03-18T14:34:41.4739443Z State: Stopping, Action: StoppingSiteContainers, LastError: ContainerTimeout, LastErrorTimestamp: 03/18/2026 13:08:14, LastErrorDetails: Container did not start within expected time limit of 1800s. Please inspect your container logs for more details., Details: Site started at 03/18/2026 14:21:31 (UTC), DetailsLevel: INFO
2026-03-18T14:34:41.4756099Z Container is terminating. Grace period: 5 seconds.
2026-03-18T14:34:41.8503925Z Stop and delete container. Retry count = 0
2026-03-18T14:34:41.8520125Z Stopping container: fcdce8b6bb4d_careorbit-api-dev.
2026-03-18T14:34:46.8075807Z Deleting container: fcdce8b6bb4d_careorbit-api-dev. Retry count = 0
2026-03-18T14:34:48.7030903Z Container spec TerminationMessagePolicy  path 
2026-03-18T14:34:48.7043427Z Container is terminated. Total time elapsed: 7226 ms.
2026-03-18T14:34:48.7147653Z Site: careorbit-api-dev stopped.
2026-03-18T14:34:20.1606079Z State: Stopping, Action: UnmountingVolumes, LastError: ContainerTimeout, LastErrorTimestamp: 03/18/2026 14:34:20, LastErrorDetails: Container did not start within expected time limit of 1800s. Please inspect your container logs for more details., Details: Site container: careorbit-api-dev terminated during site startup. Cancelling site startup., DetailsLevel: ERR
2026-03-18T14:34:20.8891688Z State: Stopping, Action: StoppingSiteNetworks, LastError: ContainerTimeout, LastErrorTimestamp: 03/18/2026 14:34:20, LastErrorDetails: Container did not start within expected time limit of 1800s. Please inspect your container logs for more details., Details: Site container: careorbit-api-dev terminated during site startup. Cancelling site startup., DetailsLevel: ERR
2026-03-18T14:34:21.1691953Z State: Stopped, Action: None, LastError: ContainerTimeout, LastErrorTimestamp: 03/18/2026 14:34:20, LastErrorDetails: Container did not start within expected time limit of 1800s. Please inspect your container logs for more details., Details: Site stopped at 03/18/2026 14:34:21 (UTC), DetailsLevel: ERR
2026-03-18T14:34:21.4297434Z State: Stopped, Action: None, LastError: ContainerTimeout, LastErrorTimestamp: 03/18/2026 14:34:20, LastErrorDetails: Container did not start within expected time limit of 1800s. Please inspect your container logs for more details., Details: Site stopped at 03/18/2026 14:34:21 (UTC), DetailsLevel: ERR
2026-03-18T14:34:50.9937192Z State: Starting, Action: EstablishingSiteNetworks, LastError: ContainerTimeout, LastErrorTimestamp: 03/18/2026 14:34:20, LastErrorDetails: Container did not start within expected time limit of 1800s. Please inspect your container logs for more details., Details: Site stopped at 03/18/2026 14:34:21 (UTC), DetailsLevel: ERR
2026-03-18T14:34:54.8658209Z State: Starting, Action: StartingSiteContainers, LastError: ContainerTimeout, LastErrorTimestamp: 03/18/2026 14:34:20, LastErrorDetails: Container did not start within expected time limit of 1800s. Please inspect your container logs for more details., Details: Site stopped at 03/18/2026 14:34:21 (UTC), DetailsLevel: ERR
2026-03-18T14:34:54.8666626Z Container start method called.
2026-03-18T14:34:54.8668197Z State: Starting, Action: PullingImage, LastError: ContainerTimeout, LastErrorTimestamp: 03/18/2026 14:34:20, LastErrorDetails: Container did not start within expected time limit of 1800s. Please inspect your container logs for more details., Details: Pulling image 10.1.0.4:13209/appsvc/python:3.12_20260203.2.tuxprod for careorbit-api-dev., DetailsLevel: INFO
2026-03-18T14:34:54.8671756Z Establishing network.
2026-03-18T14:34:54.9346247Z Pulling image: appsvc/python:3.12_20260203.2.tuxprod.
2026-03-18T14:34:55.6893684Z Container is starting.
2026-03-18T14:34:55.6988371Z State: Starting, Action: MountingVolumes, LastError: ContainerTimeout, LastErrorTimestamp: 03/18/2026 14:34:20, LastErrorDetails: Container did not start within expected time limit of 1800s. Please inspect your container logs for more details., Details: Mounting volumes for careorbit-api-dev., DetailsLevel: INFO
2026-03-18T14:34:55.7079166Z Establishing user namespace if not established already.
2026-03-18T14:34:55.7265935Z Establishing network if not established already.
2026-03-18T14:34:55.7286274Z Mounting volumes.
2026-03-18T14:34:55.7382989Z Nested mountpoint 
2026-03-18T14:34:55.7938321Z Nested mountpoint volatile/logs
2026-03-18T14:34:55.8527108Z Nested mountpoint 
2026-03-18T14:34:55.8533447Z Nested mountpoint 
2026-03-18T14:34:55.9342947Z Nested mountpoint 
2026-03-18T14:34:59.3410748Z State: Starting, Action: CreatingContainer, LastError: ContainerTimeout, LastErrorTimestamp: 03/18/2026 14:34:20, LastErrorDetails: Container did not start within expected time limit of 1800s. Please inspect your container logs for more details., Details: Finished pulling container image and mounting volumes for careorbit-api-dev. Allocatinng the rest of the container resources to finish container creation., DetailsLevel: INFO
2026-03-18T14:34:59.3422300Z Creating container.
2026-03-18T14:34:59.4101256Z Creating pipes for streaming container io.
2026-03-18T14:34:59.4405030Z Creating stdout named pipe at /podr/container/pipe/6e3f2de12bbb_careorbit-api-dev/stdout_7ecbf4278cd0450c84a5185a305b0dd5.
2026-03-18T14:34:59.4607981Z Successfully created stdout named pipe at: /podr/container/pipe/6e3f2de12bbb_careorbit-api-dev/stdout_7ecbf4278cd0450c84a5185a305b0dd5.
2026-03-18T14:34:59.4625793Z Opening named pipe /podr/container/pipe/6e3f2de12bbb_careorbit-api-dev/stdout_7ecbf4278cd0450c84a5185a305b0dd5 for reading in non-blocking mode.
2026-03-18T14:34:59.4910500Z Successfully opened named pipe: /podr/container/pipe/6e3f2de12bbb_careorbit-api-dev/stdout_7ecbf4278cd0450c84a5185a305b0dd5.
2026-03-18T14:34:59.4926659Z Successfully removed non-blocking flag from /podr/container/pipe/6e3f2de12bbb_careorbit-api-dev/stdout_7ecbf4278cd0450c84a5185a305b0dd5.
2026-03-18T14:34:59.4929157Z Creating stderr named pipe at /podr/container/pipe/6e3f2de12bbb_careorbit-api-dev/stderr_6b6476f8d99f4a878c46d872d11b727e.
2026-03-18T14:34:59.5114239Z Successfully created stderr named pipe at: /podr/container/pipe/6e3f2de12bbb_careorbit-api-dev/stderr_6b6476f8d99f4a878c46d872d11b727e.
2026-03-18T14:34:59.5327883Z Opening named pipe /podr/container/pipe/6e3f2de12bbb_careorbit-api-dev/stderr_6b6476f8d99f4a878c46d872d11b727e for reading in non-blocking mode.
2026-03-18T14:34:59.5428603Z Successfully opened named pipe: /podr/container/pipe/6e3f2de12bbb_careorbit-api-dev/stderr_6b6476f8d99f4a878c46d872d11b727e.
2026-03-18T14:34:59.5603481Z Successfully removed non-blocking flag from /podr/container/pipe/6e3f2de12bbb_careorbit-api-dev/stderr_6b6476f8d99f4a878c46d872d11b727e.
2026-03-18T14:34:59.5622622Z Creating container with image: appsvc/python:3.12_20260203.2.tuxprod from registry: 10.1.0.4:13209 and fully qualified image name: 10.1.0.4:13209/appsvc/python:3.12_20260203.2.tuxprod
2026-03-18T14:35:07.7694873Z Starting container: 6e3f2de12bbb_careorbit-api-dev.
2026-03-18T14:35:08.0480359Z Starting watchers and probes.
2026-03-18T14:35:08.0584394Z Starting metrics collection.
2026-03-18T14:35:08.0600307Z Container is running.
2026-03-18T14:35:08.1569724Z State: Starting, Action: CreatingContainer, LastError: ContainerTimeout, LastErrorTimestamp: 03/18/2026 14:34:20, LastErrorDetails: Container did not start within expected time limit of 1800s. Please inspect your container logs for more details., Details: Container careorbit-api-dev successfully created and is running., DetailsLevel: INFO
2026-03-18T14:35:08.6531647Z Container start method finished after 13786 ms.
2026-03-18T14:35:08.6533504Z State: Starting, Action: InitiatingSiteWarmUpProbe, LastError: ContainerTimeout, LastErrorTimestamp: 03/18/2026 14:34:20, LastErrorDetails: Container did not start within expected time limit of 1800s. Please inspect your container logs for more details., Details: Container careorbit-api-dev successfully created and is running., DetailsLevel: INFO
2026-03-18T14:35:08.6533701Z State: Starting, Action: WaitingForSiteWarmUpProbeSuccess, LastError: ContainerTimeout, LastErrorTimestamp: 03/18/2026 14:34:20, LastErrorDetails: Container did not start within expected time limit of 1800s. Please inspect your container logs for more details., Details: Pinging warmup path to ensure container is ready to receive requests., DetailsLevel: INFO
2026-03-18T14:37:00.6045153Z Container has finished running with exit code: 1.
2026-03-18T14:37:00.6062348Z Container is terminating. Grace period: 5 seconds.
2026-03-18T14:37:00.6550469Z Stop and delete container. Retry count = 0
2026-03-18T14:37:00.6692605Z Stopping container: 6e3f2de12bbb_careorbit-api-dev.
2026-03-18T14:37:00.9009013Z Deleting container: 6e3f2de12bbb_careorbit-api-dev. Retry count = 0
2026-03-18T14:37:01.8923854Z Container spec TerminationMessagePolicy  path 
2026-03-18T14:37:01.9231667Z Container is terminated. Total time elapsed: 1307 ms.
2026-03-18T14:37:01.9803075Z Site container: careorbit-api-dev terminated during site startup.
2026-03-18T14:37:02.2162435Z State: Stopping, Action: CancellingStartup, LastError: ContainerTimeout, LastErrorTimestamp: 03/18/2026 14:34:20, LastErrorDetails: Container did not start within expected time limit of 1800s. Please inspect your container logs for more details., Details: Site container: careorbit-api-dev terminated during site startup. Cancelling site startup., DetailsLevel: ERR
2026-03-18T14:37:03.0781504Z Site startup probe failed after 114.3069128 seconds.
2026-03-18T14:37:04.5213728Z State: Stopping, Action: CancellingStartup, LastError: ContainerTimeout, LastErrorTimestamp: 03/18/2026 14:37:04, LastErrorDetails: Container did not start within expected time limit of 1800s. Please inspect your container logs for more details., Details: Site container: careorbit-api-dev terminated during site startup. Cancelling site startup., DetailsLevel: ERR
2026-03-18T14:37:04.5648915Z Failed to start site. Revert by stopping site.
2026-03-18T14:37:04.5650766Z State: Stopping, Action: StoppingSite, LastError: ContainerTimeout, LastErrorTimestamp: 03/18/2026 14:37:04, LastErrorDetails: Container did not start within expected time limit of 1800s. Please inspect your container logs for more details., Details: Site container: careorbit-api-dev terminated during site startup. Cancelling site startup., DetailsLevel: ERR
2026-03-18T14:37:04.5653682Z State: Stopping, Action: StoppingSiteContainers, LastError: ContainerTimeout, LastErrorTimestamp: 03/18/2026 14:37:04, LastErrorDetails: Container did not start within expected time limit of 1800s. Please inspect your container logs for more details., Details: Site container: careorbit-api-dev terminated during site startup. Cancelling site startup., DetailsLevel: ERR
2026-03-18T14:37:04.5653788Z Site: careorbit-api-dev stopped.
2026-03-18T14:37:05.1871927Z State: Stopping, Action: UnmountingVolumes, LastError: ContainerTimeout, LastErrorTimestamp: 03/18/2026 14:37:04, LastErrorDetails: Container did not start within expected time limit of 1800s. Please inspect your container logs for more details., Details: Site container: careorbit-api-dev terminated during site startup. Cancelling site startup., DetailsLevel: ERR
2026-03-18T14:37:06.9038353Z State: Stopping, Action: StoppingSiteNetworks, LastError: ContainerTimeout, LastErrorTimestamp: 03/18/2026 14:37:04, LastErrorDetails: Container did not start within expected time limit of 1800s. Please inspect your container logs for more details., Details: Site container: careorbit-api-dev terminated during site startup. Cancelling site startup., DetailsLevel: ERR
2026-03-18T14:37:08.4552126Z Site: careorbit-api-dev will be blocked for 1 minutes till 03/18/2026 14:38:08
2026-03-18T14:37:08.4554772Z State: Blocked, Action: StoppingSiteNetworks, LastError: ContainerTimeout, LastErrorTimestamp: 03/18/2026 14:37:04, LastErrorDetails: Container did not start within expected time limit of 1800s. Please inspect your container logs for more details., Details: Site: careorbit-api-dev will be blocked for 1 minutes till 03/18/2026 14:38:08, DetailsLevel: WARN
2026-03-18T14:37:08.4761183Z State: Stopped, Action: None, LastError: ContainerTimeout, LastErrorTimestamp: 03/18/2026 14:37:04, LastErrorDetails: Container did not start within expected time limit of 1800s. Please inspect your container logs for more details., Details: Site stopped at 03/18/2026 14:37:08 (UTC), DetailsLevel: WARN
2026-03-18T14:37:09.7838285Z State: Stopped, Action: None, LastError: ContainerTimeout, LastErrorTimestamp: 03/18/2026 14:37:04, LastErrorDetails: Container did not start within expected time limit of 1800s. Please inspect your container logs for more details., Details: Site stopped at 03/18/2026 14:37:08 (UTC), DetailsLevel: WARN
2026-03-18T14:37:32.0508272Z State: Blocked, Action: None, LastError: ContainerTimeout, LastErrorTimestamp: 03/18/2026 14:37:04, LastErrorDetails: Container did not start within expected time limit of 1800s. Please inspect your container logs for more details., Details: Site is blocked due to multiple, consecutive cold start failures. Site scheduled to be unblocked at 03/18/2026 14:38:08, DetailsLevel: WARN
2026-03-18T14:37:32.0510818Z Start site prohibitted because the site is being blocked.
2026-03-18T14:37:35.8405616Z State: Blocked, Action: None, LastError: ContainerTimeout, LastErrorTimestamp: 03/18/2026 14:37:04, LastErrorDetails: Container did not start within expected time limit of 1800s. Please inspect your container logs for more details., Details: Site is blocked due to multiple, consecutive cold start failures. Site scheduled to be unblocked at 03/18/2026 14:38:08, DetailsLevel: WARN
2026-03-18T14:37:35.8406548Z Start site prohibitted because the site is being blocked.
2026-03-18T14:37:53.3109012Z State: Blocked, Action: None, LastError: ContainerTimeout, LastErrorTimestamp: 03/18/2026 14:37:04, LastErrorDetails: Container did not start within expected time limit of 1800s. Please inspect your container logs for more details., Details: Site is blocked due to multiple, consecutive cold start failures. Site scheduled to be unblocked at 03/18/2026 14:38:08, DetailsLevel: WARN
2026-03-18T14:37:53.3109429Z Start site prohibitted because the site is being blocked.
2026-03-18T14:38:08.4596607Z Site: careorbit-api-dev is unblocked.
2026-03-18T14:38:14.4508360Z State: Starting, Action: EstablishingSiteNetworks, LastError: ContainerTimeout, LastErrorTimestamp: 03/18/2026 14:37:04, LastErrorDetails: Container did not start within expected time limit of 1800s. Please inspect your container logs for more details., Details: Site is blocked due to multiple, consecutive cold start failures. Site scheduled to be unblocked at 03/18/2026 14:38:08, DetailsLevel: WARN
2026-03-18T14:38:17.3437336Z State: Starting, Action: StartingSiteContainers, LastError: ContainerTimeout, LastErrorTimestamp: 03/18/2026 14:37:04, LastErrorDetails: Container did not start within expected time limit of 1800s. Please inspect your container logs for more details., Details: Site is blocked due to multiple, consecutive cold start failures. Site scheduled to be unblocked at 03/18/2026 14:38:08, DetailsLevel: WARN
2026-03-18T14:38:17.3438803Z Container start method called.
2026-03-18T14:38:17.3439353Z State: Starting, Action: PullingImage, LastError: ContainerTimeout, LastErrorTimestamp: 03/18/2026 14:37:04, LastErrorDetails: Container did not start within expected time limit of 1800s. Please inspect your container logs for more details., Details: Pulling image 10.1.0.4:13209/appsvc/python:3.12_20260203.2.tuxprod for careorbit-api-dev., DetailsLevel: INFO
2026-03-18T14:38:17.3440172Z Establishing network.
2026-03-18T14:38:17.3441115Z Pulling image: appsvc/python:3.12_20260203.2.tuxprod.
2026-03-18T14:38:17.7879351Z Container is starting.
2026-03-18T14:38:17.8095863Z State: Starting, Action: MountingVolumes, LastError: ContainerTimeout, LastErrorTimestamp: 03/18/2026 14:37:04, LastErrorDetails: Container did not start within expected time limit of 1800s. Please inspect your container logs for more details., Details: Mounting volumes for careorbit-api-dev., DetailsLevel: INFO
2026-03-18T14:38:17.8289607Z Establishing user namespace if not established already.
2026-03-18T14:38:17.8611721Z Establishing network if not established already.
2026-03-18T14:38:17.8622032Z Mounting volumes.
2026-03-18T14:38:17.8713801Z Nested mountpoint 
2026-03-18T14:38:17.9281694Z Nested mountpoint volatile/logs
2026-03-18T14:38:18.0527403Z Nested mountpoint 
2026-03-18T14:38:18.2063408Z Nested mountpoint 
2026-03-18T14:38:18.2166691Z Nested mountpoint 
2026-03-18T14:38:19.2332796Z State: Starting, Action: CreatingContainer, LastError: ContainerTimeout, LastErrorTimestamp: 03/18/2026 14:37:04, LastErrorDetails: Container did not start within expected time limit of 1800s. Please inspect your container logs for more details., Details: Finished pulling container image and mounting volumes for careorbit-api-dev. Allocatinng the rest of the container resources to finish container creation., DetailsLevel: INFO
2026-03-18T14:38:19.2333954Z Creating container.
2026-03-18T14:38:19.2334778Z Creating pipes for streaming container io.
2026-03-18T14:38:19.2335589Z Creating stdout named pipe at /podr/container/pipe/3defd2a35df6_careorbit-api-dev/stdout_9e2ad4da9e2a49f391324eb82005b028.
2026-03-18T14:38:19.2634165Z Successfully created stdout named pipe at: /podr/container/pipe/3defd2a35df6_careorbit-api-dev/stdout_9e2ad4da9e2a49f391324eb82005b028.
2026-03-18T14:38:19.2644441Z Opening named pipe /podr/container/pipe/3defd2a35df6_careorbit-api-dev/stdout_9e2ad4da9e2a49f391324eb82005b028 for reading in non-blocking mode.
2026-03-18T14:38:19.3047974Z Successfully opened named pipe: /podr/container/pipe/3defd2a35df6_careorbit-api-dev/stdout_9e2ad4da9e2a49f391324eb82005b028.
2026-03-18T14:38:19.3058585Z Successfully removed non-blocking flag from /podr/container/pipe/3defd2a35df6_careorbit-api-dev/stdout_9e2ad4da9e2a49f391324eb82005b028.
2026-03-18T14:38:19.3244467Z Creating stderr named pipe at /podr/container/pipe/3defd2a35df6_careorbit-api-dev/stderr_ae01b2de44a948f69a0ef890fc67c27d.
2026-03-18T14:38:19.3537337Z Successfully created stderr named pipe at: /podr/container/pipe/3defd2a35df6_careorbit-api-dev/stderr_ae01b2de44a948f69a0ef890fc67c27d.
2026-03-18T14:38:19.3553369Z Opening named pipe /podr/container/pipe/3defd2a35df6_careorbit-api-dev/stderr_ae01b2de44a948f69a0ef890fc67c27d for reading in non-blocking mode.
2026-03-18T14:38:19.3830310Z Successfully opened named pipe: /podr/container/pipe/3defd2a35df6_careorbit-api-dev/stderr_ae01b2de44a948f69a0ef890fc67c27d.
2026-03-18T14:38:19.3896195Z Successfully removed non-blocking flag from /podr/container/pipe/3defd2a35df6_careorbit-api-dev/stderr_ae01b2de44a948f69a0ef890fc67c27d.
2026-03-18T14:38:19.3975844Z Creating container with image: appsvc/python:3.12_20260203.2.tuxprod from registry: 10.1.0.4:13209 and fully qualified image name: 10.1.0.4:13209/appsvc/python:3.12_20260203.2.tuxprod
2026-03-18T14:38:20.4350691Z Starting container: 3defd2a35df6_careorbit-api-dev.
2026-03-18T14:38:20.5448307Z Starting watchers and probes.
2026-03-18T14:38:20.5518069Z Starting metrics collection.
2026-03-18T14:38:20.5664176Z Container is running.
2026-03-18T14:38:20.5665288Z State: Starting, Action: CreatingContainer, LastError: ContainerTimeout, LastErrorTimestamp: 03/18/2026 14:37:04, LastErrorDetails: Container did not start within expected time limit of 1800s. Please inspect your container logs for more details., Details: Container careorbit-api-dev successfully created and is running., DetailsLevel: INFO
2026-03-18T14:38:20.8446811Z Container start method finished after 3500 ms.
2026-03-18T14:38:20.8452129Z State: Starting, Action: InitiatingSiteWarmUpProbe, LastError: ContainerTimeout, LastErrorTimestamp: 03/18/2026 14:37:04, LastErrorDetails: Container did not start within expected time limit of 1800s. Please inspect your container logs for more details., Details: Container careorbit-api-dev successfully created and is running., DetailsLevel: INFO
2026-03-18T14:38:20.8637182Z State: Starting, Action: WaitingForSiteWarmUpProbeSuccess, LastError: ContainerTimeout, LastErrorTimestamp: 03/18/2026 14:37:04, LastErrorDetails: Container did not start within expected time limit of 1800s. Please inspect your container logs for more details., Details: Pinging warmup path to ensure container is ready to receive requests., DetailsLevel: INFO
2026-03-18T14:39:34.1625479Z Site startup probe succeeded after 73.297269 seconds.
2026-03-18T14:39:34.4507242Z State: Starting, Action: WarmUpProbeSucceeded, LastError: ContainerTimeout, LastErrorTimestamp: 03/18/2026 14:37:04, LastErrorDetails: Container did not start within expected time limit of 1800s. Please inspect your container logs for more details., Details: Site startup probe succeeded after 73.297269 seconds., DetailsLevel: INFO
2026-03-18T14:39:34.5885035Z Site is running with deployment version: 381e49d7-baac-409b-875a-f38c5be74e25
2026-03-18T14:39:34.5979071Z Site started.
2026-03-18T14:39:34.6075536Z State: Started, Action: None, LastError: ContainerTimeout, LastErrorTimestamp: 03/18/2026 14:37:04, LastErrorDetails: Container did not start within expected time limit of 1800s. Please inspect your container logs for more details., Details: Site started at 03/18/2026 14:39:34 (UTC), DetailsLevel: INFO
2026-03-18T14:39:34.7008907Z Site is running with patch version PYTHON 3.12.12
2026-03-18T14:39:47.9492934Z State: Starting, Action: EstablishingSiteNetworks, LastError: , LastErrorTimestamp: 01/01/0001 00:00:00, LastErrorDetails: , Details: , DetailsLevel: INFO
2026-03-18T14:39:57.8560232Z State: Starting, Action: StartingSiteContainers, LastError: , LastErrorTimestamp: 01/01/0001 00:00:00, LastErrorDetails: , Details: , DetailsLevel: INFO
2026-03-18T14:39:57.8562371Z Container start method called.
2026-03-18T14:39:57.8657662Z State: Starting, Action: PullingImage, LastError: , LastErrorTimestamp: 01/01/0001 00:00:00, LastErrorDetails: , Details: Pulling image 10.1.0.5:13209/appsvc/python:3.12_20260203.2.tuxprod for careorbit-api-dev., DetailsLevel: INFO
2026-03-18T14:39:57.8663130Z Establishing network.
2026-03-18T14:39:57.8664793Z Pulling image: appsvc/python:3.12_20260203.2.tuxprod.
2026-03-18T14:40:00.0856497Z Container is starting.
2026-03-18T14:40:00.0865117Z State: Starting, Action: MountingVolumes, LastError: , LastErrorTimestamp: 01/01/0001 00:00:00, LastErrorDetails: , Details: Mounting volumes for careorbit-api-dev., DetailsLevel: INFO
2026-03-18T14:40:00.0935181Z Establishing user namespace if not established already.
2026-03-18T14:40:00.0938667Z Establishing network if not established already.
2026-03-18T14:40:00.0940044Z Mounting volumes.
2026-03-18T14:40:00.0941468Z Nested mountpoint 
2026-03-18T14:40:00.2350967Z Nested mountpoint volatile/logs
2026-03-18T14:40:00.2560367Z Nested mountpoint 
2026-03-18T14:40:00.2641476Z Nested mountpoint 
2026-03-18T14:40:00.5813642Z Nested mountpoint 
2026-03-18T14:40:02.0489858Z State: Starting, Action: CreatingContainer, LastError: , LastErrorTimestamp: 01/01/0001 00:00:00, LastErrorDetails: , Details: Finished pulling container image and mounting volumes for careorbit-api-dev. Allocatinng the rest of the container resources to finish container creation., DetailsLevel: INFO
2026-03-18T14:40:02.0938038Z Creating container.
2026-03-18T14:40:02.0952072Z Creating pipes for streaming container io.
2026-03-18T14:40:02.1146039Z Creating stdout named pipe at /podr/container/pipe/6b31d128e32e_careorbit-api-dev/stdout_4a917d2cedfd400eb9cb8d25e7b54ad8.
2026-03-18T14:40:02.1428373Z Successfully created stdout named pipe at: /podr/container/pipe/6b31d128e32e_careorbit-api-dev/stdout_4a917d2cedfd400eb9cb8d25e7b54ad8.
2026-03-18T14:40:02.1432411Z Opening named pipe /podr/container/pipe/6b31d128e32e_careorbit-api-dev/stdout_4a917d2cedfd400eb9cb8d25e7b54ad8 for reading in non-blocking mode.
2026-03-18T14:40:02.1525385Z Successfully opened named pipe: /podr/container/pipe/6b31d128e32e_careorbit-api-dev/stdout_4a917d2cedfd400eb9cb8d25e7b54ad8.
2026-03-18T14:40:02.1533358Z Successfully removed non-blocking flag from /podr/container/pipe/6b31d128e32e_careorbit-api-dev/stdout_4a917d2cedfd400eb9cb8d25e7b54ad8.
2026-03-18T14:40:02.1537110Z Creating stderr named pipe at /podr/container/pipe/6b31d128e32e_careorbit-api-dev/stderr_5d9ac91880de4b5ea891e72843720ae7.
2026-03-18T14:40:02.1622650Z Successfully created stderr named pipe at: /podr/container/pipe/6b31d128e32e_careorbit-api-dev/stderr_5d9ac91880de4b5ea891e72843720ae7.
2026-03-18T14:40:02.1624676Z Opening named pipe /podr/container/pipe/6b31d128e32e_careorbit-api-dev/stderr_5d9ac91880de4b5ea891e72843720ae7 for reading in non-blocking mode.
2026-03-18T14:40:02.1632574Z Successfully opened named pipe: /podr/container/pipe/6b31d128e32e_careorbit-api-dev/stderr_5d9ac91880de4b5ea891e72843720ae7.
2026-03-18T14:40:02.1822985Z Successfully removed non-blocking flag from /podr/container/pipe/6b31d128e32e_careorbit-api-dev/stderr_5d9ac91880de4b5ea891e72843720ae7.
2026-03-18T14:40:02.1825854Z Creating container with image: appsvc/python:3.12_20260203.2.tuxprod from registry: 10.1.0.5:13209 and fully qualified image name: 10.1.0.5:13209/appsvc/python:3.12_20260203.2.tuxprod
2026-03-18T14:40:07.5254674Z Starting container: 6b31d128e32e_careorbit-api-dev.
2026-03-18T14:40:07.7895344Z Starting watchers and probes.
2026-03-18T14:40:07.7997153Z Starting metrics collection.
2026-03-18T14:40:07.7999096Z Container is running.
2026-03-18T14:40:07.8590781Z State: Starting, Action: CreatingContainer, LastError: , LastErrorTimestamp: 01/01/0001 00:00:00, LastErrorDetails: , Details: Container careorbit-api-dev successfully created and is running., DetailsLevel: INFO
2026-03-18T14:40:09.2065217Z Container start method finished after 11348 ms.
2026-03-18T14:40:09.3017895Z State: Starting, Action: InitiatingSiteWarmUpProbe, LastError: , LastErrorTimestamp: 01/01/0001 00:00:00, LastErrorDetails: , Details: Container careorbit-api-dev successfully created and is running., DetailsLevel: INFO
2026-03-18T14:40:09.3031966Z State: Starting, Action: WaitingForSiteWarmUpProbeSuccess, LastError: , LastErrorTimestamp: 01/01/0001 00:00:00, LastErrorDetails: , Details: Pinging warmup path to ensure container is ready to receive requests., DetailsLevel: INFO
2026-03-18T14:44:20.6714447Z Site startup probe succeeded after 251.3614432 seconds.
2026-03-18T14:44:21.2523738Z State: Starting, Action: WarmUpProbeSucceeded, LastError: , LastErrorTimestamp: 01/01/0001 00:00:00, LastErrorDetails: , Details: Site startup probe succeeded after 251.3614432 seconds., DetailsLevel: INFO
2026-03-18T14:44:21.5337467Z State: Starting, Action: StartingAuthContainer, LastError: , LastErrorTimestamp: 01/01/0001 00:00:00, LastErrorDetails: , Details: Site startup probe succeeded after 251.3614432 seconds., DetailsLevel: INFO
2026-03-18T14:44:38.8427961Z Site is running with deployment version: 381e49d7-baac-409b-875a-f38c5be74e25
2026-03-18T14:44:38.8909327Z Site started.
2026-03-18T14:44:38.8986970Z State: Started, Action: None, LastError: , LastErrorTimestamp: 01/01/0001 00:00:00, LastErrorDetails: , Details: Site started at 03/18/2026 14:44:38 (UTC), DetailsLevel: INFO
2026-03-18T14:44:38.9090158Z Site is running with patch version PYTHON 3.12.12
2026-03-18T14:44:59.2824503Z State: Stopping, Action: StoppingSite, LastError: ContainerTimeout, LastErrorTimestamp: 03/18/2026 14:37:04, LastErrorDetails: Container did not start within expected time limit of 1800s. Please inspect your container logs for more details., Details: Site started at 03/18/2026 14:39:34 (UTC), DetailsLevel: INFO
2026-03-18T14:44:59.5379558Z State: Stopping, Action: StoppingSiteContainers, LastError: ContainerTimeout, LastErrorTimestamp: 03/18/2026 14:37:04, LastErrorDetails: Container did not start within expected time limit of 1800s. Please inspect your container logs for more details., Details: Site started at 03/18/2026 14:39:34 (UTC), DetailsLevel: INFO
2026-03-18T14:44:59.5443821Z Container is terminating. Grace period: 5 seconds.
2026-03-18T14:44:59.7578330Z Stop and delete container. Retry count = 0
2026-03-18T14:44:59.7664896Z Stopping container: 3defd2a35df6_careorbit-api-dev.
2026-03-18T14:45:05.6524784Z Deleting container: 3defd2a35df6_careorbit-api-dev. Retry count = 0
2026-03-18T14:45:08.6920848Z Container spec TerminationMessagePolicy  path 
2026-03-18T14:45:08.7010762Z Container is terminated. Total time elapsed: 9156 ms.
2026-03-18T14:45:08.7021284Z Site: careorbit-api-dev stopped.
2026-03-18T15:06:18.5236011Z State: Starting, Action: EstablishingSiteNetworks, LastError: , LastErrorTimestamp: 01/01/0001 00:00:00, LastErrorDetails: , Details: , DetailsLevel: INFO
2026-03-18T15:06:27.6142847Z State: Starting, Action: StartingSiteContainers, LastError: , LastErrorTimestamp: 01/01/0001 00:00:00, LastErrorDetails: , Details: , DetailsLevel: INFO
2026-03-18T15:06:27.6154184Z Container start method called.
2026-03-18T15:06:27.6332472Z State: Starting, Action: PullingImage, LastError: , LastErrorTimestamp: 01/01/0001 00:00:00, LastErrorDetails: , Details: Pulling image 10.1.0.4:13209/appsvc/python:3.12_20260203.2.tuxprod for careorbit-api-dev., DetailsLevel: INFO
2026-03-18T15:06:27.6335036Z Establishing network.
2026-03-18T15:06:27.6336169Z Pulling image: appsvc/python:3.12_20260203.2.tuxprod.
2026-03-18T15:06:28.7041395Z Container is starting.
2026-03-18T15:06:28.7049301Z State: Starting, Action: MountingVolumes, LastError: , LastErrorTimestamp: 01/01/0001 00:00:00, LastErrorDetails: , Details: Mounting volumes for careorbit-api-dev., DetailsLevel: INFO
2026-03-18T15:06:28.7486954Z Establishing user namespace if not established already.
2026-03-18T15:06:28.7572981Z Establishing network if not established already.
2026-03-18T15:06:28.7585410Z Mounting volumes.
2026-03-18T15:06:28.8001457Z Nested mountpoint 
2026-03-18T15:06:28.9879178Z Nested mountpoint volatile/logs
2026-03-18T15:06:29.0193429Z Nested mountpoint 
2026-03-18T15:06:29.3367437Z Nested mountpoint 
2026-03-18T15:06:29.5029646Z Nested mountpoint 
2026-03-18T15:06:30.7475365Z State: Starting, Action: CreatingContainer, LastError: , LastErrorTimestamp: 01/01/0001 00:00:00, LastErrorDetails: , Details: Finished pulling container image and mounting volumes for careorbit-api-dev. Allocatinng the rest of the container resources to finish container creation., DetailsLevel: INFO
2026-03-18T15:06:30.7623630Z Creating container.
2026-03-18T15:06:30.7636099Z Creating pipes for streaming container io.
2026-03-18T15:06:30.7956535Z Creating stdout named pipe at /podr/container/pipe/ef3520fd2fa6_careorbit-api-dev/stdout_216db3eadec44a04be95b3983abc6ec2.
2026-03-18T15:06:30.8088320Z Successfully created stdout named pipe at: /podr/container/pipe/ef3520fd2fa6_careorbit-api-dev/stdout_216db3eadec44a04be95b3983abc6ec2.
2026-03-18T15:06:30.8281238Z Opening named pipe /podr/container/pipe/ef3520fd2fa6_careorbit-api-dev/stdout_216db3eadec44a04be95b3983abc6ec2 for reading in non-blocking mode.
2026-03-18T15:06:30.8460528Z Successfully opened named pipe: /podr/container/pipe/ef3520fd2fa6_careorbit-api-dev/stdout_216db3eadec44a04be95b3983abc6ec2.
2026-03-18T15:06:30.8834842Z Successfully removed non-blocking flag from /podr/container/pipe/ef3520fd2fa6_careorbit-api-dev/stdout_216db3eadec44a04be95b3983abc6ec2.
2026-03-18T15:06:30.8840897Z Creating stderr named pipe at /podr/container/pipe/ef3520fd2fa6_careorbit-api-dev/stderr_2cd2f71e63a84ef785b5b8dcb2fea8b2.
2026-03-18T15:06:30.8850281Z Successfully created stderr named pipe at: /podr/container/pipe/ef3520fd2fa6_careorbit-api-dev/stderr_2cd2f71e63a84ef785b5b8dcb2fea8b2.
2026-03-18T15:06:30.9108673Z Opening named pipe /podr/container/pipe/ef3520fd2fa6_careorbit-api-dev/stderr_2cd2f71e63a84ef785b5b8dcb2fea8b2 for reading in non-blocking mode.
2026-03-18T15:06:30.9490444Z Successfully opened named pipe: /podr/container/pipe/ef3520fd2fa6_careorbit-api-dev/stderr_2cd2f71e63a84ef785b5b8dcb2fea8b2.
2026-03-18T15:06:30.9492011Z Successfully removed non-blocking flag from /podr/container/pipe/ef3520fd2fa6_careorbit-api-dev/stderr_2cd2f71e63a84ef785b5b8dcb2fea8b2.
2026-03-18T15:06:30.9515350Z Creating container with image: appsvc/python:3.12_20260203.2.tuxprod from registry: 10.1.0.4:13209 and fully qualified image name: 10.1.0.4:13209/appsvc/python:3.12_20260203.2.tuxprod
2026-03-18T15:06:33.1236448Z Starting container: ef3520fd2fa6_careorbit-api-dev.
2026-03-18T15:06:33.2598506Z Starting watchers and probes.
2026-03-18T15:06:33.2721223Z Starting metrics collection.
2026-03-18T15:06:33.2902793Z Container is running.
2026-03-18T15:06:33.2904200Z State: Starting, Action: CreatingContainer, LastError: , LastErrorTimestamp: 01/01/0001 00:00:00, LastErrorDetails: , Details: Container careorbit-api-dev successfully created and is running., DetailsLevel: INFO
2026-03-18T15:06:33.8937624Z Container start method finished after 6259 ms.
2026-03-18T15:06:33.8941181Z State: Starting, Action: InitiatingSiteWarmUpProbe, LastError: , LastErrorTimestamp: 01/01/0001 00:00:00, LastErrorDetails: , Details: Container careorbit-api-dev successfully created and is running., DetailsLevel: INFO
2026-03-18T15:06:33.8941382Z State: Starting, Action: WaitingForSiteWarmUpProbeSuccess, LastError: , LastErrorTimestamp: 01/01/0001 00:00:00, LastErrorDetails: , Details: Pinging warmup path to ensure container is ready to receive requests., DetailsLevel: INFO
2026-03-18T15:08:04.8368159Z Site startup probe failed after 90.8732446 seconds.
2026-03-18T15:08:07.0606465Z State: Starting, Action: WaitingForSiteWarmUpProbeSuccess, LastError: ContainerTimeout, LastErrorTimestamp: 03/18/2026 15:08:07, LastErrorDetails: Container did not start within expected time limit of 1800s. Please inspect your container logs for more details., Details: Pinging warmup path to ensure container is ready to receive requests., DetailsLevel: ERR
2026-03-18T15:08:07.0720402Z Failed to start site. Revert by stopping site.
2026-03-18T15:08:07.0917226Z State: Stopping, Action: StoppingSite, LastError: ContainerTimeout, LastErrorTimestamp: 03/18/2026 15:08:07, LastErrorDetails: Container did not start within expected time limit of 1800s. Please inspect your container logs for more details., Details: Pinging warmup path to ensure container is ready to receive requests., DetailsLevel: ERR
2026-03-18T15:08:07.1806590Z State: Stopping, Action: StoppingSiteContainers, LastError: ContainerTimeout, LastErrorTimestamp: 03/18/2026 15:08:07, LastErrorDetails: Container did not start within expected time limit of 1800s. Please inspect your container logs for more details., Details: Pinging warmup path to ensure container is ready to receive requests., DetailsLevel: ERR
2026-03-18T15:08:07.2067987Z Container is terminating. Grace period: 5 seconds.
2026-03-18T15:08:08.1609540Z Stop and delete container. Retry count = 0
2026-03-18T15:08:08.1707898Z Stopping container: ef3520fd2fa6_careorbit-api-dev.
2026-03-18T15:08:14.9822044Z Deleting container: ef3520fd2fa6_careorbit-api-dev. Retry count = 0
2026-03-18T15:08:20.2380097Z Container spec TerminationMessagePolicy  path 
2026-03-18T15:08:20.2540457Z Container is terminated. Total time elapsed: 13040 ms.
2026-03-18T15:08:20.2668526Z Site container: careorbit-api-dev terminated during site startup.
2026-03-18T15:08:20.2671922Z State: Stopping, Action: CancellingStartup, LastError: ContainerTimeout, LastErrorTimestamp: 03/18/2026 15:08:07, LastErrorDetails: Container did not start within expected time limit of 1800s. Please inspect your container logs for more details., Details: Site container: careorbit-api-dev terminated during site startup. Cancelling site startup., DetailsLevel: ERR
2026-03-18T15:08:20.2793845Z Site: careorbit-api-dev stopped.
2026-03-18T15:08:46.2120209Z State: Stopping, Action: StoppingSite, LastError: ContainerTimeout, LastErrorTimestamp: 03/18/2026 14:37:04, LastErrorDetails: Container did not start within expected time limit of 1800s. Please inspect your container logs for more details., Details: Site started at 03/18/2026 14:44:38 (UTC), DetailsLevel: INFO
2026-03-18T15:08:46.2406189Z State: Stopping, Action: StoppingSiteContainers, LastError: ContainerTimeout, LastErrorTimestamp: 03/18/2026 14:37:04, LastErrorDetails: Container did not start within expected time limit of 1800s. Please inspect your container logs for more details., Details: Site started at 03/18/2026 14:44:38 (UTC), DetailsLevel: INFO
2026-03-18T15:08:46.2417542Z Container is terminating. Grace period: 5 seconds.
2026-03-18T15:08:46.2823880Z Stop and delete container. Retry count = 0
2026-03-18T15:08:46.2879732Z Stopping container: 6b31d128e32e_careorbit-api-dev.
2026-03-18T15:08:51.6857767Z Deleting container: 6b31d128e32e_careorbit-api-dev. Retry count = 0
2026-03-18T15:08:54.2008225Z Container spec TerminationMessagePolicy  path 
2026-03-18T15:08:54.2022766Z Container is terminated. Total time elapsed: 7959 ms.
2026-03-18T15:08:54.2029499Z Site: careorbit-api-dev stopped.
2026-03-18T15:09:21.0736126Z State: Starting, Action: EstablishingSiteNetworks, LastError: ContainerTimeout, LastErrorTimestamp: 03/18/2026 15:08:07, LastErrorDetails: Container did not start within expected time limit of 1800s. Please inspect your container logs for more details., Details: Site stopped at 03/18/2026 15:08:25 (UTC), DetailsLevel: ERR
2026-03-18T15:09:30.9578714Z State: Starting, Action: StartingSiteContainers, LastError: ContainerTimeout, LastErrorTimestamp: 03/18/2026 15:08:07, LastErrorDetails: Container did not start within expected time limit of 1800s. Please inspect your container logs for more details., Details: Site stopped at 03/18/2026 15:08:25 (UTC), DetailsLevel: ERR
2026-03-18T15:09:30.9590330Z Container start method called.
2026-03-18T15:09:30.9591021Z State: Starting, Action: PullingImage, LastError: ContainerTimeout, LastErrorTimestamp: 03/18/2026 15:08:07, LastErrorDetails: Container did not start within expected time limit of 1800s. Please inspect your container logs for more details., Details: Pulling image 10.1.0.5:13209/appsvc/python:3.12_20260203.2.tuxprod for careorbit-api-dev., DetailsLevel: INFO
2026-03-18T15:09:30.9591820Z Establishing network.
2026-03-18T15:09:30.9592758Z Pulling image: appsvc/python:3.12_20260203.2.tuxprod.
2026-03-18T15:09:31.5426462Z Container is starting.
2026-03-18T15:09:31.5427264Z State: Starting, Action: MountingVolumes, LastError: ContainerTimeout, LastErrorTimestamp: 03/18/2026 15:08:07, LastErrorDetails: Container did not start within expected time limit of 1800s. Please inspect your container logs for more details., Details: Mounting volumes for careorbit-api-dev., DetailsLevel: INFO
2026-03-18T15:09:31.5428083Z Establishing user namespace if not established already.
2026-03-18T15:09:31.5428863Z Establishing network if not established already.
2026-03-18T15:09:31.5429764Z Mounting volumes.
2026-03-18T15:09:31.5430950Z Nested mountpoint 
2026-03-18T15:09:31.5827762Z Nested mountpoint volatile/logs
2026-03-18T15:09:31.7719332Z Nested mountpoint 
2026-03-18T15:09:31.8427434Z Nested mountpoint 
2026-03-18T15:09:31.8851971Z Nested mountpoint 
2026-03-18T15:09:34.1527474Z State: Starting, Action: CreatingContainer, LastError: ContainerTimeout, LastErrorTimestamp: 03/18/2026 15:08:07, LastErrorDetails: Container did not start within expected time limit of 1800s. Please inspect your container logs for more details., Details: Finished pulling container image and mounting volumes for careorbit-api-dev. Allocatinng the rest of the container resources to finish container creation., DetailsLevel: INFO
2026-03-18T15:09:34.2923549Z Creating container.
2026-03-18T15:09:34.2930974Z Creating pipes for streaming container io.
2026-03-18T15:09:34.3089991Z Creating stdout named pipe at /podr/container/pipe/817f0aeee6ff_careorbit-api-dev/stdout_a4a5fa97afcf42a084562f2476a7e1a5.
2026-03-18T15:09:34.4727690Z Successfully created stdout named pipe at: /podr/container/pipe/817f0aeee6ff_careorbit-api-dev/stdout_a4a5fa97afcf42a084562f2476a7e1a5.
2026-03-18T15:09:34.4733798Z Opening named pipe /podr/container/pipe/817f0aeee6ff_careorbit-api-dev/stdout_a4a5fa97afcf42a084562f2476a7e1a5 for reading in non-blocking mode.
2026-03-18T15:09:34.4743024Z Successfully opened named pipe: /podr/container/pipe/817f0aeee6ff_careorbit-api-dev/stdout_a4a5fa97afcf42a084562f2476a7e1a5.
2026-03-18T15:09:34.4743935Z Successfully removed non-blocking flag from /podr/container/pipe/817f0aeee6ff_careorbit-api-dev/stdout_a4a5fa97afcf42a084562f2476a7e1a5.
2026-03-18T15:09:34.4936736Z Creating stderr named pipe at /podr/container/pipe/817f0aeee6ff_careorbit-api-dev/stderr_211d6b2f11104f05897b148e09f8ecf0.
2026-03-18T15:09:34.5021331Z Successfully created stderr named pipe at: /podr/container/pipe/817f0aeee6ff_careorbit-api-dev/stderr_211d6b2f11104f05897b148e09f8ecf0.
2026-03-18T15:09:34.5022481Z Opening named pipe /podr/container/pipe/817f0aeee6ff_careorbit-api-dev/stderr_211d6b2f11104f05897b148e09f8ecf0 for reading in non-blocking mode.
2026-03-18T15:09:34.5023606Z Successfully opened named pipe: /podr/container/pipe/817f0aeee6ff_careorbit-api-dev/stderr_211d6b2f11104f05897b148e09f8ecf0.
2026-03-18T15:09:34.5024335Z Successfully removed non-blocking flag from /podr/container/pipe/817f0aeee6ff_careorbit-api-dev/stderr_211d6b2f11104f05897b148e09f8ecf0.
2026-03-18T15:09:34.5435765Z Creating container with image: appsvc/python:3.12_20260203.2.tuxprod from registry: 10.1.0.5:13209 and fully qualified image name: 10.1.0.5:13209/appsvc/python:3.12_20260203.2.tuxprod
2026-03-18T15:09:36.4152789Z Starting container: 817f0aeee6ff_careorbit-api-dev.
2026-03-18T15:09:36.5476077Z Starting watchers and probes.
2026-03-18T15:09:36.5481282Z Starting metrics collection.
2026-03-18T15:09:36.5485526Z Container is running.
2026-03-18T15:09:36.5486575Z State: Starting, Action: CreatingContainer, LastError: ContainerTimeout, LastErrorTimestamp: 03/18/2026 15:08:07, LastErrorDetails: Container did not start within expected time limit of 1800s. Please inspect your container logs for more details., Details: Container careorbit-api-dev successfully created and is running., DetailsLevel: INFO
2026-03-18T15:09:37.0220176Z Container start method finished after 6055 ms.
2026-03-18T15:09:37.0222720Z State: Starting, Action: InitiatingSiteWarmUpProbe, LastError: ContainerTimeout, LastErrorTimestamp: 03/18/2026 15:08:07, LastErrorDetails: Container did not start within expected time limit of 1800s. Please inspect your container logs for more details., Details: Container careorbit-api-dev successfully created and is running., DetailsLevel: INFO
2026-03-18T15:09:37.0222932Z State: Starting, Action: WaitingForSiteWarmUpProbeSuccess, LastError: ContainerTimeout, LastErrorTimestamp: 03/18/2026 15:08:07, LastErrorDetails: Container did not start within expected time limit of 1800s. Please inspect your container logs for more details., Details: Pinging warmup path to ensure container is ready to receive requests., DetailsLevel: INFO
2026-03-18T15:11:18.8093974Z Container has finished running with exit code: 1.
2026-03-18T15:11:18.8377471Z Container is terminating. Grace period: 5 seconds.
2026-03-18T15:11:18.8464557Z Stop and delete container. Retry count = 0
2026-03-18T15:11:18.8465494Z Stopping container: 817f0aeee6ff_careorbit-api-dev.
2026-03-18T15:11:19.1904659Z Deleting container: 817f0aeee6ff_careorbit-api-dev. Retry count = 0
2026-03-18T15:11:19.4868113Z Container spec TerminationMessagePolicy  path 
2026-03-18T15:11:19.4886507Z Container is terminated. Total time elapsed: 650 ms.
2026-03-18T15:11:19.4961640Z Site container: careorbit-api-dev terminated during site startup.
2026-03-18T15:11:19.5021486Z State: Stopping, Action: CancellingStartup, LastError: ContainerTimeout, LastErrorTimestamp: 03/18/2026 15:08:07, LastErrorDetails: Container did not start within expected time limit of 1800s. Please inspect your container logs for more details., Details: Site container: careorbit-api-dev terminated during site startup. Cancelling site startup., DetailsLevel: ERR
2026-03-18T15:11:19.5768951Z Site startup probe failed after 102.5540782 seconds.
2026-03-18T15:11:19.8768227Z State: Stopping, Action: CancellingStartup, LastError: ContainerTimeout, LastErrorTimestamp: 03/18/2026 15:11:19, LastErrorDetails: Container did not start within expected time limit of 1800s. Please inspect your container logs for more details., Details: Site container: careorbit-api-dev terminated during site startup. Cancelling site startup., DetailsLevel: ERR
2026-03-18T15:11:19.8970879Z Failed to start site. Revert by stopping site.
2026-03-18T15:11:19.9054956Z State: Stopping, Action: StoppingSite, LastError: ContainerTimeout, LastErrorTimestamp: 03/18/2026 15:11:19, LastErrorDetails: Container did not start within expected time limit of 1800s. Please inspect your container logs for more details., Details: Site container: careorbit-api-dev terminated during site startup. Cancelling site startup., DetailsLevel: ERR
2026-03-18T15:11:19.9063078Z State: Stopping, Action: StoppingSiteContainers, LastError: ContainerTimeout, LastErrorTimestamp: 03/18/2026 15:11:19, LastErrorDetails: Container did not start within expected time limit of 1800s. Please inspect your container logs for more details., Details: Site container: careorbit-api-dev terminated during site startup. Cancelling site startup., DetailsLevel: ERR
2026-03-18T15:11:19.9065645Z Site: careorbit-api-dev stopped.
2026-03-18T15:11:19.9145812Z State: Stopping, Action: UnmountingVolumes, LastError: ContainerTimeout, LastErrorTimestamp: 03/18/2026 15:11:19, LastErrorDetails: Container did not start within expected time limit of 1800s. Please inspect your container logs for more details., Details: Site container: careorbit-api-dev terminated during site startup. Cancelling site startup., DetailsLevel: ERR
2026-03-18T15:11:20.3260133Z State: Stopping, Action: StoppingSiteNetworks, LastError: ContainerTimeout, LastErrorTimestamp: 03/18/2026 15:11:19, LastErrorDetails: Container did not start within expected time limit of 1800s. Please inspect your container logs for more details., Details: Site container: careorbit-api-dev terminated during site startup. Cancelling site startup., DetailsLevel: ERR
2026-03-18T15:11:21.0448904Z State: Stopped, Action: None, LastError: ContainerTimeout, LastErrorTimestamp: 03/18/2026 15:11:19, LastErrorDetails: Container did not start within expected time limit of 1800s. Please inspect your container logs for more details., Details: Site stopped at 03/18/2026 15:11:21 (UTC), DetailsLevel: ERR
2026-03-18T15:11:21.3143560Z State: Stopped, Action: None, LastError: ContainerTimeout, LastErrorTimestamp: 03/18/2026 15:11:19, LastErrorDetails: Container did not start within expected time limit of 1800s. Please inspect your container logs for more details., Details: Site stopped at 03/18/2026 15:11:21 (UTC), DetailsLevel: ERR
2026-03-18T15:12:13.1981543Z State: Starting, Action: EstablishingSiteNetworks, LastError: ContainerTimeout, LastErrorTimestamp: 03/18/2026 15:11:19, LastErrorDetails: Container did not start within expected time limit of 1800s. Please inspect your container logs for more details., Details: Site stopped at 03/18/2026 15:11:21 (UTC), DetailsLevel: ERR
2026-03-18T15:12:20.0142045Z State: Starting, Action: StartingSiteContainers, LastError: ContainerTimeout, LastErrorTimestamp: 03/18/2026 15:11:19, LastErrorDetails: Container did not start within expected time limit of 1800s. Please inspect your container logs for more details., Details: Site stopped at 03/18/2026 15:11:21 (UTC), DetailsLevel: ERR
2026-03-18T15:12:20.0201422Z Container start method called.
2026-03-18T15:12:20.0203033Z State: Starting, Action: PullingImage, LastError: ContainerTimeout, LastErrorTimestamp: 03/18/2026 15:11:19, LastErrorDetails: Container did not start within expected time limit of 1800s. Please inspect your container logs for more details., Details: Pulling image 10.1.0.5:13209/appsvc/python:3.12_20260203.2.tuxprod for careorbit-api-dev., DetailsLevel: INFO
2026-03-18T15:12:20.0204514Z Establishing network.
2026-03-18T15:12:20.0205829Z Pulling image: appsvc/python:3.12_20260203.2.tuxprod.
2026-03-18T15:12:21.2207795Z Container is starting.
2026-03-18T15:12:21.2293296Z State: Starting, Action: MountingVolumes, LastError: ContainerTimeout, LastErrorTimestamp: 03/18/2026 15:11:19, LastErrorDetails: Container did not start within expected time limit of 1800s. Please inspect your container logs for more details., Details: Mounting volumes for careorbit-api-dev., DetailsLevel: INFO
2026-03-18T15:12:21.2299092Z Establishing user namespace if not established already.
2026-03-18T15:12:21.2300520Z Establishing network if not established already.
2026-03-18T15:12:21.2301855Z Mounting volumes.
2026-03-18T15:12:21.2303585Z Nested mountpoint 
2026-03-18T15:12:21.3590829Z Nested mountpoint volatile/logs
2026-03-18T15:12:21.4204818Z Nested mountpoint 
2026-03-18T15:12:21.5500369Z Nested mountpoint 
2026-03-18T15:12:21.5691755Z Nested mountpoint 
2026-03-18T15:12:24.0585105Z State: Starting, Action: CreatingContainer, LastError: ContainerTimeout, LastErrorTimestamp: 03/18/2026 15:11:19, LastErrorDetails: Container did not start within expected time limit of 1800s. Please inspect your container logs for more details., Details: Finished pulling container image and mounting volumes for careorbit-api-dev. Allocatinng the rest of the container resources to finish container creation., DetailsLevel: INFO
2026-03-18T15:12:24.0589817Z Creating container.
2026-03-18T15:12:24.0591078Z Creating pipes for streaming container io.
2026-03-18T15:12:24.1503500Z Creating stdout named pipe at /podr/container/pipe/bd1becc25719_careorbit-api-dev/stdout_23593ac984564fbaade974bfafa510e4.
2026-03-18T15:12:24.1998957Z Successfully created stdout named pipe at: /podr/container/pipe/bd1becc25719_careorbit-api-dev/stdout_23593ac984564fbaade974bfafa510e4.
2026-03-18T15:12:24.2091075Z Opening named pipe /podr/container/pipe/bd1becc25719_careorbit-api-dev/stdout_23593ac984564fbaade974bfafa510e4 for reading in non-blocking mode.
2026-03-18T15:12:24.2094326Z Successfully opened named pipe: /podr/container/pipe/bd1becc25719_careorbit-api-dev/stdout_23593ac984564fbaade974bfafa510e4.
2026-03-18T15:12:24.2383641Z Successfully removed non-blocking flag from /podr/container/pipe/bd1becc25719_careorbit-api-dev/stdout_23593ac984564fbaade974bfafa510e4.
2026-03-18T15:12:24.2790608Z Creating stderr named pipe at /podr/container/pipe/bd1becc25719_careorbit-api-dev/stderr_9ff7e558ca8d474e9f9a26af2770d1fc.
2026-03-18T15:12:24.2797779Z Successfully created stderr named pipe at: /podr/container/pipe/bd1becc25719_careorbit-api-dev/stderr_9ff7e558ca8d474e9f9a26af2770d1fc.
2026-03-18T15:12:24.3603259Z Opening named pipe /podr/container/pipe/bd1becc25719_careorbit-api-dev/stderr_9ff7e558ca8d474e9f9a26af2770d1fc for reading in non-blocking mode.
2026-03-18T15:12:24.3610420Z Successfully opened named pipe: /podr/container/pipe/bd1becc25719_careorbit-api-dev/stderr_9ff7e558ca8d474e9f9a26af2770d1fc.
2026-03-18T15:12:24.3797539Z Successfully removed non-blocking flag from /podr/container/pipe/bd1becc25719_careorbit-api-dev/stderr_9ff7e558ca8d474e9f9a26af2770d1fc.
2026-03-18T15:12:24.3808590Z Creating container with image: appsvc/python:3.12_20260203.2.tuxprod from registry: 10.1.0.5:13209 and fully qualified image name: 10.1.0.5:13209/appsvc/python:3.12_20260203.2.tuxprod
2026-03-18T15:12:27.1894908Z Starting container: bd1becc25719_careorbit-api-dev.
2026-03-18T15:12:27.4372290Z Starting watchers and probes.
2026-03-18T15:12:27.5166431Z Starting metrics collection.
2026-03-18T15:12:27.5258833Z Container is running.
2026-03-18T15:12:27.5354546Z State: Starting, Action: CreatingContainer, LastError: ContainerTimeout, LastErrorTimestamp: 03/18/2026 15:11:19, LastErrorDetails: Container did not start within expected time limit of 1800s. Please inspect your container logs for more details., Details: Container careorbit-api-dev successfully created and is running., DetailsLevel: INFO
2026-03-18T15:12:28.0491722Z Container start method finished after 8028 ms.
2026-03-18T15:12:28.0493529Z State: Starting, Action: InitiatingSiteWarmUpProbe, LastError: ContainerTimeout, LastErrorTimestamp: 03/18/2026 15:11:19, LastErrorDetails: Container did not start within expected time limit of 1800s. Please inspect your container logs for more details., Details: Container careorbit-api-dev successfully created and is running., DetailsLevel: INFO
2026-03-18T15:12:28.0493705Z State: Starting, Action: WaitingForSiteWarmUpProbeSuccess, LastError: ContainerTimeout, LastErrorTimestamp: 03/18/2026 15:11:19, LastErrorDetails: Container did not start within expected time limit of 1800s. Please inspect your container logs for more details., Details: Pinging warmup path to ensure container is ready to receive requests., DetailsLevel: INFO
2026-03-18T15:13:16.0107736Z Container has finished running with exit code: 1.
2026-03-18T15:13:16.0109088Z Container is terminating. Grace period: 5 seconds.
2026-03-18T15:13:16.0120321Z Stop and delete container. Retry count = 0
2026-03-18T15:13:16.0121139Z Stopping container: bd1becc25719_careorbit-api-dev.
2026-03-18T15:13:16.1751067Z Deleting container: bd1becc25719_careorbit-api-dev. Retry count = 0
2026-03-18T15:13:16.7223183Z Container spec TerminationMessagePolicy  path 
2026-03-18T15:13:16.7229636Z Container is terminated. Total time elapsed: 711 ms.
2026-03-18T15:13:16.7234726Z Site container: careorbit-api-dev terminated during site startup.
2026-03-18T15:13:16.7379371Z State: Stopping, Action: CancellingStartup, LastError: ContainerTimeout, LastErrorTimestamp: 03/18/2026 15:11:19, LastErrorDetails: Container did not start within expected time limit of 1800s. Please inspect your container logs for more details., Details: Site container: careorbit-api-dev terminated during site startup. Cancelling site startup., DetailsLevel: ERR
2026-03-18T15:13:16.9480418Z Site startup probe failed after 48.7364269 seconds.
2026-03-18T15:13:17.3756808Z State: Stopping, Action: CancellingStartup, LastError: ContainerTimeout, LastErrorTimestamp: 03/18/2026 15:13:17, LastErrorDetails: Container did not start within expected time limit of 1800s. Please inspect your container logs for more details., Details: Site container: careorbit-api-dev terminated during site startup. Cancelling site startup., DetailsLevel: ERR
2026-03-18T15:13:17.4426187Z Failed to start site. Revert by stopping site.
2026-03-18T15:13:17.4649169Z State: Stopping, Action: StoppingSite, LastError: ContainerTimeout, LastErrorTimestamp: 03/18/2026 15:13:17, LastErrorDetails: Container did not start within expected time limit of 1800s. Please inspect your container logs for more details., Details: Site container: careorbit-api-dev terminated during site startup. Cancelling site startup., DetailsLevel: ERR
2026-03-18T15:13:17.4848616Z State: Stopping, Action: StoppingSiteContainers, LastError: ContainerTimeout, LastErrorTimestamp: 03/18/2026 15:13:17, LastErrorDetails: Container did not start within expected time limit of 1800s. Please inspect your container logs for more details., Details: Site container: careorbit-api-dev terminated during site startup. Cancelling site startup., DetailsLevel: ERR
2026-03-18T15:13:17.4848865Z Site: careorbit-api-dev stopped.
2026-03-18T15:13:17.5148521Z State: Stopping, Action: UnmountingVolumes, LastError: ContainerTimeout, LastErrorTimestamp: 03/18/2026 15:13:17, LastErrorDetails: Container did not start within expected time limit of 1800s. Please inspect your container logs for more details., Details: Site container: careorbit-api-dev terminated during site startup. Cancelling site startup., DetailsLevel: ERR
2026-03-18T15:13:18.2521729Z State: Stopping, Action: StoppingSiteNetworks, LastError: ContainerTimeout, LastErrorTimestamp: 03/18/2026 15:13:17, LastErrorDetails: Container did not start within expected time limit of 1800s. Please inspect your container logs for more details., Details: Site container: careorbit-api-dev terminated during site startup. Cancelling site startup., DetailsLevel: ERR
2026-03-18T15:13:18.6451213Z Site: careorbit-api-dev will be blocked for 1 minutes till 03/18/2026 15:14:18
2026-03-18T15:13:18.6453967Z State: Blocked, Action: StoppingSiteNetworks, LastError: ContainerTimeout, LastErrorTimestamp: 03/18/2026 15:13:17, LastErrorDetails: Container did not start within expected time limit of 1800s. Please inspect your container logs for more details., Details: Site: careorbit-api-dev will be blocked for 1 minutes till 03/18/2026 15:14:18, DetailsLevel: WARN
2026-03-18T15:13:18.6456628Z State: Stopped, Action: None, LastError: ContainerTimeout, LastErrorTimestamp: 03/18/2026 15:13:17, LastErrorDetails: Container did not start within expected time limit of 1800s. Please inspect your container logs for more details., Details: Site stopped at 03/18/2026 15:13:18 (UTC), DetailsLevel: WARN
2026-03-18T15:13:19.0779180Z State: Stopped, Action: None, LastError: ContainerTimeout, LastErrorTimestamp: 03/18/2026 15:13:17, LastErrorDetails: Container did not start within expected time limit of 1800s. Please inspect your container logs for more details., Details: Site stopped at 03/18/2026 15:13:18 (UTC), DetailsLevel: WARN
2026-03-18T15:13:38.9948521Z State: Blocked, Action: None, LastError: ContainerTimeout, LastErrorTimestamp: 03/18/2026 15:13:17, LastErrorDetails: Container did not start within expected time limit of 1800s. Please inspect your container logs for more details., Details: Site is blocked due to multiple, consecutive cold start failures. Site scheduled to be unblocked at 03/18/2026 15:14:18, DetailsLevel: WARN
2026-03-18T15:13:38.9949167Z Start site prohibitted because the site is being blocked.
2026-03-18T15:13:39.1709967Z State: Blocked, Action: None, LastError: ContainerTimeout, LastErrorTimestamp: 03/18/2026 15:13:17, LastErrorDetails: Container did not start within expected time limit of 1800s. Please inspect your container logs for more details., Details: Site is blocked due to multiple, consecutive cold start failures. Site scheduled to be unblocked at 03/18/2026 15:14:18, DetailsLevel: WARN
2026-03-18T15:13:39.1710596Z Start site prohibitted because the site is being blocked.
2026-03-18T15:13:54.4385305Z State: Blocked, Action: None, LastError: ContainerTimeout, LastErrorTimestamp: 03/18/2026 15:13:17, LastErrorDetails: Container did not start within expected time limit of 1800s. Please inspect your container logs for more details., Details: Site is blocked due to multiple, consecutive cold start failures. Site scheduled to be unblocked at 03/18/2026 15:14:18, DetailsLevel: WARN
2026-03-18T15:13:54.4386420Z Start site prohibitted because the site is being blocked.
2026-03-18T15:13:54.6689956Z State: Blocked, Action: None, LastError: ContainerTimeout, LastErrorTimestamp: 03/18/2026 15:13:17, LastErrorDetails: Container did not start within expected time limit of 1800s. Please inspect your container logs for more details., Details: Site is blocked due to multiple, consecutive cold start failures. Site scheduled to be unblocked at 03/18/2026 15:14:18, DetailsLevel: WARN
2026-03-18T15:13:54.6950442Z Start site prohibitted because the site is being blocked.
2026-03-18T15:14:09.9307829Z State: Blocked, Action: None, LastError: ContainerTimeout, LastErrorTimestamp: 03/18/2026 15:13:17, LastErrorDetails: Container did not start within expected time limit of 1800s. Please inspect your container logs for more details., Details: Site is blocked due to multiple, consecutive cold start failures. Site scheduled to be unblocked at 03/18/2026 15:14:18, DetailsLevel: WARN
2026-03-18T15:14:09.9370993Z Start site prohibitted because the site is being blocked.
2026-03-18T15:14:10.4456861Z State: Blocked, Action: None, LastError: ContainerTimeout, LastErrorTimestamp: 03/18/2026 15:13:17, LastErrorDetails: Container did not start within expected time limit of 1800s. Please inspect your container logs for more details., Details: Site is blocked due to multiple, consecutive cold start failures. Site scheduled to be unblocked at 03/18/2026 15:14:18, DetailsLevel: WARN
2026-03-18T15:14:10.4461586Z Start site prohibitted because the site is being blocked.
2026-03-18T15:14:18.6522373Z Site: careorbit-api-dev is unblocked.
2026-03-18T15:14:25.6923382Z State: Starting, Action: EstablishingSiteNetworks, LastError: ContainerTimeout, LastErrorTimestamp: 03/18/2026 15:13:17, LastErrorDetails: Container did not start within expected time limit of 1800s. Please inspect your container logs for more details., Details: Site is blocked due to multiple, consecutive cold start failures. Site scheduled to be unblocked at 03/18/2026 15:14:18, DetailsLevel: WARN
2026-03-18T15:14:31.1667063Z State: Starting, Action: StartingSiteContainers, LastError: ContainerTimeout, LastErrorTimestamp: 03/18/2026 15:13:17, LastErrorDetails: Container did not start within expected time limit of 1800s. Please inspect your container logs for more details., Details: Site is blocked due to multiple, consecutive cold start failures. Site scheduled to be unblocked at 03/18/2026 15:14:18, DetailsLevel: WARN
2026-03-18T15:14:31.1668381Z Container start method called.
2026-03-18T15:14:31.1865829Z State: Starting, Action: PullingImage, LastError: ContainerTimeout, LastErrorTimestamp: 03/18/2026 15:13:17, LastErrorDetails: Container did not start within expected time limit of 1800s. Please inspect your container logs for more details., Details: Pulling image 10.1.0.5:13209/appsvc/python:3.12_20260203.2.tuxprod for careorbit-api-dev., DetailsLevel: INFO
2026-03-18T15:14:31.1876934Z Establishing network.
2026-03-18T15:14:31.1879632Z Pulling image: appsvc/python:3.12_20260203.2.tuxprod.
2026-03-18T15:14:32.1244013Z Container is starting.
2026-03-18T15:14:32.1325875Z State: Starting, Action: MountingVolumes, LastError: ContainerTimeout, LastErrorTimestamp: 03/18/2026 15:13:17, LastErrorDetails: Container did not start within expected time limit of 1800s. Please inspect your container logs for more details., Details: Mounting volumes for careorbit-api-dev., DetailsLevel: INFO
2026-03-18T15:14:32.1334431Z Establishing user namespace if not established already.
2026-03-18T15:14:32.1335468Z Establishing network if not established already.
2026-03-18T15:14:32.1336450Z Mounting volumes.
2026-03-18T15:14:32.1436443Z Nested mountpoint 
2026-03-18T15:14:32.1946280Z Nested mountpoint volatile/logs
2026-03-18T15:14:32.2532618Z Nested mountpoint 
2026-03-18T15:14:32.3249098Z Nested mountpoint 
2026-03-18T15:14:32.4846352Z Nested mountpoint 
2026-03-18T15:14:33.7581487Z State: Starting, Action: CreatingContainer, LastError: ContainerTimeout, LastErrorTimestamp: 03/18/2026 15:13:17, LastErrorDetails: Container did not start within expected time limit of 1800s. Please inspect your container logs for more details., Details: Finished pulling container image and mounting volumes for careorbit-api-dev. Allocatinng the rest of the container resources to finish container creation., DetailsLevel: INFO
2026-03-18T15:14:33.7592052Z Creating container.
2026-03-18T15:14:33.7891747Z Creating pipes for streaming container io.
2026-03-18T15:14:33.7907198Z Creating stdout named pipe at /podr/container/pipe/c15f695318f4_careorbit-api-dev/stdout_73c858228f9e4e6d990c3703aca52168.
2026-03-18T15:14:33.8349240Z Successfully created stdout named pipe at: /podr/container/pipe/c15f695318f4_careorbit-api-dev/stdout_73c858228f9e4e6d990c3703aca52168.
2026-03-18T15:14:33.8464579Z Opening named pipe /podr/container/pipe/c15f695318f4_careorbit-api-dev/stdout_73c858228f9e4e6d990c3703aca52168 for reading in non-blocking mode.
2026-03-18T15:14:33.8616883Z Successfully opened named pipe: /podr/container/pipe/c15f695318f4_careorbit-api-dev/stdout_73c858228f9e4e6d990c3703aca52168.
2026-03-18T15:14:33.8686546Z Successfully removed non-blocking flag from /podr/container/pipe/c15f695318f4_careorbit-api-dev/stdout_73c858228f9e4e6d990c3703aca52168.
2026-03-18T15:14:33.8699818Z Creating stderr named pipe at /podr/container/pipe/c15f695318f4_careorbit-api-dev/stderr_778391f48b8c43f3a9492f7e97940549.
2026-03-18T15:14:33.8792357Z Successfully created stderr named pipe at: /podr/container/pipe/c15f695318f4_careorbit-api-dev/stderr_778391f48b8c43f3a9492f7e97940549.
2026-03-18T15:14:33.8809491Z Opening named pipe /podr/container/pipe/c15f695318f4_careorbit-api-dev/stderr_778391f48b8c43f3a9492f7e97940549 for reading in non-blocking mode.
2026-03-18T15:14:33.8898454Z Successfully opened named pipe: /podr/container/pipe/c15f695318f4_careorbit-api-dev/stderr_778391f48b8c43f3a9492f7e97940549.
2026-03-18T15:14:33.8907108Z Successfully removed non-blocking flag from /podr/container/pipe/c15f695318f4_careorbit-api-dev/stderr_778391f48b8c43f3a9492f7e97940549.
2026-03-18T15:14:33.8984762Z Creating container with image: appsvc/python:3.12_20260203.2.tuxprod from registry: 10.1.0.5:13209 and fully qualified image name: 10.1.0.5:13209/appsvc/python:3.12_20260203.2.tuxprod
2026-03-18T15:14:34.9888217Z Starting container: c15f695318f4_careorbit-api-dev.
2026-03-18T15:14:35.2248652Z Starting watchers and probes.
2026-03-18T15:14:35.2536822Z Starting metrics collection.
2026-03-18T15:14:35.2538371Z Container is running.
2026-03-18T15:14:35.2539446Z State: Starting, Action: CreatingContainer, LastError: ContainerTimeout, LastErrorTimestamp: 03/18/2026 15:13:17, LastErrorDetails: Container did not start within expected time limit of 1800s. Please inspect your container logs for more details., Details: Container careorbit-api-dev successfully created and is running., DetailsLevel: INFO
2026-03-18T15:14:35.6846156Z Container start method finished after 4517 ms.
2026-03-18T15:14:35.6852443Z State: Starting, Action: InitiatingSiteWarmUpProbe, LastError: ContainerTimeout, LastErrorTimestamp: 03/18/2026 15:13:17, LastErrorDetails: Container did not start within expected time limit of 1800s. Please inspect your container logs for more details., Details: Container careorbit-api-dev successfully created and is running., DetailsLevel: INFO
2026-03-18T15:14:35.7143995Z State: Starting, Action: WaitingForSiteWarmUpProbeSuccess, LastError: ContainerTimeout, LastErrorTimestamp: 03/18/2026 15:13:17, LastErrorDetails: Container did not start within expected time limit of 1800s. Please inspect your container logs for more details., Details: Pinging warmup path to ensure container is ready to receive requests., DetailsLevel: INFO
2026-03-18T15:15:21.2133267Z Container has finished running with exit code: 1.
2026-03-18T15:15:21.2134571Z Container is terminating. Grace period: 5 seconds.
2026-03-18T15:15:21.2137334Z Stop and delete container. Retry count = 0
2026-03-18T15:15:21.2138095Z Stopping container: c15f695318f4_careorbit-api-dev.
2026-03-18T15:15:21.6221443Z Deleting container: c15f695318f4_careorbit-api-dev. Retry count = 0
2026-03-18T15:15:22.3002785Z Container spec TerminationMessagePolicy  path 
2026-03-18T15:15:22.3011389Z Container is terminated. Total time elapsed: 1086 ms.
2026-03-18T15:15:22.3016148Z Site container: careorbit-api-dev terminated during site startup.
2026-03-18T15:15:22.3105812Z State: Stopping, Action: CancellingStartup, LastError: ContainerTimeout, LastErrorTimestamp: 03/18/2026 15:13:17, LastErrorDetails: Container did not start within expected time limit of 1800s. Please inspect your container logs for more details., Details: Site container: careorbit-api-dev terminated during site startup. Cancelling site startup., DetailsLevel: ERR
2026-03-18T15:15:22.5221371Z Site startup probe failed after 46.6621808 seconds.
2026-03-18T15:15:23.0565597Z Container get mounts received unexpected exception.
2026-03-18T15:15:23.0715599Z Container get mounts received unexpected exception.
2026-03-18T15:15:23.4868589Z State: Stopping, Action: CancellingStartup, LastError: ContainerTimeout, LastErrorTimestamp: 03/18/2026 15:15:23, LastErrorDetails: Container did not start within expected time limit of 1800s. Please inspect your container logs for more details., Details: Site container: careorbit-api-dev terminated during site startup. Cancelling site startup., DetailsLevel: ERR
2026-03-18T15:15:23.5576004Z Failed to start site. Revert by stopping site.
2026-03-18T15:15:23.5582624Z State: Stopping, Action: StoppingSite, LastError: ContainerTimeout, LastErrorTimestamp: 03/18/2026 15:15:23, LastErrorDetails: Container did not start within expected time limit of 1800s. Please inspect your container logs for more details., Details: Site container: careorbit-api-dev terminated during site startup. Cancelling site startup., DetailsLevel: ERR
2026-03-18T15:15:23.5865651Z State: Stopping, Action: StoppingSiteContainers, LastError: ContainerTimeout, LastErrorTimestamp: 03/18/2026 15:15:23, LastErrorDetails: Container did not start within expected time limit of 1800s. Please inspect your container logs for more details., Details: Site container: careorbit-api-dev terminated during site startup. Cancelling site startup., DetailsLevel: ERR
2026-03-18T15:15:23.5865997Z Site: careorbit-api-dev stopped.
2026-03-18T15:15:23.6016099Z State: Stopping, Action: UnmountingVolumes, LastError: ContainerTimeout, LastErrorTimestamp: 03/18/2026 15:15:23, LastErrorDetails: Container did not start within expected time limit of 1800s. Please inspect your container logs for more details., Details: Site container: careorbit-api-dev terminated during site startup. Cancelling site startup., DetailsLevel: ERR
2026-03-18T15:15:25.3467748Z State: Stopping, Action: StoppingSiteNetworks, LastError: ContainerTimeout, LastErrorTimestamp: 03/18/2026 15:15:23, LastErrorDetails: Container did not start within expected time limit of 1800s. Please inspect your container logs for more details., Details: Site container: careorbit-api-dev terminated during site startup. Cancelling site startup., DetailsLevel: ERR
2026-03-18T15:15:27.1433377Z Site: careorbit-api-dev will be blocked for 1 minutes till 03/18/2026 15:16:27
2026-03-18T15:15:27.1437418Z State: Blocked, Action: StoppingSiteNetworks, LastError: ContainerTimeout, LastErrorTimestamp: 03/18/2026 15:15:23, LastErrorDetails: Container did not start within expected time limit of 1800s. Please inspect your container logs for more details., Details: Site: careorbit-api-dev will be blocked for 1 minutes till 03/18/2026 15:16:27, DetailsLevel: WARN
2026-03-18T15:15:27.1440342Z State: Stopped, Action: None, LastError: ContainerTimeout, LastErrorTimestamp: 03/18/2026 15:15:23, LastErrorDetails: Container did not start within expected time limit of 1800s. Please inspect your container logs for more details., Details: Site stopped at 03/18/2026 15:15:27 (UTC), DetailsLevel: WARN
2026-03-18T15:15:28.2738933Z State: Stopped, Action: None, LastError: ContainerTimeout, LastErrorTimestamp: 03/18/2026 15:15:23, LastErrorDetails: Container did not start within expected time limit of 1800s. Please inspect your container logs for more details., Details: Site stopped at 03/18/2026 15:15:27 (UTC), DetailsLevel: WARN
2026-03-18T15:15:29.6533452Z State: Blocked, Action: None, LastError: ContainerTimeout, LastErrorTimestamp: 03/18/2026 15:15:23, LastErrorDetails: Container did not start within expected time limit of 1800s. Please inspect your container logs for more details., Details: Site is blocked due to multiple, consecutive cold start failures. Site scheduled to be unblocked at 03/18/2026 15:16:27, DetailsLevel: WARN
2026-03-18T15:15:29.6533876Z Start site prohibitted because the site is being blocked.
2026-03-18T15:15:45.0683225Z State: Blocked, Action: None, LastError: ContainerTimeout, LastErrorTimestamp: 03/18/2026 15:15:23, LastErrorDetails: Container did not start within expected time limit of 1800s. Please inspect your container logs for more details., Details: Site is blocked due to multiple, consecutive cold start failures. Site scheduled to be unblocked at 03/18/2026 15:16:27, DetailsLevel: WARN
2026-03-18T15:15:45.0684930Z Start site prohibitted because the site is being blocked.
2026-03-18T15:15:45.5883654Z State: Blocked, Action: None, LastError: ContainerTimeout, LastErrorTimestamp: 03/18/2026 15:15:23, LastErrorDetails: Container did not start within expected time limit of 1800s. Please inspect your container logs for more details., Details: Site is blocked due to multiple, consecutive cold start failures. Site scheduled to be unblocked at 03/18/2026 15:16:27, DetailsLevel: WARN
2026-03-18T15:15:45.5884323Z Start site prohibitted because the site is being blocked.
2026-03-18T15:16:00.9514889Z State: Blocked, Action: None, LastError: ContainerTimeout, LastErrorTimestamp: 03/18/2026 15:15:23, LastErrorDetails: Container did not start within expected time limit of 1800s. Please inspect your container logs for more details., Details: Site is blocked due to multiple, consecutive cold start failures. Site scheduled to be unblocked at 03/18/2026 15:16:27, DetailsLevel: WARN
2026-03-18T15:16:00.9604010Z Start site prohibitted because the site is being blocked.
2026-03-18T15:16:01.2916900Z State: Blocked, Action: None, LastError: ContainerTimeout, LastErrorTimestamp: 03/18/2026 15:15:23, LastErrorDetails: Container did not start within expected time limit of 1800s. Please inspect your container logs for more details., Details: Site is blocked due to multiple, consecutive cold start failures. Site scheduled to be unblocked at 03/18/2026 15:16:27, DetailsLevel: WARN
2026-03-18T15:16:01.3006636Z Start site prohibitted because the site is being blocked.
2026-03-18T15:16:16.8435868Z State: Blocked, Action: None, LastError: ContainerTimeout, LastErrorTimestamp: 03/18/2026 15:15:23, LastErrorDetails: Container did not start within expected time limit of 1800s. Please inspect your container logs for more details., Details: Site is blocked due to multiple, consecutive cold start failures. Site scheduled to be unblocked at 03/18/2026 15:16:27, DetailsLevel: WARN
2026-03-18T15:16:16.8436240Z Start site prohibitted because the site is being blocked.
2026-03-18T15:16:17.5357149Z State: Blocked, Action: None, LastError: ContainerTimeout, LastErrorTimestamp: 03/18/2026 15:15:23, LastErrorDetails: Container did not start within expected time limit of 1800s. Please inspect your container logs for more details., Details: Site is blocked due to multiple, consecutive cold start failures. Site scheduled to be unblocked at 03/18/2026 15:16:27, DetailsLevel: WARN
2026-03-18T15:16:17.5358523Z Start site prohibitted because the site is being blocked.
2026-03-18T15:16:27.1340294Z Site: careorbit-api-dev is unblocked.
2026-03-18T15:16:32.8896146Z State: Starting, Action: EstablishingSiteNetworks, LastError: ContainerTimeout, LastErrorTimestamp: 03/18/2026 15:15:23, LastErrorDetails: Container did not start within expected time limit of 1800s. Please inspect your container logs for more details., Details: Site is blocked due to multiple, consecutive cold start failures. Site scheduled to be unblocked at 03/18/2026 15:16:27, DetailsLevel: WARN
2026-03-18T15:16:36.8974602Z State: Starting, Action: StartingSiteContainers, LastError: ContainerTimeout, LastErrorTimestamp: 03/18/2026 15:15:23, LastErrorDetails: Container did not start within expected time limit of 1800s. Please inspect your container logs for more details., Details: Site is blocked due to multiple, consecutive cold start failures. Site scheduled to be unblocked at 03/18/2026 15:16:27, DetailsLevel: WARN
2026-03-18T15:16:36.9061581Z Container start method called.
2026-03-18T15:16:36.9062468Z State: Starting, Action: PullingImage, LastError: ContainerTimeout, LastErrorTimestamp: 03/18/2026 15:15:23, LastErrorDetails: Container did not start within expected time limit of 1800s. Please inspect your container logs for more details., Details: Pulling image 10.1.0.5:13209/appsvc/python:3.12_20260203.2.tuxprod for careorbit-api-dev., DetailsLevel: INFO
2026-03-18T15:16:36.9063330Z Establishing network.
2026-03-18T15:16:36.9064425Z Pulling image: appsvc/python:3.12_20260203.2.tuxprod.
2026-03-18T15:16:37.2899590Z Container is starting.
2026-03-18T15:16:37.2900402Z State: Starting, Action: MountingVolumes, LastError: ContainerTimeout, LastErrorTimestamp: 03/18/2026 15:15:23, LastErrorDetails: Container did not start within expected time limit of 1800s. Please inspect your container logs for more details., Details: Mounting volumes for careorbit-api-dev., DetailsLevel: INFO
2026-03-18T15:16:37.2901123Z Establishing user namespace if not established already.
2026-03-18T15:16:37.2901945Z Establishing network if not established already.
2026-03-18T15:16:37.3061673Z Mounting volumes.
2026-03-18T15:16:37.3118089Z Nested mountpoint 
2026-03-18T15:16:37.3617587Z Nested mountpoint volatile/logs
2026-03-18T15:16:37.3906372Z Nested mountpoint 
2026-03-18T15:16:37.4705759Z Nested mountpoint 
2026-03-18T15:16:37.4805398Z Nested mountpoint 
2026-03-18T15:16:38.3825514Z State: Starting, Action: CreatingContainer, LastError: ContainerTimeout, LastErrorTimestamp: 03/18/2026 15:15:23, LastErrorDetails: Container did not start within expected time limit of 1800s. Please inspect your container logs for more details., Details: Finished pulling container image and mounting volumes for careorbit-api-dev. Allocatinng the rest of the container resources to finish container creation., DetailsLevel: INFO
2026-03-18T15:16:38.3827219Z Creating container.
2026-03-18T15:16:38.3828837Z Creating pipes for streaming container io.
2026-03-18T15:16:38.4026923Z Creating stdout named pipe at /podr/container/pipe/f8e31c72d749_careorbit-api-dev/stdout_1b452788d38046d6b15e13db08e7ac81.
2026-03-18T15:16:38.4179371Z Successfully created stdout named pipe at: /podr/container/pipe/f8e31c72d749_careorbit-api-dev/stdout_1b452788d38046d6b15e13db08e7ac81.
2026-03-18T15:16:38.4181330Z Opening named pipe /podr/container/pipe/f8e31c72d749_careorbit-api-dev/stdout_1b452788d38046d6b15e13db08e7ac81 for reading in non-blocking mode.
2026-03-18T15:16:38.4183316Z Successfully opened named pipe: /podr/container/pipe/f8e31c72d749_careorbit-api-dev/stdout_1b452788d38046d6b15e13db08e7ac81.
2026-03-18T15:16:38.4187026Z Successfully removed non-blocking flag from /podr/container/pipe/f8e31c72d749_careorbit-api-dev/stdout_1b452788d38046d6b15e13db08e7ac81.
2026-03-18T15:16:38.4337680Z Creating stderr named pipe at /podr/container/pipe/f8e31c72d749_careorbit-api-dev/stderr_137e2199b13b426985923b73f400edc8.
2026-03-18T15:16:38.4574266Z Successfully created stderr named pipe at: /podr/container/pipe/f8e31c72d749_careorbit-api-dev/stderr_137e2199b13b426985923b73f400edc8.
2026-03-18T15:16:38.4577424Z Opening named pipe /podr/container/pipe/f8e31c72d749_careorbit-api-dev/stderr_137e2199b13b426985923b73f400edc8 for reading in non-blocking mode.
2026-03-18T15:16:38.4578803Z Successfully opened named pipe: /podr/container/pipe/f8e31c72d749_careorbit-api-dev/stderr_137e2199b13b426985923b73f400edc8.
2026-03-18T15:16:38.4579634Z Successfully removed non-blocking flag from /podr/container/pipe/f8e31c72d749_careorbit-api-dev/stderr_137e2199b13b426985923b73f400edc8.
2026-03-18T15:16:38.4580828Z Creating container with image: appsvc/python:3.12_20260203.2.tuxprod from registry: 10.1.0.5:13209 and fully qualified image name: 10.1.0.5:13209/appsvc/python:3.12_20260203.2.tuxprod
2026-03-18T15:16:39.5236664Z Starting container: f8e31c72d749_careorbit-api-dev.
2026-03-18T15:16:39.6026255Z Starting watchers and probes.
2026-03-18T15:16:39.6038467Z Starting metrics collection.
2026-03-18T15:16:39.6139277Z Container is running.
2026-03-18T15:16:39.6140704Z State: Starting, Action: CreatingContainer, LastError: ContainerTimeout, LastErrorTimestamp: 03/18/2026 15:15:23, LastErrorDetails: Container did not start within expected time limit of 1800s. Please inspect your container logs for more details., Details: Container careorbit-api-dev successfully created and is running., DetailsLevel: INFO
2026-03-18T15:16:39.7534281Z Container start method finished after 2757 ms.
2026-03-18T15:16:39.7540953Z State: Starting, Action: InitiatingSiteWarmUpProbe, LastError: ContainerTimeout, LastErrorTimestamp: 03/18/2026 15:15:23, LastErrorDetails: Container did not start within expected time limit of 1800s. Please inspect your container logs for more details., Details: Container careorbit-api-dev successfully created and is running., DetailsLevel: INFO
2026-03-18T15:16:39.7541581Z State: Starting, Action: WaitingForSiteWarmUpProbeSuccess, LastError: ContainerTimeout, LastErrorTimestamp: 03/18/2026 15:15:23, LastErrorDetails: Container did not start within expected time limit of 1800s. Please inspect your container logs for more details., Details: Pinging warmup path to ensure container is ready to receive requests., DetailsLevel: INFO
2026-03-18T15:17:14.1530115Z Container has finished running with exit code: 1.
2026-03-18T15:17:14.1534058Z Container is terminating. Grace period: 5 seconds.
2026-03-18T15:17:14.1821250Z Stop and delete container. Retry count = 0
2026-03-18T15:17:14.1822751Z Stopping container: f8e31c72d749_careorbit-api-dev.
2026-03-18T15:17:14.3364688Z Deleting container: f8e31c72d749_careorbit-api-dev. Retry count = 0
2026-03-18T15:17:14.9790661Z Container spec TerminationMessagePolicy  path 
2026-03-18T15:17:14.9827913Z Container is terminated. Total time elapsed: 829 ms.
2026-03-18T15:17:14.9907869Z Site container: careorbit-api-dev terminated during site startup.
2026-03-18T15:17:15.0165260Z State: Stopping, Action: CancellingStartup, LastError: ContainerTimeout, LastErrorTimestamp: 03/18/2026 15:15:23, LastErrorDetails: Container did not start within expected time limit of 1800s. Please inspect your container logs for more details., Details: Site container: careorbit-api-dev terminated during site startup. Cancelling site startup., DetailsLevel: ERR
2026-03-18T15:17:15.2282784Z Site startup probe failed after 35.4735497 seconds.
2026-03-18T15:17:15.9066582Z State: Stopping, Action: CancellingStartup, LastError: ContainerTimeout, LastErrorTimestamp: 03/18/2026 15:17:15, LastErrorDetails: Container did not start within expected time limit of 1800s. Please inspect your container logs for more details., Details: Site container: careorbit-api-dev terminated during site startup. Cancelling site startup., DetailsLevel: ERR
2026-03-18T15:17:16.1160372Z Failed to start site. Revert by stopping site.
2026-03-18T15:17:16.1165839Z State: Stopping, Action: StoppingSite, LastError: ContainerTimeout, LastErrorTimestamp: 03/18/2026 15:17:15, LastErrorDetails: Container did not start within expected time limit of 1800s. Please inspect your container logs for more details., Details: Site container: careorbit-api-dev terminated during site startup. Cancelling site startup., DetailsLevel: ERR
2026-03-18T15:17:16.1169496Z State: Stopping, Action: StoppingSiteContainers, LastError: ContainerTimeout, LastErrorTimestamp: 03/18/2026 15:17:15, LastErrorDetails: Container did not start within expected time limit of 1800s. Please inspect your container logs for more details., Details: Site container: careorbit-api-dev terminated during site startup. Cancelling site startup., DetailsLevel: ERR
2026-03-18T15:17:16.1169608Z Site: careorbit-api-dev stopped.
2026-03-18T15:17:16.1262934Z State: Stopping, Action: UnmountingVolumes, LastError: ContainerTimeout, LastErrorTimestamp: 03/18/2026 15:17:15, LastErrorDetails: Container did not start within expected time limit of 1800s. Please inspect your container logs for more details., Details: Site container: careorbit-api-dev terminated during site startup. Cancelling site startup., DetailsLevel: ERR
2026-03-18T15:17:16.9377373Z State: Stopping, Action: StoppingSiteNetworks, LastError: ContainerTimeout, LastErrorTimestamp: 03/18/2026 15:17:15, LastErrorDetails: Container did not start within expected time limit of 1800s. Please inspect your container logs for more details., Details: Site container: careorbit-api-dev terminated during site startup. Cancelling site startup., DetailsLevel: ERR
2026-03-18T15:17:17.9218845Z Site: careorbit-api-dev will be blocked for 2 minutes till 03/18/2026 15:19:17
2026-03-18T15:17:17.9228767Z State: Blocked, Action: StoppingSiteNetworks, LastError: ContainerTimeout, LastErrorTimestamp: 03/18/2026 15:17:15, LastErrorDetails: Container did not start within expected time limit of 1800s. Please inspect your container logs for more details., Details: Site: careorbit-api-dev will be blocked for 2 minutes till 03/18/2026 15:19:17, DetailsLevel: WARN
2026-03-18T15:17:17.9233006Z State: Stopped, Action: None, LastError: ContainerTimeout, LastErrorTimestamp: 03/18/2026 15:17:15, LastErrorDetails: Container did not start within expected time limit of 1800s. Please inspect your container logs for more details., Details: Site stopped at 03/18/2026 15:17:17 (UTC), DetailsLevel: WARN
2026-03-18T15:17:18.2842870Z State: Stopped, Action: None, LastError: ContainerTimeout, LastErrorTimestamp: 03/18/2026 15:17:15, LastErrorDetails: Container did not start within expected time limit of 1800s. Please inspect your container logs for more details., Details: Site stopped at 03/18/2026 15:17:17 (UTC), DetailsLevel: WARN
2026-03-18T15:17:28.0134839Z State: Blocked, Action: None, LastError: ContainerTimeout, LastErrorTimestamp: 03/18/2026 15:17:15, LastErrorDetails: Container did not start within expected time limit of 1800s. Please inspect your container logs for more details., Details: Site is blocked due to multiple, consecutive cold start failures. Site scheduled to be unblocked at 03/18/2026 15:19:17, DetailsLevel: WARN
2026-03-18T15:17:28.0135503Z Start site prohibitted because the site is being blocked.
2026-03-18T15:17:28.2028519Z State: Blocked, Action: None, LastError: ContainerTimeout, LastErrorTimestamp: 03/18/2026 15:17:15, LastErrorDetails: Container did not start within expected time limit of 1800s. Please inspect your container logs for more details., Details: Site is blocked due to multiple, consecutive cold start failures. Site scheduled to be unblocked at 03/18/2026 15:19:17, DetailsLevel: WARN
2026-03-18T15:17:28.2029148Z Start site prohibitted because the site is being blocked.
2026-03-18T15:17:43.3174626Z State: Blocked, Action: None, LastError: ContainerTimeout, LastErrorTimestamp: 03/18/2026 15:17:15, LastErrorDetails: Container did not start within expected time limit of 1800s. Please inspect your container logs for more details., Details: Site is blocked due to multiple, consecutive cold start failures. Site scheduled to be unblocked at 03/18/2026 15:19:17, DetailsLevel: WARN
2026-03-18T15:17:43.3175002Z Start site prohibitted because the site is being blocked.
2026-03-18T15:17:43.5253531Z State: Blocked, Action: None, LastError: ContainerTimeout, LastErrorTimestamp: 03/18/2026 15:17:15, LastErrorDetails: Container did not start within expected time limit of 1800s. Please inspect your container logs for more details., Details: Site is blocked due to multiple, consecutive cold start failures. Site scheduled to be unblocked at 03/18/2026 15:19:17, DetailsLevel: WARN
2026-03-18T15:17:43.5255777Z Start site prohibitted because the site is being blocked.
2026-03-18T15:17:58.6689997Z State: Blocked, Action: None, LastError: ContainerTimeout, LastErrorTimestamp: 03/18/2026 15:17:15, LastErrorDetails: Container did not start within expected time limit of 1800s. Please inspect your container logs for more details., Details: Site is blocked due to multiple, consecutive cold start failures. Site scheduled to be unblocked at 03/18/2026 15:19:17, DetailsLevel: WARN
2026-03-18T15:17:58.6690389Z Start site prohibitted because the site is being blocked.
2026-03-18T15:17:58.8687584Z State: Blocked, Action: None, LastError: ContainerTimeout, LastErrorTimestamp: 03/18/2026 15:17:15, LastErrorDetails: Container did not start within expected time limit of 1800s. Please inspect your container logs for more details., Details: Site is blocked due to multiple, consecutive cold start failures. Site scheduled to be unblocked at 03/18/2026 15:19:17, DetailsLevel: WARN
2026-03-18T15:17:58.8687972Z Start site prohibitted because the site is being blocked.
2026-03-18T15:18:14.0734530Z State: Blocked, Action: None, LastError: ContainerTimeout, LastErrorTimestamp: 03/18/2026 15:17:15, LastErrorDetails: Container did not start within expected time limit of 1800s. Please inspect your container logs for more details., Details: Site is blocked due to multiple, consecutive cold start failures. Site scheduled to be unblocked at 03/18/2026 15:19:17, DetailsLevel: WARN
2026-03-18T15:18:14.0735510Z Start site prohibitted because the site is being blocked.
2026-03-18T15:18:14.2773400Z State: Blocked, Action: None, LastError: ContainerTimeout, LastErrorTimestamp: 03/18/2026 15:17:15, LastErrorDetails: Container did not start within expected time limit of 1800s. Please inspect your container logs for more details., Details: Site is blocked due to multiple, consecutive cold start failures. Site scheduled to be unblocked at 03/18/2026 15:19:17, DetailsLevel: WARN
2026-03-18T15:18:14.2774484Z Start site prohibitted because the site is being blocked.
2026-03-18T15:18:29.4529997Z State: Blocked, Action: None, LastError: ContainerTimeout, LastErrorTimestamp: 03/18/2026 15:17:15, LastErrorDetails: Container did not start within expected time limit of 1800s. Please inspect your container logs for more details., Details: Site is blocked due to multiple, consecutive cold start failures. Site scheduled to be unblocked at 03/18/2026 15:19:17, DetailsLevel: WARN
2026-03-18T15:18:29.4698534Z Start site prohibitted because the site is being blocked.
2026-03-18T15:18:29.7298254Z State: Blocked, Action: None, LastError: ContainerTimeout, LastErrorTimestamp: 03/18/2026 15:17:15, LastErrorDetails: Container did not start within expected time limit of 1800s. Please inspect your container logs for more details., Details: Site is blocked due to multiple, consecutive cold start failures. Site scheduled to be unblocked at 03/18/2026 15:19:17, DetailsLevel: WARN
2026-03-18T15:18:29.7298924Z Start site prohibitted because the site is being blocked.
2026-03-18T15:18:44.8925009Z State: Blocked, Action: None, LastError: ContainerTimeout, LastErrorTimestamp: 03/18/2026 15:17:15, LastErrorDetails: Container did not start within expected time limit of 1800s. Please inspect your container logs for more details., Details: Site is blocked due to multiple, consecutive cold start failures. Site scheduled to be unblocked at 03/18/2026 15:19:17, DetailsLevel: WARN
2026-03-18T15:18:44.8925670Z Start site prohibitted because the site is being blocked.
2026-03-18T15:18:45.0941912Z State: Blocked, Action: None, LastError: ContainerTimeout, LastErrorTimestamp: 03/18/2026 15:17:15, LastErrorDetails: Container did not start within expected time limit of 1800s. Please inspect your container logs for more details., Details: Site is blocked due to multiple, consecutive cold start failures. Site scheduled to be unblocked at 03/18/2026 15:19:17, DetailsLevel: WARN
2026-03-18T15:18:45.0942559Z Start site prohibitted because the site is being blocked.
2026-03-18T15:19:00.1930870Z State: Blocked, Action: None, LastError: ContainerTimeout, LastErrorTimestamp: 03/18/2026 15:17:15, LastErrorDetails: Container did not start within expected time limit of 1800s. Please inspect your container logs for more details., Details: Site is blocked due to multiple, consecutive cold start failures. Site scheduled to be unblocked at 03/18/2026 15:19:17, DetailsLevel: WARN
2026-03-18T15:19:00.1931993Z Start site prohibitted because the site is being blocked.
2026-03-18T15:19:00.3382685Z State: Blocked, Action: None, LastError: ContainerTimeout, LastErrorTimestamp: 03/18/2026 15:17:15, LastErrorDetails: Container did not start within expected time limit of 1800s. Please inspect your container logs for more details., Details: Site is blocked due to multiple, consecutive cold start failures. Site scheduled to be unblocked at 03/18/2026 15:19:17, DetailsLevel: WARN
2026-03-18T15:19:00.3581328Z Start site prohibitted because the site is being blocked.
2026-03-18T15:19:15.4497700Z State: Blocked, Action: None, LastError: ContainerTimeout, LastErrorTimestamp: 03/18/2026 15:17:15, LastErrorDetails: Container did not start within expected time limit of 1800s. Please inspect your container logs for more details., Details: Site is blocked due to multiple, consecutive cold start failures. Site scheduled to be unblocked at 03/18/2026 15:19:17, DetailsLevel: WARN
2026-03-18T15:19:15.4498804Z Start site prohibitted because the site is being blocked.
2026-03-18T15:19:15.6835926Z State: Blocked, Action: None, LastError: ContainerTimeout, LastErrorTimestamp: 03/18/2026 15:17:15, LastErrorDetails: Container did not start within expected time limit of 1800s. Please inspect your container logs for more details., Details: Site is blocked due to multiple, consecutive cold start failures. Site scheduled to be unblocked at 03/18/2026 15:19:17, DetailsLevel: WARN
2026-03-18T15:19:15.6836308Z Start site prohibitted because the site is being blocked.
2026-03-18T15:19:17.9139869Z Site: careorbit-api-dev is unblocked.
2026-03-18T15:19:30.9030198Z State: Starting, Action: EstablishingSiteNetworks, LastError: ContainerTimeout, LastErrorTimestamp: 03/18/2026 15:17:15, LastErrorDetails: Container did not start within expected time limit of 1800s. Please inspect your container logs for more details., Details: Site is blocked due to multiple, consecutive cold start failures. Site scheduled to be unblocked at 03/18/2026 15:19:17, DetailsLevel: WARN
2026-03-18T15:19:34.3041892Z State: Starting, Action: StartingSiteContainers, LastError: ContainerTimeout, LastErrorTimestamp: 03/18/2026 15:17:15, LastErrorDetails: Container did not start within expected time limit of 1800s. Please inspect your container logs for more details., Details: Site is blocked due to multiple, consecutive cold start failures. Site scheduled to be unblocked at 03/18/2026 15:19:17, DetailsLevel: WARN
2026-03-18T15:19:34.3750797Z Container start method called.
2026-03-18T15:19:34.3851707Z State: Starting, Action: PullingImage, LastError: ContainerTimeout, LastErrorTimestamp: 03/18/2026 15:17:15, LastErrorDetails: Container did not start within expected time limit of 1800s. Please inspect your container logs for more details., Details: Pulling image 10.1.0.5:13209/appsvc/python:3.12_20260203.2.tuxprod for careorbit-api-dev., DetailsLevel: INFO
2026-03-18T15:19:34.3854563Z Establishing network.
2026-03-18T15:19:34.3855809Z Pulling image: appsvc/python:3.12_20260203.2.tuxprod.
2026-03-18T15:19:35.0333233Z Container is starting.
2026-03-18T15:19:35.0335149Z State: Starting, Action: MountingVolumes, LastError: ContainerTimeout, LastErrorTimestamp: 03/18/2026 15:17:15, LastErrorDetails: Container did not start within expected time limit of 1800s. Please inspect your container logs for more details., Details: Mounting volumes for careorbit-api-dev., DetailsLevel: INFO
2026-03-18T15:19:35.0336425Z Establishing user namespace if not established already.
2026-03-18T15:19:35.0338185Z Establishing network if not established already.
2026-03-18T15:19:35.0339475Z Mounting volumes.
2026-03-18T15:19:35.0340915Z Nested mountpoint 
2026-03-18T15:19:35.1971678Z Nested mountpoint volatile/logs
2026-03-18T15:19:35.2861127Z Nested mountpoint 
2026-03-18T15:19:35.3274639Z Nested mountpoint 
2026-03-18T15:19:35.3534707Z Nested mountpoint 
2026-03-18T15:19:36.1042152Z State: Starting, Action: CreatingContainer, LastError: ContainerTimeout, LastErrorTimestamp: 03/18/2026 15:17:15, LastErrorDetails: Container did not start within expected time limit of 1800s. Please inspect your container logs for more details., Details: Finished pulling container image and mounting volumes for careorbit-api-dev. Allocatinng the rest of the container resources to finish container creation., DetailsLevel: INFO
2026-03-18T15:19:36.1049271Z Creating container.
2026-03-18T15:19:36.1053300Z Creating pipes for streaming container io.
2026-03-18T15:19:36.1059795Z Creating stdout named pipe at /podr/container/pipe/2c98bb006679_careorbit-api-dev/stdout_5e75804833f7400498b28a479e56b71c.
2026-03-18T15:19:36.1221216Z Successfully created stdout named pipe at: /podr/container/pipe/2c98bb006679_careorbit-api-dev/stdout_5e75804833f7400498b28a479e56b71c.
2026-03-18T15:19:36.1230326Z Opening named pipe /podr/container/pipe/2c98bb006679_careorbit-api-dev/stdout_5e75804833f7400498b28a479e56b71c for reading in non-blocking mode.
2026-03-18T15:19:36.1235402Z Successfully opened named pipe: /podr/container/pipe/2c98bb006679_careorbit-api-dev/stdout_5e75804833f7400498b28a479e56b71c.
2026-03-18T15:19:36.1301534Z Successfully removed non-blocking flag from /podr/container/pipe/2c98bb006679_careorbit-api-dev/stdout_5e75804833f7400498b28a479e56b71c.
2026-03-18T15:19:36.1333092Z Creating stderr named pipe at /podr/container/pipe/2c98bb006679_careorbit-api-dev/stderr_cf511a50ffdd4eef8b2dd7c6577b02a4.
2026-03-18T15:19:36.1412288Z Successfully created stderr named pipe at: /podr/container/pipe/2c98bb006679_careorbit-api-dev/stderr_cf511a50ffdd4eef8b2dd7c6577b02a4.
2026-03-18T15:19:36.1416800Z Opening named pipe /podr/container/pipe/2c98bb006679_careorbit-api-dev/stderr_cf511a50ffdd4eef8b2dd7c6577b02a4 for reading in non-blocking mode.
2026-03-18T15:19:36.1423752Z Successfully opened named pipe: /podr/container/pipe/2c98bb006679_careorbit-api-dev/stderr_cf511a50ffdd4eef8b2dd7c6577b02a4.
2026-03-18T15:19:36.1431181Z Successfully removed non-blocking flag from /podr/container/pipe/2c98bb006679_careorbit-api-dev/stderr_cf511a50ffdd4eef8b2dd7c6577b02a4.
2026-03-18T15:19:36.1506629Z Creating container with image: appsvc/python:3.12_20260203.2.tuxprod from registry: 10.1.0.5:13209 and fully qualified image name: 10.1.0.5:13209/appsvc/python:3.12_20260203.2.tuxprod
2026-03-18T15:19:36.8711299Z Starting container: 2c98bb006679_careorbit-api-dev.
2026-03-18T15:19:36.9569021Z Starting watchers and probes.
2026-03-18T15:19:36.9572806Z Starting metrics collection.
2026-03-18T15:19:36.9574018Z Container is running.
2026-03-18T15:19:36.9574642Z State: Starting, Action: CreatingContainer, LastError: ContainerTimeout, LastErrorTimestamp: 03/18/2026 15:17:15, LastErrorDetails: Container did not start within expected time limit of 1800s. Please inspect your container logs for more details., Details: Container careorbit-api-dev successfully created and is running., DetailsLevel: INFO
2026-03-18T15:19:37.2194586Z Container start method finished after 2844 ms.
2026-03-18T15:19:37.2196380Z State: Starting, Action: InitiatingSiteWarmUpProbe, LastError: ContainerTimeout, LastErrorTimestamp: 03/18/2026 15:17:15, LastErrorDetails: Container did not start within expected time limit of 1800s. Please inspect your container logs for more details., Details: Container careorbit-api-dev successfully created and is running., DetailsLevel: INFO
2026-03-18T15:19:37.2196566Z State: Starting, Action: WaitingForSiteWarmUpProbeSuccess, LastError: ContainerTimeout, LastErrorTimestamp: 03/18/2026 15:17:15, LastErrorDetails: Container did not start within expected time limit of 1800s. Please inspect your container logs for more details., Details: Pinging warmup path to ensure container is ready to receive requests., DetailsLevel: INFO
2026-03-18T15:20:15.9203095Z Container has finished running with exit code: 1.
2026-03-18T15:20:15.9210244Z Container is terminating. Grace period: 5 seconds.
2026-03-18T15:20:15.9407220Z Stop and delete container. Retry count = 0
2026-03-18T15:20:15.9491425Z Stopping container: 2c98bb006679_careorbit-api-dev.
2026-03-18T15:20:16.0312159Z Deleting container: 2c98bb006679_careorbit-api-dev. Retry count = 0
2026-03-18T15:20:16.4072813Z Container spec TerminationMessagePolicy  path 
2026-03-18T15:20:16.4273012Z Container is terminated. Total time elapsed: 505 ms.
2026-03-18T15:20:16.4351409Z Site container: careorbit-api-dev terminated during site startup.
2026-03-18T15:20:16.4361508Z State: Stopping, Action: CancellingStartup, LastError: ContainerTimeout, LastErrorTimestamp: 03/18/2026 15:17:15, LastErrorDetails: Container did not start within expected time limit of 1800s. Please inspect your container logs for more details., Details: Site container: careorbit-api-dev terminated during site startup. Cancelling site startup., DetailsLevel: ERR
2026-03-18T15:20:16.4958095Z Site startup probe failed after 39.2756477 seconds.
2026-03-18T15:20:16.8698612Z State: Stopping, Action: CancellingStartup, LastError: ContainerTimeout, LastErrorTimestamp: 03/18/2026 15:20:16, LastErrorDetails: Container did not start within expected time limit of 1800s. Please inspect your container logs for more details., Details: Site container: careorbit-api-dev terminated during site startup. Cancelling site startup., DetailsLevel: ERR
2026-03-18T15:20:16.8820676Z Failed to start site. Revert by stopping site.
2026-03-18T15:20:16.8901762Z State: Stopping, Action: StoppingSite, LastError: ContainerTimeout, LastErrorTimestamp: 03/18/2026 15:20:16, LastErrorDetails: Container did not start within expected time limit of 1800s. Please inspect your container logs for more details., Details: Site container: careorbit-api-dev terminated during site startup. Cancelling site startup., DetailsLevel: ERR
2026-03-18T15:20:16.8914843Z State: Stopping, Action: StoppingSiteContainers, LastError: ContainerTimeout, LastErrorTimestamp: 03/18/2026 15:20:16, LastErrorDetails: Container did not start within expected time limit of 1800s. Please inspect your container logs for more details., Details: Site container: careorbit-api-dev terminated during site startup. Cancelling site startup., DetailsLevel: ERR
2026-03-18T15:20:16.8924512Z Site: careorbit-api-dev stopped.
2026-03-18T15:20:16.9124649Z State: Stopping, Action: UnmountingVolumes, LastError: ContainerTimeout, LastErrorTimestamp: 03/18/2026 15:20:16, LastErrorDetails: Container did not start within expected time limit of 1800s. Please inspect your container logs for more details., Details: Site container: careorbit-api-dev terminated during site startup. Cancelling site startup., DetailsLevel: ERR
2026-03-18T15:20:18.1315541Z State: Stopping, Action: StoppingSiteNetworks, LastError: ContainerTimeout, LastErrorTimestamp: 03/18/2026 15:20:16, LastErrorDetails: Container did not start within expected time limit of 1800s. Please inspect your container logs for more details., Details: Site container: careorbit-api-dev terminated during site startup. Cancelling site startup., DetailsLevel: ERR
2026-03-18T15:20:18.9050154Z Site: careorbit-api-dev will be blocked for 2 minutes till 03/18/2026 15:22:18
2026-03-18T15:20:18.9197823Z State: Blocked, Action: StoppingSiteNetworks, LastError: ContainerTimeout, LastErrorTimestamp: 03/18/2026 15:20:16, LastErrorDetails: Container did not start within expected time limit of 1800s. Please inspect your container logs for more details., Details: Site: careorbit-api-dev will be blocked for 2 minutes till 03/18/2026 15:22:18, DetailsLevel: WARN
2026-03-18T15:20:18.9289324Z State: Stopped, Action: None, LastError: ContainerTimeout, LastErrorTimestamp: 03/18/2026 15:20:16, LastErrorDetails: Container did not start within expected time limit of 1800s. Please inspect your container logs for more details., Details: Site stopped at 03/18/2026 15:20:18 (UTC), DetailsLevel: WARN
2026-03-18T15:20:19.1154384Z State: Stopped, Action: None, LastError: ContainerTimeout, LastErrorTimestamp: 03/18/2026 15:20:16, LastErrorDetails: Container did not start within expected time limit of 1800s. Please inspect your container logs for more details., Details: Site stopped at 03/18/2026 15:20:18 (UTC), DetailsLevel: WARN
2026-03-18T15:22:18.9107657Z Site: careorbit-api-dev is unblocked.
2026-03-18T15:24:41.2567273Z State: Starting, Action: EstablishingSiteNetworks, LastError: ContainerTimeout, LastErrorTimestamp: 03/18/2026 15:20:16, LastErrorDetails: Container did not start within expected time limit of 1800s. Please inspect your container logs for more details., Details: Site stopped at 03/18/2026 15:20:18 (UTC), DetailsLevel: WARN
2026-03-18T15:24:46.0536866Z State: Starting, Action: StartingSiteContainers, LastError: ContainerTimeout, LastErrorTimestamp: 03/18/2026 15:20:16, LastErrorDetails: Container did not start within expected time limit of 1800s. Please inspect your container logs for more details., Details: Site stopped at 03/18/2026 15:20:18 (UTC), DetailsLevel: WARN
2026-03-18T15:24:46.1039833Z Container start method called.
2026-03-18T15:24:46.1143486Z State: Starting, Action: PullingImage, LastError: ContainerTimeout, LastErrorTimestamp: 03/18/2026 15:20:16, LastErrorDetails: Container did not start within expected time limit of 1800s. Please inspect your container logs for more details., Details: Pulling image 10.1.0.5:13209/appsvc/python:3.12_20260203.2.tuxprod for careorbit-api-dev., DetailsLevel: INFO
2026-03-18T15:24:46.1146156Z Establishing network.
2026-03-18T15:24:46.1154675Z Pulling image: appsvc/python:3.12_20260203.2.tuxprod.
2026-03-18T15:24:46.5850094Z Container is starting.
2026-03-18T15:24:46.5906360Z State: Starting, Action: MountingVolumes, LastError: ContainerTimeout, LastErrorTimestamp: 03/18/2026 15:20:16, LastErrorDetails: Container did not start within expected time limit of 1800s. Please inspect your container logs for more details., Details: Mounting volumes for careorbit-api-dev., DetailsLevel: INFO
2026-03-18T15:24:46.5924148Z Establishing user namespace if not established already.
2026-03-18T15:24:46.5926321Z Establishing network if not established already.
2026-03-18T15:24:46.6001604Z Mounting volumes.
2026-03-18T15:24:46.6098307Z Nested mountpoint 
2026-03-18T15:24:46.6778692Z Nested mountpoint volatile/logs
2026-03-18T15:24:46.7570443Z Nested mountpoint 
2026-03-18T15:24:46.9487867Z Nested mountpoint 
2026-03-18T15:24:46.9790417Z Nested mountpoint 
2026-03-18T15:24:47.4450501Z State: Starting, Action: CreatingContainer, LastError: ContainerTimeout, LastErrorTimestamp: 03/18/2026 15:20:16, LastErrorDetails: Container did not start within expected time limit of 1800s. Please inspect your container logs for more details., Details: Finished pulling container image and mounting volumes for careorbit-api-dev. Allocatinng the rest of the container resources to finish container creation., DetailsLevel: INFO
2026-03-18T15:24:47.4456889Z Creating container.
2026-03-18T15:24:47.4458088Z Creating pipes for streaming container io.
2026-03-18T15:24:47.4463806Z Creating stdout named pipe at /podr/container/pipe/f9a836bb9641_careorbit-api-dev/stdout_be331ae1db0c483db8a97665a6989f3a.
2026-03-18T15:24:47.4609098Z Successfully created stdout named pipe at: /podr/container/pipe/f9a836bb9641_careorbit-api-dev/stdout_be331ae1db0c483db8a97665a6989f3a.
2026-03-18T15:24:47.4616149Z Opening named pipe /podr/container/pipe/f9a836bb9641_careorbit-api-dev/stdout_be331ae1db0c483db8a97665a6989f3a for reading in non-blocking mode.
2026-03-18T15:24:47.4623117Z Successfully opened named pipe: /podr/container/pipe/f9a836bb9641_careorbit-api-dev/stdout_be331ae1db0c483db8a97665a6989f3a.
2026-03-18T15:24:47.4677478Z Successfully removed non-blocking flag from /podr/container/pipe/f9a836bb9641_careorbit-api-dev/stdout_be331ae1db0c483db8a97665a6989f3a.
2026-03-18T15:24:47.4792007Z Creating stderr named pipe at /podr/container/pipe/f9a836bb9641_careorbit-api-dev/stderr_b95f218b0e894ec4bc36b282dc50f742.
2026-03-18T15:24:47.4807839Z Successfully created stderr named pipe at: /podr/container/pipe/f9a836bb9641_careorbit-api-dev/stderr_b95f218b0e894ec4bc36b282dc50f742.
2026-03-18T15:24:47.4889918Z Opening named pipe /podr/container/pipe/f9a836bb9641_careorbit-api-dev/stderr_b95f218b0e894ec4bc36b282dc50f742 for reading in non-blocking mode.
2026-03-18T15:24:47.4891873Z Successfully opened named pipe: /podr/container/pipe/f9a836bb9641_careorbit-api-dev/stderr_b95f218b0e894ec4bc36b282dc50f742.
2026-03-18T15:24:47.4892866Z Successfully removed non-blocking flag from /podr/container/pipe/f9a836bb9641_careorbit-api-dev/stderr_b95f218b0e894ec4bc36b282dc50f742.
2026-03-18T15:24:47.4898505Z Creating container with image: appsvc/python:3.12_20260203.2.tuxprod from registry: 10.1.0.5:13209 and fully qualified image name: 10.1.0.5:13209/appsvc/python:3.12_20260203.2.tuxprod
2026-03-18T15:24:48.2523245Z Starting container: f9a836bb9641_careorbit-api-dev.
2026-03-18T15:24:48.5302082Z Starting watchers and probes.
2026-03-18T15:24:48.5498367Z Starting metrics collection.
2026-03-18T15:24:48.5594610Z Container is running.
2026-03-18T15:24:48.5596741Z State: Starting, Action: CreatingContainer, LastError: ContainerTimeout, LastErrorTimestamp: 03/18/2026 15:20:16, LastErrorDetails: Container did not start within expected time limit of 1800s. Please inspect your container logs for more details., Details: Container careorbit-api-dev successfully created and is running., DetailsLevel: INFO
2026-03-18T15:24:48.8004534Z Container start method finished after 2686 ms.
2026-03-18T15:24:48.8011195Z State: Starting, Action: InitiatingSiteWarmUpProbe, LastError: ContainerTimeout, LastErrorTimestamp: 03/18/2026 15:20:16, LastErrorDetails: Container did not start within expected time limit of 1800s. Please inspect your container logs for more details., Details: Container careorbit-api-dev successfully created and is running., DetailsLevel: INFO
2026-03-18T15:24:48.8318987Z State: Starting, Action: WaitingForSiteWarmUpProbeSuccess, LastError: ContainerTimeout, LastErrorTimestamp: 03/18/2026 15:20:16, LastErrorDetails: Container did not start within expected time limit of 1800s. Please inspect your container logs for more details., Details: Pinging warmup path to ensure container is ready to receive requests., DetailsLevel: INFO
2026-03-18T15:25:56.3072865Z Container has finished running with exit code: 1.
2026-03-18T15:25:56.3147656Z Container is terminating. Grace period: 5 seconds.
2026-03-18T15:25:56.3366281Z Stop and delete container. Retry count = 0
2026-03-18T15:25:56.3454619Z Stopping container: f9a836bb9641_careorbit-api-dev.
2026-03-18T15:25:56.5077395Z Deleting container: f9a836bb9641_careorbit-api-dev. Retry count = 0
2026-03-18T15:25:57.1650828Z Container spec TerminationMessagePolicy  path 
2026-03-18T15:25:57.1741693Z Container is terminated. Total time elapsed: 857 ms.
2026-03-18T15:25:57.1745331Z Site container: careorbit-api-dev terminated during site startup.
2026-03-18T15:25:57.1746703Z State: Stopping, Action: CancellingStartup, LastError: ContainerTimeout, LastErrorTimestamp: 03/18/2026 15:20:16, LastErrorDetails: Container did not start within expected time limit of 1800s. Please inspect your container logs for more details., Details: Site container: careorbit-api-dev terminated during site startup. Cancelling site startup., DetailsLevel: ERR
2026-03-18T15:25:57.9252881Z Site startup probe failed after 68.946444 seconds.
2026-03-18T15:25:58.5798474Z State: Stopping, Action: CancellingStartup, LastError: ContainerTimeout, LastErrorTimestamp: 03/18/2026 15:25:58, LastErrorDetails: Container did not start within expected time limit of 1800s. Please inspect your container logs for more details., Details: Site container: careorbit-api-dev terminated during site startup. Cancelling site startup., DetailsLevel: ERR
2026-03-18T15:25:58.6472653Z Failed to start site. Revert by stopping site.
2026-03-18T15:25:58.6881687Z State: Stopping, Action: StoppingSite, LastError: ContainerTimeout, LastErrorTimestamp: 03/18/2026 15:25:58, LastErrorDetails: Container did not start within expected time limit of 1800s. Please inspect your container logs for more details., Details: Site container: careorbit-api-dev terminated during site startup. Cancelling site startup., DetailsLevel: ERR
2026-03-18T15:25:58.6901287Z State: Stopping, Action: StoppingSiteContainers, LastError: ContainerTimeout, LastErrorTimestamp: 03/18/2026 15:25:58, LastErrorDetails: Container did not start within expected time limit of 1800s. Please inspect your container logs for more details., Details: Site container: careorbit-api-dev terminated during site startup. Cancelling site startup., DetailsLevel: ERR
2026-03-18T15:25:58.6901489Z Site: careorbit-api-dev stopped.
2026-03-18T15:25:58.7401434Z State: Stopping, Action: UnmountingVolumes, LastError: ContainerTimeout, LastErrorTimestamp: 03/18/2026 15:25:58, LastErrorDetails: Container did not start within expected time limit of 1800s. Please inspect your container logs for more details., Details: Site container: careorbit-api-dev terminated during site startup. Cancelling site startup., DetailsLevel: ERR
2026-03-18T15:25:59.8255917Z State: Stopping, Action: StoppingSiteNetworks, LastError: ContainerTimeout, LastErrorTimestamp: 03/18/2026 15:25:58, LastErrorDetails: Container did not start within expected time limit of 1800s. Please inspect your container logs for more details., Details: Site container: careorbit-api-dev terminated during site startup. Cancelling site startup., DetailsLevel: ERR
2026-03-18T15:26:00.6350496Z Site: careorbit-api-dev will be blocked for 2 minutes till 03/18/2026 15:28:00
2026-03-18T15:26:00.6353529Z State: Blocked, Action: StoppingSiteNetworks, LastError: ContainerTimeout, LastErrorTimestamp: 03/18/2026 15:25:58, LastErrorDetails: Container did not start within expected time limit of 1800s. Please inspect your container logs for more details., Details: Site: careorbit-api-dev will be blocked for 2 minutes till 03/18/2026 15:28:00, DetailsLevel: WARN
2026-03-18T15:26:00.6455363Z State: Stopped, Action: None, LastError: ContainerTimeout, LastErrorTimestamp: 03/18/2026 15:25:58, LastErrorDetails: Container did not start within expected time limit of 1800s. Please inspect your container logs for more details., Details: Site stopped at 03/18/2026 15:26:00 (UTC), DetailsLevel: WARN
2026-03-18T15:26:01.2681638Z State: Stopped, Action: None, LastError: ContainerTimeout, LastErrorTimestamp: 03/18/2026 15:25:58, LastErrorDetails: Container did not start within expected time limit of 1800s. Please inspect your container logs for more details., Details: Site stopped at 03/18/2026 15:26:00 (UTC), DetailsLevel: WARN
2026-03-18T15:27:37.8778017Z State: Blocked, Action: None, LastError: ContainerTimeout, LastErrorTimestamp: 03/18/2026 15:25:58, LastErrorDetails: Container did not start within expected time limit of 1800s. Please inspect your container logs for more details., Details: Site is blocked due to multiple, consecutive cold start failures. Site scheduled to be unblocked at 03/18/2026 15:28:00, DetailsLevel: WARN
2026-03-18T15:27:37.8778430Z Start site prohibitted because the site is being blocked.
2026-03-18T15:27:38.1708610Z State: Blocked, Action: None, LastError: ContainerTimeout, LastErrorTimestamp: 03/18/2026 15:25:58, LastErrorDetails: Container did not start within expected time limit of 1800s. Please inspect your container logs for more details., Details: Site is blocked due to multiple, consecutive cold start failures. Site scheduled to be unblocked at 03/18/2026 15:28:00, DetailsLevel: WARN
2026-03-18T15:27:38.1709209Z Start site prohibitted because the site is being blocked.
2026-03-18T15:27:52.2735730Z State: Blocked, Action: None, LastError: ContainerTimeout, LastErrorTimestamp: 03/18/2026 15:25:58, LastErrorDetails: Container did not start within expected time limit of 1800s. Please inspect your container logs for more details., Details: Site is blocked due to multiple, consecutive cold start failures. Site scheduled to be unblocked at 03/18/2026 15:28:00, DetailsLevel: WARN
2026-03-18T15:27:52.2736600Z Start site prohibitted because the site is being blocked.
2026-03-18T15:27:52.5601989Z State: Blocked, Action: None, LastError: ContainerTimeout, LastErrorTimestamp: 03/18/2026 15:25:58, LastErrorDetails: Container did not start within expected time limit of 1800s. Please inspect your container logs for more details., Details: Site is blocked due to multiple, consecutive cold start failures. Site scheduled to be unblocked at 03/18/2026 15:28:00, DetailsLevel: WARN
2026-03-18T15:27:52.5602754Z Start site prohibitted because the site is being blocked.
2026-03-18T15:28:00.6392149Z Site: careorbit-api-dev is unblocked.
2026-03-18T15:28:18.3436677Z State: Starting, Action: EstablishingSiteNetworks, LastError: ContainerTimeout, LastErrorTimestamp: 03/18/2026 15:25:58, LastErrorDetails: Container did not start within expected time limit of 1800s. Please inspect your container logs for more details., Details: Site is blocked due to multiple, consecutive cold start failures. Site scheduled to be unblocked at 03/18/2026 15:28:00, DetailsLevel: WARN
2026-03-18T15:28:21.9034004Z State: Starting, Action: StartingSiteContainers, LastError: ContainerTimeout, LastErrorTimestamp: 03/18/2026 15:25:58, LastErrorDetails: Container did not start within expected time limit of 1800s. Please inspect your container logs for more details., Details: Site is blocked due to multiple, consecutive cold start failures. Site scheduled to be unblocked at 03/18/2026 15:28:00, DetailsLevel: WARN
2026-03-18T15:28:21.9035359Z Container start method called.
2026-03-18T15:28:21.9035779Z State: Starting, Action: PullingImage, LastError: ContainerTimeout, LastErrorTimestamp: 03/18/2026 15:25:58, LastErrorDetails: Container did not start within expected time limit of 1800s. Please inspect your container logs for more details., Details: Pulling image 10.1.0.5:13209/appsvc/python:3.12_20260203.2.tuxprod for careorbit-api-dev., DetailsLevel: INFO
2026-03-18T15:28:21.9036522Z Establishing network.
2026-03-18T15:28:21.9037467Z Pulling image: appsvc/python:3.12_20260203.2.tuxprod.
2026-03-18T15:28:23.3416789Z Container is starting.
2026-03-18T15:28:23.3418110Z State: Starting, Action: MountingVolumes, LastError: ContainerTimeout, LastErrorTimestamp: 03/18/2026 15:25:58, LastErrorDetails: Container did not start within expected time limit of 1800s. Please inspect your container logs for more details., Details: Mounting volumes for careorbit-api-dev., DetailsLevel: INFO
2026-03-18T15:28:23.3419811Z Establishing user namespace if not established already.
2026-03-18T15:28:23.3420760Z Establishing network if not established already.
2026-03-18T15:28:23.3421653Z Mounting volumes.
2026-03-18T15:28:23.3422818Z Nested mountpoint 
2026-03-18T15:28:23.3929623Z Nested mountpoint volatile/logs
2026-03-18T15:28:23.5634845Z Nested mountpoint 
2026-03-18T15:28:23.5846617Z Nested mountpoint 
2026-03-18T15:28:23.7294822Z Nested mountpoint 
2026-03-18T15:28:25.6030153Z State: Starting, Action: CreatingContainer, LastError: ContainerTimeout, LastErrorTimestamp: 03/18/2026 15:25:58, LastErrorDetails: Container did not start within expected time limit of 1800s. Please inspect your container logs for more details., Details: Finished pulling container image and mounting volumes for careorbit-api-dev. Allocatinng the rest of the container resources to finish container creation., DetailsLevel: INFO
2026-03-18T15:28:25.6031239Z Creating container.
2026-03-18T15:28:25.6031962Z Creating pipes for streaming container io.
2026-03-18T15:28:25.6032752Z Creating stdout named pipe at /podr/container/pipe/a21bb99c0ca6_careorbit-api-dev/stdout_90cec3f0355c4157a830fff3f4bd50ec.
2026-03-18T15:28:25.6225469Z Successfully created stdout named pipe at: /podr/container/pipe/a21bb99c0ca6_careorbit-api-dev/stdout_90cec3f0355c4157a830fff3f4bd50ec.
2026-03-18T15:28:25.6412135Z Opening named pipe /podr/container/pipe/a21bb99c0ca6_careorbit-api-dev/stdout_90cec3f0355c4157a830fff3f4bd50ec for reading in non-blocking mode.
2026-03-18T15:28:25.6413845Z Successfully opened named pipe: /podr/container/pipe/a21bb99c0ca6_careorbit-api-dev/stdout_90cec3f0355c4157a830fff3f4bd50ec.
2026-03-18T15:28:25.6414586Z Successfully removed non-blocking flag from /podr/container/pipe/a21bb99c0ca6_careorbit-api-dev/stdout_90cec3f0355c4157a830fff3f4bd50ec.
2026-03-18T15:28:25.6417689Z Creating stderr named pipe at /podr/container/pipe/a21bb99c0ca6_careorbit-api-dev/stderr_7d1731a7fa5e49bc900964cad058e0b3.
2026-03-18T15:28:25.6419101Z Successfully created stderr named pipe at: /podr/container/pipe/a21bb99c0ca6_careorbit-api-dev/stderr_7d1731a7fa5e49bc900964cad058e0b3.
2026-03-18T15:28:25.6428226Z Opening named pipe /podr/container/pipe/a21bb99c0ca6_careorbit-api-dev/stderr_7d1731a7fa5e49bc900964cad058e0b3 for reading in non-blocking mode.
2026-03-18T15:28:25.6429753Z Successfully opened named pipe: /podr/container/pipe/a21bb99c0ca6_careorbit-api-dev/stderr_7d1731a7fa5e49bc900964cad058e0b3.
2026-03-18T15:28:25.6430549Z Successfully removed non-blocking flag from /podr/container/pipe/a21bb99c0ca6_careorbit-api-dev/stderr_7d1731a7fa5e49bc900964cad058e0b3.
2026-03-18T15:28:25.6431550Z Creating container with image: appsvc/python:3.12_20260203.2.tuxprod from registry: 10.1.0.5:13209 and fully qualified image name: 10.1.0.5:13209/appsvc/python:3.12_20260203.2.tuxprod
2026-03-18T15:28:26.9555430Z Starting container: a21bb99c0ca6_careorbit-api-dev.
2026-03-18T15:28:27.0925976Z Starting watchers and probes.
2026-03-18T15:28:27.1036633Z Starting metrics collection.
2026-03-18T15:28:27.1122085Z Container is running.
2026-03-18T15:28:27.1124657Z State: Starting, Action: CreatingContainer, LastError: ContainerTimeout, LastErrorTimestamp: 03/18/2026 15:25:58, LastErrorDetails: Container did not start within expected time limit of 1800s. Please inspect your container logs for more details., Details: Container careorbit-api-dev successfully created and is running., DetailsLevel: INFO
2026-03-18T15:28:27.4391757Z Container start method finished after 5535 ms.
2026-03-18T15:28:27.4628837Z State: Starting, Action: InitiatingSiteWarmUpProbe, LastError: ContainerTimeout, LastErrorTimestamp: 03/18/2026 15:25:58, LastErrorDetails: Container did not start within expected time limit of 1800s. Please inspect your container logs for more details., Details: Container careorbit-api-dev successfully created and is running., DetailsLevel: INFO
2026-03-18T15:28:27.4629220Z State: Starting, Action: WaitingForSiteWarmUpProbeSuccess, LastError: ContainerTimeout, LastErrorTimestamp: 03/18/2026 15:25:58, LastErrorDetails: Container did not start within expected time limit of 1800s. Please inspect your container logs for more details., Details: Pinging warmup path to ensure container is ready to receive requests., DetailsLevel: INFO
2026-03-18T15:29:32.1518399Z Site startup probe succeeded after 64.6874391 seconds.
2026-03-18T15:29:32.4134628Z State: Starting, Action: WarmUpProbeSucceeded, LastError: ContainerTimeout, LastErrorTimestamp: 03/18/2026 15:25:58, LastErrorDetails: Container did not start within expected time limit of 1800s. Please inspect your container logs for more details., Details: Site startup probe succeeded after 64.6874391 seconds., DetailsLevel: INFO
2026-03-18T15:29:32.5746034Z State: Starting, Action: StartingAuthContainer, LastError: ContainerTimeout, LastErrorTimestamp: 03/18/2026 15:25:58, LastErrorDetails: Container did not start within expected time limit of 1800s. Please inspect your container logs for more details., Details: Site startup probe succeeded after 64.6874391 seconds., DetailsLevel: INFO
2026-03-18T15:29:42.9234523Z Site is running with deployment version: 66e2aa15-88e6-49dd-868c-27c80181573e
2026-03-18T15:29:42.9321746Z Site started.
2026-03-18T15:29:42.9340441Z State: Started, Action: None, LastError: ContainerTimeout, LastErrorTimestamp: 03/18/2026 15:25:58, LastErrorDetails: Container did not start within expected time limit of 1800s. Please inspect your container logs for more details., Details: Site started at 03/18/2026 15:29:42 (UTC), DetailsLevel: INFO
2026-03-18T15:29:43.0109645Z Site is running with patch version PYTHON 3.12.12
2026-03-18T16:11:04.6050077Z State: Starting, Action: EstablishingSiteNetworks, LastError: , LastErrorTimestamp: 01/01/0001 00:00:00, LastErrorDetails: , Details: , DetailsLevel: INFO
2026-03-18T16:11:12.1072721Z State: Starting, Action: StartingSiteContainers, LastError: , LastErrorTimestamp: 01/01/0001 00:00:00, LastErrorDetails: , Details: , DetailsLevel: INFO
2026-03-18T16:11:12.1148375Z Container start method called.
2026-03-18T16:11:12.1349444Z State: Starting, Action: PullingImage, LastError: , LastErrorTimestamp: 01/01/0001 00:00:00, LastErrorDetails: , Details: Pulling image 10.1.0.5:13209/appsvc/python:3.12_20260203.2.tuxprod for careorbit-api-dev., DetailsLevel: INFO
2026-03-18T16:11:12.1362240Z Establishing network.
2026-03-18T16:11:12.1472837Z Pulling image: appsvc/python:3.12_20260203.2.tuxprod.
2026-03-18T16:11:13.1584055Z Container is starting.
2026-03-18T16:11:13.1588958Z State: Starting, Action: MountingVolumes, LastError: , LastErrorTimestamp: 01/01/0001 00:00:00, LastErrorDetails: , Details: Mounting volumes for careorbit-api-dev., DetailsLevel: INFO
2026-03-18T16:11:13.1592122Z Establishing user namespace if not established already.
2026-03-18T16:11:13.1596320Z Establishing network if not established already.
2026-03-18T16:11:13.1599406Z Mounting volumes.
2026-03-18T16:11:13.1602420Z Nested mountpoint 
2026-03-18T16:11:13.2282303Z Nested mountpoint volatile/logs
2026-03-18T16:11:13.3875425Z Nested mountpoint 
2026-03-18T16:11:13.8301754Z Nested mountpoint 
2026-03-18T16:11:13.8410419Z Nested mountpoint 
2026-03-18T16:11:15.2480858Z State: Starting, Action: CreatingContainer, LastError: , LastErrorTimestamp: 01/01/0001 00:00:00, LastErrorDetails: , Details: Finished pulling container image and mounting volumes for careorbit-api-dev. Allocatinng the rest of the container resources to finish container creation., DetailsLevel: INFO
2026-03-18T16:11:15.2692766Z Creating container.
2026-03-18T16:11:15.2762272Z Creating pipes for streaming container io.
2026-03-18T16:11:15.2769642Z Creating stdout named pipe at /podr/container/pipe/31f732d688cc_careorbit-api-dev/stdout_ef244af3cca849bb894211bc96a2b7c0.
2026-03-18T16:11:15.2938262Z Successfully created stdout named pipe at: /podr/container/pipe/31f732d688cc_careorbit-api-dev/stdout_ef244af3cca849bb894211bc96a2b7c0.
2026-03-18T16:11:15.3013748Z Opening named pipe /podr/container/pipe/31f732d688cc_careorbit-api-dev/stdout_ef244af3cca849bb894211bc96a2b7c0 for reading in non-blocking mode.
2026-03-18T16:11:15.3018088Z Successfully opened named pipe: /podr/container/pipe/31f732d688cc_careorbit-api-dev/stdout_ef244af3cca849bb894211bc96a2b7c0.
2026-03-18T16:11:15.3022058Z Successfully removed non-blocking flag from /podr/container/pipe/31f732d688cc_careorbit-api-dev/stdout_ef244af3cca849bb894211bc96a2b7c0.
2026-03-18T16:11:15.3122959Z Creating stderr named pipe at /podr/container/pipe/31f732d688cc_careorbit-api-dev/stderr_81c29e94465145c5a35b660d272b528f.
2026-03-18T16:11:15.3131001Z Successfully created stderr named pipe at: /podr/container/pipe/31f732d688cc_careorbit-api-dev/stderr_81c29e94465145c5a35b660d272b528f.
2026-03-18T16:11:15.3375605Z Opening named pipe /podr/container/pipe/31f732d688cc_careorbit-api-dev/stderr_81c29e94465145c5a35b660d272b528f for reading in non-blocking mode.
2026-03-18T16:11:15.3379562Z Successfully opened named pipe: /podr/container/pipe/31f732d688cc_careorbit-api-dev/stderr_81c29e94465145c5a35b660d272b528f.
2026-03-18T16:11:15.3382950Z Successfully removed non-blocking flag from /podr/container/pipe/31f732d688cc_careorbit-api-dev/stderr_81c29e94465145c5a35b660d272b528f.
2026-03-18T16:11:15.3384268Z Creating container with image: appsvc/python:3.12_20260203.2.tuxprod from registry: 10.1.0.5:13209 and fully qualified image name: 10.1.0.5:13209/appsvc/python:3.12_20260203.2.tuxprod
2026-03-18T16:11:17.4713815Z Starting container: 31f732d688cc_careorbit-api-dev.
2026-03-18T16:11:17.6490816Z Starting watchers and probes.
2026-03-18T16:11:17.6493482Z Starting metrics collection.
2026-03-18T16:11:17.6661813Z Container is running.
2026-03-18T16:11:17.6663169Z State: Starting, Action: CreatingContainer, LastError: , LastErrorTimestamp: 01/01/0001 00:00:00, LastErrorDetails: , Details: Container careorbit-api-dev successfully created and is running., DetailsLevel: INFO
2026-03-18T16:11:18.7070488Z Container start method finished after 6592 ms.
2026-03-18T16:11:18.7072644Z State: Starting, Action: InitiatingSiteWarmUpProbe, LastError: , LastErrorTimestamp: 01/01/0001 00:00:00, LastErrorDetails: , Details: Container careorbit-api-dev successfully created and is running., DetailsLevel: INFO
2026-03-18T16:11:18.7072833Z State: Starting, Action: WaitingForSiteWarmUpProbeSuccess, LastError: , LastErrorTimestamp: 01/01/0001 00:00:00, LastErrorDetails: , Details: Pinging warmup path to ensure container is ready to receive requests., DetailsLevel: INFO
2026-03-18T16:12:57.0201710Z Site startup probe succeeded after 98.3118612 seconds.
2026-03-18T16:12:57.2944553Z State: Starting, Action: WarmUpProbeSucceeded, LastError: , LastErrorTimestamp: 01/01/0001 00:00:00, LastErrorDetails: , Details: Site startup probe succeeded after 98.3118612 seconds., DetailsLevel: INFO
2026-03-18T16:12:57.3755360Z State: Starting, Action: StartingAuthContainer, LastError: , LastErrorTimestamp: 01/01/0001 00:00:00, LastErrorDetails: , Details: Site startup probe succeeded after 98.3118612 seconds., DetailsLevel: INFO
2026-03-18T16:13:10.0509715Z Site is running with deployment version: 26b4b6d2-c8a3-4fc1-bc5e-638f5ce20d58
2026-03-18T16:13:10.0540501Z Site started.
2026-03-18T16:13:10.0630828Z State: Started, Action: None, LastError: , LastErrorTimestamp: 01/01/0001 00:00:00, LastErrorDetails: , Details: Site started at 03/18/2026 16:13:10 (UTC), DetailsLevel: INFO
2026-03-18T16:13:10.0729245Z Site is running with patch version PYTHON 3.12.12
2026-03-18T16:13:30.5930088Z State: Stopping, Action: StoppingSite, LastError: ContainerTimeout, LastErrorTimestamp: 03/18/2026 15:25:58, LastErrorDetails: Container did not start within expected time limit of 1800s. Please inspect your container logs for more details., Details: Site started at 03/18/2026 15:29:42 (UTC), DetailsLevel: INFO
2026-03-18T16:13:30.5941170Z State: Stopping, Action: StoppingSiteContainers, LastError: ContainerTimeout, LastErrorTimestamp: 03/18/2026 15:25:58, LastErrorDetails: Container did not start within expected time limit of 1800s. Please inspect your container logs for more details., Details: Site started at 03/18/2026 15:29:42 (UTC), DetailsLevel: INFO
2026-03-18T16:13:30.5999724Z Container is terminating. Grace period: 5 seconds.
2026-03-18T16:13:31.3127000Z Stop and delete container. Retry count = 0
2026-03-18T16:13:31.3818201Z Stopping container: a21bb99c0ca6_careorbit-api-dev.
2026-03-18T16:13:36.0547166Z Deleting container: a21bb99c0ca6_careorbit-api-dev. Retry count = 0
2026-03-18T16:13:38.2605849Z Container spec TerminationMessagePolicy  path 
2026-03-18T16:13:38.2711845Z Container is terminated. Total time elapsed: 7662 ms.
2026-03-18T16:13:38.2800635Z Site: careorbit-api-dev stopped.
2026-03-18T17:26:04.5582020Z State: Starting, Action: EstablishingSiteNetworks, LastError: , LastErrorTimestamp: 01/01/0001 00:00:00, LastErrorDetails: , Details: , DetailsLevel: INFO
2026-03-18T17:26:09.9430181Z State: Starting, Action: StartingSiteContainers, LastError: , LastErrorTimestamp: 01/01/0001 00:00:00, LastErrorDetails: , Details: , DetailsLevel: INFO
2026-03-18T17:26:09.9534427Z Container start method called.
2026-03-18T17:26:09.9535691Z State: Starting, Action: PullingImage, LastError: , LastErrorTimestamp: 01/01/0001 00:00:00, LastErrorDetails: , Details: Pulling image 10.1.0.5:13209/appsvc/python:3.12_20260203.2.tuxprod for careorbit-api-dev., DetailsLevel: INFO
2026-03-18T17:26:10.0215857Z Establishing network.
2026-03-18T17:26:10.0224224Z Pulling image: appsvc/python:3.12_20260203.2.tuxprod.
2026-03-18T17:26:10.4822097Z Container is starting.
2026-03-18T17:26:10.4822849Z State: Starting, Action: MountingVolumes, LastError: , LastErrorTimestamp: 01/01/0001 00:00:00, LastErrorDetails: , Details: Mounting volumes for careorbit-api-dev., DetailsLevel: INFO
2026-03-18T17:26:10.4823707Z Establishing user namespace if not established already.
2026-03-18T17:26:10.4824486Z Establishing network if not established already.
2026-03-18T17:26:10.4825581Z Mounting volumes.
2026-03-18T17:26:10.4834759Z Nested mountpoint 
2026-03-18T17:26:10.5638902Z Nested mountpoint volatile/logs
2026-03-18T17:26:10.6314910Z Nested mountpoint 
2026-03-18T17:26:10.6340249Z Nested mountpoint 
2026-03-18T17:26:10.7633929Z Nested mountpoint 
2026-03-18T17:26:11.5161356Z State: Starting, Action: CreatingContainer, LastError: , LastErrorTimestamp: 01/01/0001 00:00:00, LastErrorDetails: , Details: Finished pulling container image and mounting volumes for careorbit-api-dev. Allocatinng the rest of the container resources to finish container creation., DetailsLevel: INFO
2026-03-18T17:26:11.5180211Z Creating container.
2026-03-18T17:26:11.5187675Z Creating pipes for streaming container io.
2026-03-18T17:26:11.5345545Z Creating stdout named pipe at /podr/container/pipe/e01063ee48aa_careorbit-api-dev/stdout_c826a8fd813a46dd901c1e4909ef882f.
2026-03-18T17:26:11.5569010Z Successfully created stdout named pipe at: /podr/container/pipe/e01063ee48aa_careorbit-api-dev/stdout_c826a8fd813a46dd901c1e4909ef882f.
2026-03-18T17:26:11.5970963Z Opening named pipe /podr/container/pipe/e01063ee48aa_careorbit-api-dev/stdout_c826a8fd813a46dd901c1e4909ef882f for reading in non-blocking mode.
2026-03-18T17:26:11.6149296Z Successfully opened named pipe: /podr/container/pipe/e01063ee48aa_careorbit-api-dev/stdout_c826a8fd813a46dd901c1e4909ef882f.
2026-03-18T17:26:11.6154052Z Successfully removed non-blocking flag from /podr/container/pipe/e01063ee48aa_careorbit-api-dev/stdout_c826a8fd813a46dd901c1e4909ef882f.
2026-03-18T17:26:11.6155505Z Creating stderr named pipe at /podr/container/pipe/e01063ee48aa_careorbit-api-dev/stderr_e603876c52b549fa86ec9644cb768bc6.
2026-03-18T17:26:11.6157167Z Successfully created stderr named pipe at: /podr/container/pipe/e01063ee48aa_careorbit-api-dev/stderr_e603876c52b549fa86ec9644cb768bc6.
2026-03-18T17:26:11.6157856Z Opening named pipe /podr/container/pipe/e01063ee48aa_careorbit-api-dev/stderr_e603876c52b549fa86ec9644cb768bc6 for reading in non-blocking mode.
2026-03-18T17:26:11.6158727Z Successfully opened named pipe: /podr/container/pipe/e01063ee48aa_careorbit-api-dev/stderr_e603876c52b549fa86ec9644cb768bc6.
2026-03-18T17:26:11.6159455Z Successfully removed non-blocking flag from /podr/container/pipe/e01063ee48aa_careorbit-api-dev/stderr_e603876c52b549fa86ec9644cb768bc6.
2026-03-18T17:26:11.6373093Z Creating container with image: appsvc/python:3.12_20260203.2.tuxprod from registry: 10.1.0.5:13209 and fully qualified image name: 10.1.0.5:13209/appsvc/python:3.12_20260203.2.tuxprod
2026-03-18T17:26:13.0418289Z Starting container: e01063ee48aa_careorbit-api-dev.
2026-03-18T17:26:13.1624476Z Starting watchers and probes.
2026-03-18T17:26:13.1934738Z Starting metrics collection.
2026-03-18T17:26:13.2145881Z Container is running.
2026-03-18T17:26:13.2209726Z State: Starting, Action: CreatingContainer, LastError: , LastErrorTimestamp: 01/01/0001 00:00:00, LastErrorDetails: , Details: Container careorbit-api-dev successfully created and is running., DetailsLevel: INFO
2026-03-18T17:26:13.9052970Z Container start method finished after 3816 ms.
2026-03-18T17:26:13.9062186Z State: Starting, Action: InitiatingSiteWarmUpProbe, LastError: , LastErrorTimestamp: 01/01/0001 00:00:00, LastErrorDetails: , Details: Container careorbit-api-dev successfully created and is running., DetailsLevel: INFO
2026-03-18T17:26:13.9062497Z State: Starting, Action: WaitingForSiteWarmUpProbeSuccess, LastError: , LastErrorTimestamp: 01/01/0001 00:00:00, LastErrorDetails: , Details: Pinging warmup path to ensure container is ready to receive requests., DetailsLevel: INFO
2026-03-18T17:27:49.6333244Z Site startup probe succeeded after 95.6623309 seconds.
2026-03-18T17:27:50.2020952Z State: Starting, Action: WarmUpProbeSucceeded, LastError: , LastErrorTimestamp: 01/01/0001 00:00:00, LastErrorDetails: , Details: Site startup probe succeeded after 95.6623309 seconds., DetailsLevel: INFO
2026-03-18T17:27:50.3850453Z State: Starting, Action: StartingAuthContainer, LastError: , LastErrorTimestamp: 01/01/0001 00:00:00, LastErrorDetails: , Details: Site startup probe succeeded after 95.6623309 seconds., DetailsLevel: INFO
2026-03-18T17:28:02.8943453Z Site is running with deployment version: 7a752e54-c8fa-4a7c-aa6d-f4e0782dc898
2026-03-18T17:28:02.9537650Z Site started.
2026-03-18T17:28:02.9690568Z State: Started, Action: None, LastError: , LastErrorTimestamp: 01/01/0001 00:00:00, LastErrorDetails: , Details: Site started at 03/18/2026 17:28:02 (UTC), DetailsLevel: INFO
2026-03-18T17:28:02.9800475Z Site is running with patch version PYTHON 3.12.12
2026-03-18T17:28:23.6332579Z State: Stopping, Action: StoppingSite, LastError: ContainerTimeout, LastErrorTimestamp: 03/18/2026 15:25:58, LastErrorDetails: Container did not start within expected time limit of 1800s. Please inspect your container logs for more details., Details: Site started at 03/18/2026 16:13:10 (UTC), DetailsLevel: INFO
2026-03-18T17:28:23.7765287Z State: Stopping, Action: StoppingSiteContainers, LastError: ContainerTimeout, LastErrorTimestamp: 03/18/2026 15:25:58, LastErrorDetails: Container did not start within expected time limit of 1800s. Please inspect your container logs for more details., Details: Site started at 03/18/2026 16:13:10 (UTC), DetailsLevel: INFO
2026-03-18T17:28:23.9528998Z Container is terminating. Grace period: 5 seconds.
2026-03-18T17:28:24.4219904Z Stop and delete container. Retry count = 0
2026-03-18T17:28:24.4229838Z Stopping container: 31f732d688cc_careorbit-api-dev.
2026-03-18T17:28:31.2304116Z Deleting container: 31f732d688cc_careorbit-api-dev. Retry count = 0
2026-03-18T17:28:37.0411192Z Container spec TerminationMessagePolicy  path 
2026-03-18T17:28:37.0809699Z Container is terminated. Total time elapsed: 13118 ms.
2026-03-18T17:28:37.1003270Z Site: careorbit-api-dev stopped.
2026-03-18T17:46:30.5924690Z State: Starting, Action: EstablishingSiteNetworks, LastError: , LastErrorTimestamp: 01/01/0001 00:00:00, LastErrorDetails: , Details: , DetailsLevel: INFO
2026-03-18T17:46:36.6498036Z State: Starting, Action: StartingSiteContainers, LastError: , LastErrorTimestamp: 01/01/0001 00:00:00, LastErrorDetails: , Details: , DetailsLevel: INFO
2026-03-18T17:46:36.6665616Z Container start method called.
2026-03-18T17:46:36.6673805Z State: Starting, Action: PullingImage, LastError: , LastErrorTimestamp: 01/01/0001 00:00:00, LastErrorDetails: , Details: Pulling image 10.1.0.4:13209/appsvc/python:3.12_20260203.2.tuxprod for careorbit-api-dev., DetailsLevel: INFO
2026-03-18T17:46:36.6675599Z Establishing network.
2026-03-18T17:46:36.6676601Z Pulling image: appsvc/python:3.12_20260203.2.tuxprod.
2026-03-18T17:46:37.8593881Z Container is starting.
2026-03-18T17:46:37.8605354Z State: Starting, Action: MountingVolumes, LastError: , LastErrorTimestamp: 01/01/0001 00:00:00, LastErrorDetails: , Details: Mounting volumes for careorbit-api-dev., DetailsLevel: INFO
2026-03-18T17:46:37.8686464Z Establishing user namespace if not established already.
2026-03-18T17:46:37.8694638Z Establishing network if not established already.
2026-03-18T17:46:37.8701567Z Mounting volumes.
2026-03-18T17:46:37.8779116Z Nested mountpoint 
2026-03-18T17:46:37.9709068Z Nested mountpoint volatile/logs
2026-03-18T17:46:38.2110051Z Nested mountpoint 
2026-03-18T17:46:38.2604369Z Nested mountpoint 
2026-03-18T17:46:38.2707416Z Nested mountpoint 
2026-03-18T17:46:39.4123949Z State: Starting, Action: CreatingContainer, LastError: , LastErrorTimestamp: 01/01/0001 00:00:00, LastErrorDetails: , Details: Finished pulling container image and mounting volumes for careorbit-api-dev. Allocatinng the rest of the container resources to finish container creation., DetailsLevel: INFO
2026-03-18T17:46:39.4191133Z Creating container.
2026-03-18T17:46:39.4269321Z Creating pipes for streaming container io.
2026-03-18T17:46:39.4276817Z Creating stdout named pipe at /podr/container/pipe/f7f5c33a4fe6_careorbit-api-dev/stdout_a769e27084a04c768f7355d20b73498e.
2026-03-18T17:46:39.4298503Z Successfully created stdout named pipe at: /podr/container/pipe/f7f5c33a4fe6_careorbit-api-dev/stdout_a769e27084a04c768f7355d20b73498e.
2026-03-18T17:46:39.4366540Z Opening named pipe /podr/container/pipe/f7f5c33a4fe6_careorbit-api-dev/stdout_a769e27084a04c768f7355d20b73498e for reading in non-blocking mode.
2026-03-18T17:46:39.4368045Z Successfully opened named pipe: /podr/container/pipe/f7f5c33a4fe6_careorbit-api-dev/stdout_a769e27084a04c768f7355d20b73498e.
2026-03-18T17:46:39.4379195Z Successfully removed non-blocking flag from /podr/container/pipe/f7f5c33a4fe6_careorbit-api-dev/stdout_a769e27084a04c768f7355d20b73498e.
2026-03-18T17:46:39.4387345Z Creating stderr named pipe at /podr/container/pipe/f7f5c33a4fe6_careorbit-api-dev/stderr_6a28305b310c40f18ea423f8b43334a5.
2026-03-18T17:46:39.4391516Z Successfully created stderr named pipe at: /podr/container/pipe/f7f5c33a4fe6_careorbit-api-dev/stderr_6a28305b310c40f18ea423f8b43334a5.
2026-03-18T17:46:39.4395014Z Opening named pipe /podr/container/pipe/f7f5c33a4fe6_careorbit-api-dev/stderr_6a28305b310c40f18ea423f8b43334a5 for reading in non-blocking mode.
2026-03-18T17:46:39.4471853Z Successfully opened named pipe: /podr/container/pipe/f7f5c33a4fe6_careorbit-api-dev/stderr_6a28305b310c40f18ea423f8b43334a5.
2026-03-18T17:46:39.4478232Z Successfully removed non-blocking flag from /podr/container/pipe/f7f5c33a4fe6_careorbit-api-dev/stderr_6a28305b310c40f18ea423f8b43334a5.
2026-03-18T17:46:39.4491765Z Creating container with image: appsvc/python:3.12_20260203.2.tuxprod from registry: 10.1.0.4:13209 and fully qualified image name: 10.1.0.4:13209/appsvc/python:3.12_20260203.2.tuxprod
2026-03-18T17:46:41.4714008Z Starting container: f7f5c33a4fe6_careorbit-api-dev.
2026-03-18T17:46:41.5872911Z Starting watchers and probes.
2026-03-18T17:46:41.6052967Z Starting metrics collection.
2026-03-18T17:46:41.6070281Z Container is running.
2026-03-18T17:46:41.6071642Z State: Starting, Action: CreatingContainer, LastError: , LastErrorTimestamp: 01/01/0001 00:00:00, LastErrorDetails: , Details: Container careorbit-api-dev successfully created and is running., DetailsLevel: INFO
2026-03-18T17:46:42.0922055Z Container start method finished after 5425 ms.
2026-03-18T17:46:42.1224549Z State: Starting, Action: InitiatingSiteWarmUpProbe, LastError: , LastErrorTimestamp: 01/01/0001 00:00:00, LastErrorDetails: , Details: Container careorbit-api-dev successfully created and is running., DetailsLevel: INFO
2026-03-18T17:46:42.1306690Z State: Starting, Action: WaitingForSiteWarmUpProbeSuccess, LastError: , LastErrorTimestamp: 01/01/0001 00:00:00, LastErrorDetails: , Details: Pinging warmup path to ensure container is ready to receive requests., DetailsLevel: INFO
2026-03-18T17:48:19.1917034Z Site startup probe succeeded after 97.0017324 seconds.
2026-03-18T17:48:19.4477442Z State: Starting, Action: WarmUpProbeSucceeded, LastError: , LastErrorTimestamp: 01/01/0001 00:00:00, LastErrorDetails: , Details: Site startup probe succeeded after 97.0017324 seconds., DetailsLevel: INFO
2026-03-18T17:48:19.5207833Z State: Starting, Action: StartingAuthContainer, LastError: , LastErrorTimestamp: 01/01/0001 00:00:00, LastErrorDetails: , Details: Site startup probe succeeded after 97.0017324 seconds., DetailsLevel: INFO
2026-03-18T17:48:35.4048728Z Site is running with deployment version: d71834e6-9595-43d9-a698-6d68cfb6904b
2026-03-18T17:48:35.4155960Z Site started.
2026-03-18T17:48:35.4228403Z State: Started, Action: None, LastError: , LastErrorTimestamp: 01/01/0001 00:00:00, LastErrorDetails: , Details: Site started at 03/18/2026 17:48:35 (UTC), DetailsLevel: INFO
2026-03-18T17:48:35.4250017Z Site is running with patch version PYTHON 3.12.12
2026-03-18T17:48:56.4350733Z State: Stopping, Action: StoppingSite, LastError: ContainerTimeout, LastErrorTimestamp: 03/18/2026 15:25:58, LastErrorDetails: Container did not start within expected time limit of 1800s. Please inspect your container logs for more details., Details: Site started at 03/18/2026 17:28:02 (UTC), DetailsLevel: INFO
2026-03-18T17:48:56.4461525Z State: Stopping, Action: StoppingSiteContainers, LastError: ContainerTimeout, LastErrorTimestamp: 03/18/2026 15:25:58, LastErrorDetails: Container did not start within expected time limit of 1800s. Please inspect your container logs for more details., Details: Site started at 03/18/2026 17:28:02 (UTC), DetailsLevel: INFO
2026-03-18T17:48:56.4528676Z Container is terminating. Grace period: 5 seconds.
2026-03-18T17:48:56.8154641Z Stop and delete container. Retry count = 0
2026-03-18T17:48:56.8156076Z Stopping container: e01063ee48aa_careorbit-api-dev.
2026-03-18T17:49:02.5099922Z Deleting container: e01063ee48aa_careorbit-api-dev. Retry count = 0
2026-03-18T17:49:05.6853367Z Container spec TerminationMessagePolicy  path 
2026-03-18T17:49:05.6961698Z Container is terminated. Total time elapsed: 9236 ms.
2026-03-18T17:49:05.7237009Z Site: careorbit-api-dev stopped.
2026-03-18T19:15:57.1310799Z State: Starting, Action: EstablishingSiteNetworks, LastError: , LastErrorTimestamp: 01/01/0001 00:00:00, LastErrorDetails: , Details: , DetailsLevel: INFO
2026-03-18T19:16:02.1667189Z State: Starting, Action: StartingSiteContainers, LastError: , LastErrorTimestamp: 01/01/0001 00:00:00, LastErrorDetails: , Details: , DetailsLevel: INFO
2026-03-18T19:16:02.1728578Z Container start method called.
2026-03-18T19:16:02.1734535Z State: Starting, Action: PullingImage, LastError: , LastErrorTimestamp: 01/01/0001 00:00:00, LastErrorDetails: , Details: Pulling image 10.1.0.5:13209/appsvc/python:3.12_20260203.2.tuxprod for careorbit-api-dev., DetailsLevel: INFO
2026-03-18T19:16:02.1736299Z Establishing network.
2026-03-18T19:16:02.1902495Z Pulling image: appsvc/python:3.12_20260203.2.tuxprod.
2026-03-18T19:16:04.2328635Z Container is starting.
2026-03-18T19:16:04.2329884Z State: Starting, Action: MountingVolumes, LastError: , LastErrorTimestamp: 01/01/0001 00:00:00, LastErrorDetails: , Details: Mounting volumes for careorbit-api-dev., DetailsLevel: INFO
2026-03-18T19:16:04.2514434Z Establishing user namespace if not established already.
2026-03-18T19:16:04.2516913Z Establishing network if not established already.
2026-03-18T19:16:04.2519107Z Mounting volumes.
2026-03-18T19:16:04.3203988Z Nested mountpoint 
2026-03-18T19:16:04.4839474Z Nested mountpoint volatile/logs
2026-03-18T19:16:04.5130385Z Nested mountpoint 
2026-03-18T19:16:04.6571220Z Nested mountpoint 
2026-03-18T19:16:04.6589267Z Nested mountpoint 
2026-03-18T19:16:06.8225991Z State: Starting, Action: CreatingContainer, LastError: , LastErrorTimestamp: 01/01/0001 00:00:00, LastErrorDetails: , Details: Finished pulling container image and mounting volumes for careorbit-api-dev. Allocatinng the rest of the container resources to finish container creation., DetailsLevel: INFO
2026-03-18T19:16:06.8471114Z Creating container.
2026-03-18T19:16:06.8472696Z Creating pipes for streaming container io.
2026-03-18T19:16:06.8474090Z Creating stdout named pipe at /podr/container/pipe/b4cd640934ac_careorbit-api-dev/stdout_bb9e2d5e9dc2419db60fb21f5d49d745.
2026-03-18T19:16:06.8671593Z Successfully created stdout named pipe at: /podr/container/pipe/b4cd640934ac_careorbit-api-dev/stdout_bb9e2d5e9dc2419db60fb21f5d49d745.
2026-03-18T19:16:06.8673116Z Opening named pipe /podr/container/pipe/b4cd640934ac_careorbit-api-dev/stdout_bb9e2d5e9dc2419db60fb21f5d49d745 for reading in non-blocking mode.
2026-03-18T19:16:06.8680935Z Successfully opened named pipe: /podr/container/pipe/b4cd640934ac_careorbit-api-dev/stdout_bb9e2d5e9dc2419db60fb21f5d49d745.
2026-03-18T19:16:06.8682419Z Successfully removed non-blocking flag from /podr/container/pipe/b4cd640934ac_careorbit-api-dev/stdout_bb9e2d5e9dc2419db60fb21f5d49d745.
2026-03-18T19:16:06.8693351Z Creating stderr named pipe at /podr/container/pipe/b4cd640934ac_careorbit-api-dev/stderr_8f6a8024cbc04f1c91fba91917eeb807.
2026-03-18T19:16:06.8776670Z Successfully created stderr named pipe at: /podr/container/pipe/b4cd640934ac_careorbit-api-dev/stderr_8f6a8024cbc04f1c91fba91917eeb807.
2026-03-18T19:16:06.8873943Z Opening named pipe /podr/container/pipe/b4cd640934ac_careorbit-api-dev/stderr_8f6a8024cbc04f1c91fba91917eeb807 for reading in non-blocking mode.
2026-03-18T19:16:06.8878828Z Successfully opened named pipe: /podr/container/pipe/b4cd640934ac_careorbit-api-dev/stderr_8f6a8024cbc04f1c91fba91917eeb807.
2026-03-18T19:16:06.8884649Z Successfully removed non-blocking flag from /podr/container/pipe/b4cd640934ac_careorbit-api-dev/stderr_8f6a8024cbc04f1c91fba91917eeb807.
2026-03-18T19:16:06.9587350Z Creating container with image: appsvc/python:3.12_20260203.2.tuxprod from registry: 10.1.0.5:13209 and fully qualified image name: 10.1.0.5:13209/appsvc/python:3.12_20260203.2.tuxprod
2026-03-18T19:16:09.3209106Z Starting container: b4cd640934ac_careorbit-api-dev.
2026-03-18T19:16:09.4813730Z Starting watchers and probes.
2026-03-18T19:16:09.4844657Z Starting metrics collection.
2026-03-18T19:16:09.4937937Z Container is running.
2026-03-18T19:16:09.4939404Z State: Starting, Action: CreatingContainer, LastError: , LastErrorTimestamp: 01/01/0001 00:00:00, LastErrorDetails: , Details: Container careorbit-api-dev successfully created and is running., DetailsLevel: INFO
2026-03-18T19:16:09.6721904Z Container start method finished after 7489 ms.
2026-03-18T19:16:09.6833627Z State: Starting, Action: InitiatingSiteWarmUpProbe, LastError: , LastErrorTimestamp: 01/01/0001 00:00:00, LastErrorDetails: , Details: Container careorbit-api-dev successfully created and is running., DetailsLevel: INFO
2026-03-18T19:16:09.6925885Z State: Starting, Action: WaitingForSiteWarmUpProbeSuccess, LastError: , LastErrorTimestamp: 01/01/0001 00:00:00, LastErrorDetails: , Details: Pinging warmup path to ensure container is ready to receive requests., DetailsLevel: INFO
2026-03-18T19:17:57.3973351Z Site startup probe succeeded after 107.542326 seconds.
2026-03-18T19:17:57.6880460Z State: Starting, Action: WarmUpProbeSucceeded, LastError: , LastErrorTimestamp: 01/01/0001 00:00:00, LastErrorDetails: , Details: Site startup probe succeeded after 107.542326 seconds., DetailsLevel: INFO
2026-03-18T19:17:57.8797830Z State: Starting, Action: StartingAuthContainer, LastError: , LastErrorTimestamp: 01/01/0001 00:00:00, LastErrorDetails: , Details: Site startup probe succeeded after 107.542326 seconds., DetailsLevel: INFO
2026-03-18T19:18:10.8941807Z Site is running with deployment version: 3a185d01-15ba-406e-a52b-cbfa7c9e5d24
2026-03-18T19:18:10.9316018Z Site started.
2026-03-18T19:18:10.9318479Z State: Started, Action: None, LastError: , LastErrorTimestamp: 01/01/0001 00:00:00, LastErrorDetails: , Details: Site started at 03/18/2026 19:18:10 (UTC), DetailsLevel: INFO
2026-03-18T19:18:10.9585643Z Site is running with patch version PYTHON 3.12.12
2026-03-18T19:18:31.4448298Z State: Stopping, Action: StoppingSite, LastError: ContainerTimeout, LastErrorTimestamp: 03/18/2026 15:25:58, LastErrorDetails: Container did not start within expected time limit of 1800s. Please inspect your container logs for more details., Details: Site started at 03/18/2026 17:48:35 (UTC), DetailsLevel: INFO
2026-03-18T19:18:31.4548193Z State: Stopping, Action: StoppingSiteContainers, LastError: ContainerTimeout, LastErrorTimestamp: 03/18/2026 15:25:58, LastErrorDetails: Container did not start within expected time limit of 1800s. Please inspect your container logs for more details., Details: Site started at 03/18/2026 17:48:35 (UTC), DetailsLevel: INFO
2026-03-18T19:18:31.4626067Z Container is terminating. Grace period: 5 seconds.
2026-03-18T19:18:31.5323750Z Stop and delete container. Retry count = 0
2026-03-18T19:18:31.5335926Z Stopping container: f7f5c33a4fe6_careorbit-api-dev.
2026-03-18T19:18:37.2088516Z Deleting container: f7f5c33a4fe6_careorbit-api-dev. Retry count = 0
2026-03-18T19:18:39.2870801Z Container spec TerminationMessagePolicy  path 
2026-03-18T19:18:39.2964761Z Container is terminated. Total time elapsed: 7833 ms.
2026-03-18T19:18:39.2971850Z Site: careorbit-api-dev stopped.
2026-03-18T19:25:53.7044163Z State: Starting, Action: EstablishingSiteNetworks, LastError: , LastErrorTimestamp: 01/01/0001 00:00:00, LastErrorDetails: , Details: , DetailsLevel: INFO
2026-03-18T19:25:59.3862511Z State: Starting, Action: StartingSiteContainers, LastError: , LastErrorTimestamp: 01/01/0001 00:00:00, LastErrorDetails: , Details: , DetailsLevel: INFO
2026-03-18T19:25:59.3970939Z Container start method called.
2026-03-18T19:25:59.3973734Z State: Starting, Action: PullingImage, LastError: , LastErrorTimestamp: 01/01/0001 00:00:00, LastErrorDetails: , Details: Pulling image 10.1.0.5:13209/appsvc/python:3.12_20260203.2.tuxprod for careorbit-api-dev., DetailsLevel: INFO
2026-03-18T19:25:59.3975104Z Establishing network.
2026-03-18T19:25:59.3976194Z Pulling image: appsvc/python:3.12_20260203.2.tuxprod.
2026-03-18T19:26:00.0522343Z Container is starting.
2026-03-18T19:26:00.0535512Z State: Starting, Action: MountingVolumes, LastError: , LastErrorTimestamp: 01/01/0001 00:00:00, LastErrorDetails: , Details: Mounting volumes for careorbit-api-dev., DetailsLevel: INFO
2026-03-18T19:26:00.0542375Z Establishing user namespace if not established already.
2026-03-18T19:26:00.0551576Z Establishing network if not established already.
2026-03-18T19:26:00.0731474Z Mounting volumes.
2026-03-18T19:26:00.0831277Z Nested mountpoint 
2026-03-18T19:26:00.1976926Z Nested mountpoint volatile/logs
2026-03-18T19:26:00.2693117Z Nested mountpoint 
2026-03-18T19:26:00.4226260Z Nested mountpoint 
2026-03-18T19:26:00.5715613Z Nested mountpoint 
2026-03-18T19:26:01.7843787Z State: Starting, Action: CreatingContainer, LastError: , LastErrorTimestamp: 01/01/0001 00:00:00, LastErrorDetails: , Details: Finished pulling container image and mounting volumes for careorbit-api-dev. Allocatinng the rest of the container resources to finish container creation., DetailsLevel: INFO
2026-03-18T19:26:01.7869004Z Creating container.
2026-03-18T19:26:01.7950234Z Creating pipes for streaming container io.
2026-03-18T19:26:01.7966863Z Creating stdout named pipe at /podr/container/pipe/a70f4a679ba7_careorbit-api-dev/stdout_32a07f89a3e54b4588cacb5ffa7b163a.
2026-03-18T19:26:01.8618717Z Successfully created stdout named pipe at: /podr/container/pipe/a70f4a679ba7_careorbit-api-dev/stdout_32a07f89a3e54b4588cacb5ffa7b163a.
2026-03-18T19:26:01.8623528Z Opening named pipe /podr/container/pipe/a70f4a679ba7_careorbit-api-dev/stdout_32a07f89a3e54b4588cacb5ffa7b163a for reading in non-blocking mode.
2026-03-18T19:26:01.8636001Z Successfully opened named pipe: /podr/container/pipe/a70f4a679ba7_careorbit-api-dev/stdout_32a07f89a3e54b4588cacb5ffa7b163a.
2026-03-18T19:26:01.8996272Z Successfully removed non-blocking flag from /podr/container/pipe/a70f4a679ba7_careorbit-api-dev/stdout_32a07f89a3e54b4588cacb5ffa7b163a.
2026-03-18T19:26:01.9296812Z Creating stderr named pipe at /podr/container/pipe/a70f4a679ba7_careorbit-api-dev/stderr_d3496065b07a449b8d7ee56fd0fb3944.
2026-03-18T19:26:01.9595153Z Successfully created stderr named pipe at: /podr/container/pipe/a70f4a679ba7_careorbit-api-dev/stderr_d3496065b07a449b8d7ee56fd0fb3944.
2026-03-18T19:26:01.9597393Z Opening named pipe /podr/container/pipe/a70f4a679ba7_careorbit-api-dev/stderr_d3496065b07a449b8d7ee56fd0fb3944 for reading in non-blocking mode.
2026-03-18T19:26:01.9599129Z Successfully opened named pipe: /podr/container/pipe/a70f4a679ba7_careorbit-api-dev/stderr_d3496065b07a449b8d7ee56fd0fb3944.
2026-03-18T19:26:01.9686123Z Successfully removed non-blocking flag from /podr/container/pipe/a70f4a679ba7_careorbit-api-dev/stderr_d3496065b07a449b8d7ee56fd0fb3944.
2026-03-18T19:26:01.9791793Z Creating container with image: appsvc/python:3.12_20260203.2.tuxprod from registry: 10.1.0.5:13209 and fully qualified image name: 10.1.0.5:13209/appsvc/python:3.12_20260203.2.tuxprod
2026-03-18T19:26:03.6572902Z Starting container: a70f4a679ba7_careorbit-api-dev.
2026-03-18T19:26:03.8742812Z Starting watchers and probes.
2026-03-18T19:26:03.8745926Z Starting metrics collection.
2026-03-18T19:26:03.8747068Z Container is running.
2026-03-18T19:26:03.8747783Z State: Starting, Action: CreatingContainer, LastError: , LastErrorTimestamp: 01/01/0001 00:00:00, LastErrorDetails: , Details: Container careorbit-api-dev successfully created and is running., DetailsLevel: INFO
2026-03-18T19:26:04.5447276Z Container start method finished after 5145 ms.
2026-03-18T19:26:04.5735476Z State: Starting, Action: InitiatingSiteWarmUpProbe, LastError: , LastErrorTimestamp: 01/01/0001 00:00:00, LastErrorDetails: , Details: Container careorbit-api-dev successfully created and is running., DetailsLevel: INFO
2026-03-18T19:26:04.5736201Z State: Starting, Action: WaitingForSiteWarmUpProbeSuccess, LastError: , LastErrorTimestamp: 01/01/0001 00:00:00, LastErrorDetails: , Details: Pinging warmup path to ensure container is ready to receive requests., DetailsLevel: INFO
2026-03-18T19:27:47.2276532Z Site startup probe succeeded after 102.5257824 seconds.
2026-03-18T19:27:47.9059600Z State: Starting, Action: WarmUpProbeSucceeded, LastError: , LastErrorTimestamp: 01/01/0001 00:00:00, LastErrorDetails: , Details: Site startup probe succeeded after 102.5257824 seconds., DetailsLevel: INFO
2026-03-18T19:27:48.6323774Z State: Starting, Action: StartingAuthContainer, LastError: , LastErrorTimestamp: 01/01/0001 00:00:00, LastErrorDetails: , Details: Site startup probe succeeded after 102.5257824 seconds., DetailsLevel: INFO
2026-03-18T19:27:58.8974522Z Site is running with deployment version: 3c3e587f-2dd4-4496-92d6-9c9882442f3e
2026-03-18T19:27:58.9271857Z Site started.
2026-03-18T19:27:58.9273194Z State: Started, Action: None, LastError: , LastErrorTimestamp: 01/01/0001 00:00:00, LastErrorDetails: , Details: Site started at 03/18/2026 19:27:58 (UTC), DetailsLevel: INFO
2026-03-18T19:27:58.9398168Z Site is running with patch version PYTHON 3.12.12
2026-03-18T19:28:19.1909523Z State: Stopping, Action: StoppingSite, LastError: ContainerTimeout, LastErrorTimestamp: 03/18/2026 15:25:58, LastErrorDetails: Container did not start within expected time limit of 1800s. Please inspect your container logs for more details., Details: Site started at 03/18/2026 19:18:10 (UTC), DetailsLevel: INFO
2026-03-18T19:28:19.2188861Z State: Stopping, Action: StoppingSiteContainers, LastError: ContainerTimeout, LastErrorTimestamp: 03/18/2026 15:25:58, LastErrorDetails: Container did not start within expected time limit of 1800s. Please inspect your container logs for more details., Details: Site started at 03/18/2026 19:18:10 (UTC), DetailsLevel: INFO
2026-03-18T19:28:19.2301990Z Container is terminating. Grace period: 5 seconds.
2026-03-18T19:28:19.7235940Z Stop and delete container. Retry count = 0
2026-03-18T19:28:19.7238660Z Stopping container: b4cd640934ac_careorbit-api-dev.
2026-03-18T19:28:27.7197276Z Deleting container: b4cd640934ac_careorbit-api-dev. Retry count = 0
2026-03-18T19:28:36.9022617Z Container spec TerminationMessagePolicy  path 
2026-03-18T19:28:36.9153049Z Container is terminated. Total time elapsed: 17684 ms.
2026-03-18T19:28:36.9446007Z Site: careorbit-api-dev stopped.
2026-03-18T19:59:12.0811751Z State: Starting, Action: EstablishingSiteNetworks, LastError: , LastErrorTimestamp: 01/01/0001 00:00:00, LastErrorDetails: , Details: , DetailsLevel: INFO
2026-03-18T19:59:19.6764184Z State: Starting, Action: StartingSiteContainers, LastError: , LastErrorTimestamp: 01/01/0001 00:00:00, LastErrorDetails: , Details: , DetailsLevel: INFO
2026-03-18T19:59:19.6766688Z Container start method called.
2026-03-18T19:59:19.6767288Z State: Starting, Action: PullingImage, LastError: , LastErrorTimestamp: 01/01/0001 00:00:00, LastErrorDetails: , Details: Pulling image 10.1.0.5:13209/appsvc/python:3.12_20260203.2.tuxprod for careorbit-api-dev., DetailsLevel: INFO
2026-03-18T19:59:19.6768898Z Establishing network.
2026-03-18T19:59:19.6769954Z Pulling image: appsvc/python:3.12_20260203.2.tuxprod.
2026-03-18T19:59:20.8346164Z Container is starting.
2026-03-18T19:59:20.8433747Z State: Starting, Action: MountingVolumes, LastError: , LastErrorTimestamp: 01/01/0001 00:00:00, LastErrorDetails: , Details: Mounting volumes for careorbit-api-dev., DetailsLevel: INFO
2026-03-18T19:59:20.8450561Z Establishing user namespace if not established already.
2026-03-18T19:59:20.8548648Z Establishing network if not established already.
2026-03-18T19:59:20.8624462Z Mounting volumes.
2026-03-18T19:59:20.8626465Z Nested mountpoint 
2026-03-18T19:59:21.0107646Z Nested mountpoint volatile/logs
2026-03-18T19:59:21.0482934Z Nested mountpoint 
2026-03-18T19:59:21.0490043Z Nested mountpoint 
2026-03-18T19:59:21.0889435Z Nested mountpoint 
2026-03-18T19:59:23.7595219Z State: Starting, Action: CreatingContainer, LastError: , LastErrorTimestamp: 01/01/0001 00:00:00, LastErrorDetails: , Details: Finished pulling container image and mounting volumes for careorbit-api-dev. Allocatinng the rest of the container resources to finish container creation., DetailsLevel: INFO
2026-03-18T19:59:23.7597001Z Creating container.
2026-03-18T19:59:23.7597770Z Creating pipes for streaming container io.
2026-03-18T19:59:23.7598601Z Creating stdout named pipe at /podr/container/pipe/1d8f780e057b_careorbit-api-dev/stdout_393d50acdc774e4e9a04086020815dc1.
2026-03-18T19:59:23.7958026Z Successfully created stdout named pipe at: /podr/container/pipe/1d8f780e057b_careorbit-api-dev/stdout_393d50acdc774e4e9a04086020815dc1.
2026-03-18T19:59:23.9476536Z Opening named pipe /podr/container/pipe/1d8f780e057b_careorbit-api-dev/stdout_393d50acdc774e4e9a04086020815dc1 for reading in non-blocking mode.
2026-03-18T19:59:23.9667416Z Successfully opened named pipe: /podr/container/pipe/1d8f780e057b_careorbit-api-dev/stdout_393d50acdc774e4e9a04086020815dc1.
2026-03-18T19:59:23.9668827Z Successfully removed non-blocking flag from /podr/container/pipe/1d8f780e057b_careorbit-api-dev/stdout_393d50acdc774e4e9a04086020815dc1.
2026-03-18T19:59:23.9670148Z Creating stderr named pipe at /podr/container/pipe/1d8f780e057b_careorbit-api-dev/stderr_85abd1e3b3424562b62f7352c2c11932.
2026-03-18T19:59:23.9671702Z Successfully created stderr named pipe at: /podr/container/pipe/1d8f780e057b_careorbit-api-dev/stderr_85abd1e3b3424562b62f7352c2c11932.
2026-03-18T19:59:23.9672380Z Opening named pipe /podr/container/pipe/1d8f780e057b_careorbit-api-dev/stderr_85abd1e3b3424562b62f7352c2c11932 for reading in non-blocking mode.
2026-03-18T19:59:23.9673308Z Successfully opened named pipe: /podr/container/pipe/1d8f780e057b_careorbit-api-dev/stderr_85abd1e3b3424562b62f7352c2c11932.
2026-03-18T19:59:23.9674022Z Successfully removed non-blocking flag from /podr/container/pipe/1d8f780e057b_careorbit-api-dev/stderr_85abd1e3b3424562b62f7352c2c11932.
2026-03-18T19:59:23.9674939Z Creating container with image: appsvc/python:3.12_20260203.2.tuxprod from registry: 10.1.0.5:13209 and fully qualified image name: 10.1.0.5:13209/appsvc/python:3.12_20260203.2.tuxprod
2026-03-18T19:59:26.9250201Z Starting container: 1d8f780e057b_careorbit-api-dev.
2026-03-18T19:59:27.0452005Z Starting watchers and probes.
2026-03-18T19:59:27.0455061Z Starting metrics collection.
2026-03-18T19:59:27.0456187Z Container is running.
2026-03-18T19:59:27.0457142Z State: Starting, Action: CreatingContainer, LastError: , LastErrorTimestamp: 01/01/0001 00:00:00, LastErrorDetails: , Details: Container careorbit-api-dev successfully created and is running., DetailsLevel: INFO
2026-03-18T19:59:27.3835825Z Container start method finished after 7588 ms.
2026-03-18T19:59:27.3838789Z State: Starting, Action: InitiatingSiteWarmUpProbe, LastError: , LastErrorTimestamp: 01/01/0001 00:00:00, LastErrorDetails: , Details: Container careorbit-api-dev successfully created and is running., DetailsLevel: INFO
2026-03-18T19:59:27.3853551Z State: Starting, Action: WaitingForSiteWarmUpProbeSuccess, LastError: , LastErrorTimestamp: 01/01/0001 00:00:00, LastErrorDetails: , Details: Pinging warmup path to ensure container is ready to receive requests., DetailsLevel: INFO
2026-03-18T20:00:51.6917707Z Site startup probe succeeded after 84.237324 seconds.
2026-03-18T20:00:52.1199839Z State: Starting, Action: WarmUpProbeSucceeded, LastError: , LastErrorTimestamp: 01/01/0001 00:00:00, LastErrorDetails: , Details: Site startup probe succeeded after 84.237324 seconds., DetailsLevel: INFO
2026-03-18T20:00:52.3228549Z State: Starting, Action: StartingAuthContainer, LastError: , LastErrorTimestamp: 01/01/0001 00:00:00, LastErrorDetails: , Details: Site startup probe succeeded after 84.237324 seconds., DetailsLevel: INFO
2026-03-18T20:01:03.6716245Z Site is running with deployment version: 2032b7bd-d982-4661-b909-7a5990000dd6
2026-03-18T20:01:03.7022390Z Site started.
2026-03-18T20:01:03.7031663Z State: Started, Action: None, LastError: , LastErrorTimestamp: 01/01/0001 00:00:00, LastErrorDetails: , Details: Site started at 03/18/2026 20:01:03 (UTC), DetailsLevel: INFO
2026-03-18T20:01:03.7813166Z Site is running with patch version PYTHON 3.12.12
2026-03-18T20:01:23.9567629Z State: Stopping, Action: StoppingSite, LastError: ContainerTimeout, LastErrorTimestamp: 03/18/2026 15:25:58, LastErrorDetails: Container did not start within expected time limit of 1800s. Please inspect your container logs for more details., Details: Site started at 03/18/2026 19:27:58 (UTC), DetailsLevel: INFO
2026-03-18T20:01:23.9734397Z State: Stopping, Action: StoppingSiteContainers, LastError: ContainerTimeout, LastErrorTimestamp: 03/18/2026 15:25:58, LastErrorDetails: Container did not start within expected time limit of 1800s. Please inspect your container logs for more details., Details: Site started at 03/18/2026 19:27:58 (UTC), DetailsLevel: INFO
2026-03-18T20:01:23.9740724Z Container is terminating. Grace period: 5 seconds.
2026-03-18T20:01:24.1740141Z Stop and delete container. Retry count = 0
2026-03-18T20:01:24.1833287Z Stopping container: a70f4a679ba7_careorbit-api-dev.
2026-03-18T20:01:29.6496968Z Deleting container: a70f4a679ba7_careorbit-api-dev. Retry count = 0
2026-03-18T20:01:32.8858753Z Container spec TerminationMessagePolicy  path 
2026-03-18T20:01:32.8862764Z Container is terminated. Total time elapsed: 8911 ms.
2026-03-18T20:01:32.8876553Z Site: careorbit-api-dev stopped.
2026-03-18T20:01:41.3550329Z State: Starting, Action: EstablishingSiteNetworks, LastError: , LastErrorTimestamp: 01/01/0001 00:00:00, LastErrorDetails: , Details: , DetailsLevel: INFO
2026-03-18T20:01:49.7025851Z State: Starting, Action: StartingSiteContainers, LastError: , LastErrorTimestamp: 01/01/0001 00:00:00, LastErrorDetails: , Details: , DetailsLevel: INFO
2026-03-18T20:01:49.7041532Z Container start method called.
2026-03-18T20:01:49.7198947Z State: Starting, Action: PullingImage, LastError: , LastErrorTimestamp: 01/01/0001 00:00:00, LastErrorDetails: , Details: Pulling image 10.1.0.5:13209/appsvc/python:3.12_20260203.2.tuxprod for careorbit-api-dev., DetailsLevel: INFO
2026-03-18T20:01:49.7207472Z Establishing network.
2026-03-18T20:01:49.7212699Z Pulling image: appsvc/python:3.12_20260203.2.tuxprod.
2026-03-18T20:01:50.3262442Z Container is starting.
2026-03-18T20:01:50.3331196Z State: Starting, Action: MountingVolumes, LastError: , LastErrorTimestamp: 01/01/0001 00:00:00, LastErrorDetails: , Details: Mounting volumes for careorbit-api-dev., DetailsLevel: INFO
2026-03-18T20:01:50.3333731Z Establishing user namespace if not established already.
2026-03-18T20:01:50.3334935Z Establishing network if not established already.
2026-03-18T20:01:50.3336231Z Mounting volumes.
2026-03-18T20:01:50.3338400Z Nested mountpoint 
2026-03-18T20:01:50.5679728Z Nested mountpoint volatile/logs
2026-03-18T20:01:50.5885023Z Nested mountpoint 
2026-03-18T20:01:50.6870784Z Nested mountpoint 
2026-03-18T20:01:51.2262010Z Nested mountpoint 
2026-03-18T20:01:52.8595763Z State: Starting, Action: CreatingContainer, LastError: , LastErrorTimestamp: 01/01/0001 00:00:00, LastErrorDetails: , Details: Finished pulling container image and mounting volumes for careorbit-api-dev. Allocatinng the rest of the container resources to finish container creation., DetailsLevel: INFO
2026-03-18T20:01:52.8598269Z Creating container.
2026-03-18T20:01:52.8599116Z Creating pipes for streaming container io.
2026-03-18T20:01:52.8599856Z Creating stdout named pipe at /podr/container/pipe/c31769e2dda3_careorbit-api-dev/stdout_640dd2586e0e4252ae45a35237b348fd.
2026-03-18T20:01:52.9384343Z Successfully created stdout named pipe at: /podr/container/pipe/c31769e2dda3_careorbit-api-dev/stdout_640dd2586e0e4252ae45a35237b348fd.
2026-03-18T20:01:52.9478777Z Opening named pipe /podr/container/pipe/c31769e2dda3_careorbit-api-dev/stdout_640dd2586e0e4252ae45a35237b348fd for reading in non-blocking mode.
2026-03-18T20:01:52.9480779Z Successfully opened named pipe: /podr/container/pipe/c31769e2dda3_careorbit-api-dev/stdout_640dd2586e0e4252ae45a35237b348fd.
2026-03-18T20:01:52.9481629Z Successfully removed non-blocking flag from /podr/container/pipe/c31769e2dda3_careorbit-api-dev/stdout_640dd2586e0e4252ae45a35237b348fd.
2026-03-18T20:01:52.9487454Z Creating stderr named pipe at /podr/container/pipe/c31769e2dda3_careorbit-api-dev/stderr_6d3e5e7a446d49ba98b489bba38709b8.
2026-03-18T20:01:52.9489004Z Successfully created stderr named pipe at: /podr/container/pipe/c31769e2dda3_careorbit-api-dev/stderr_6d3e5e7a446d49ba98b489bba38709b8.
2026-03-18T20:01:52.9489806Z Opening named pipe /podr/container/pipe/c31769e2dda3_careorbit-api-dev/stderr_6d3e5e7a446d49ba98b489bba38709b8 for reading in non-blocking mode.
2026-03-18T20:01:52.9490696Z Successfully opened named pipe: /podr/container/pipe/c31769e2dda3_careorbit-api-dev/stderr_6d3e5e7a446d49ba98b489bba38709b8.
2026-03-18T20:01:52.9491372Z Successfully removed non-blocking flag from /podr/container/pipe/c31769e2dda3_careorbit-api-dev/stderr_6d3e5e7a446d49ba98b489bba38709b8.
2026-03-18T20:01:52.9493163Z Creating container with image: appsvc/python:3.12_20260203.2.tuxprod from registry: 10.1.0.5:13209 and fully qualified image name: 10.1.0.5:13209/appsvc/python:3.12_20260203.2.tuxprod
2026-03-18T20:01:58.5037692Z Starting container: c31769e2dda3_careorbit-api-dev.
2026-03-18T20:01:58.9359831Z Starting watchers and probes.
2026-03-18T20:01:58.9369984Z Starting metrics collection.
2026-03-18T20:01:58.9372349Z Container is running.
2026-03-18T20:01:58.9373328Z State: Starting, Action: CreatingContainer, LastError: , LastErrorTimestamp: 01/01/0001 00:00:00, LastErrorDetails: , Details: Container careorbit-api-dev successfully created and is running., DetailsLevel: INFO
2026-03-18T20:01:59.3960767Z Container start method finished after 9676 ms.
2026-03-18T20:01:59.3962309Z State: Starting, Action: InitiatingSiteWarmUpProbe, LastError: , LastErrorTimestamp: 01/01/0001 00:00:00, LastErrorDetails: , Details: Container careorbit-api-dev successfully created and is running., DetailsLevel: INFO
2026-03-18T20:01:59.3962458Z State: Starting, Action: WaitingForSiteWarmUpProbeSuccess, LastError: , LastErrorTimestamp: 01/01/0001 00:00:00, LastErrorDetails: , Details: Pinging warmup path to ensure container is ready to receive requests., DetailsLevel: INFO
2026-03-18T20:03:37.3404249Z Site startup probe failed after 97.8028712 seconds.
2026-03-18T20:03:38.6722126Z State: Starting, Action: WaitingForSiteWarmUpProbeSuccess, LastError: ContainerTimeout, LastErrorTimestamp: 03/18/2026 20:03:38, LastErrorDetails: Container did not start within expected time limit of 1800s. Please inspect your container logs for more details., Details: Pinging warmup path to ensure container is ready to receive requests., DetailsLevel: ERR
2026-03-18T20:03:38.8799010Z Failed to start site. Revert by stopping site.
2026-03-18T20:03:38.9079414Z State: Stopping, Action: StoppingSite, LastError: ContainerTimeout, LastErrorTimestamp: 03/18/2026 20:03:38, LastErrorDetails: Container did not start within expected time limit of 1800s. Please inspect your container logs for more details., Details: Pinging warmup path to ensure container is ready to receive requests., DetailsLevel: ERR
2026-03-18T20:03:39.0581564Z State: Stopping, Action: StoppingSiteContainers, LastError: ContainerTimeout, LastErrorTimestamp: 03/18/2026 20:03:38, LastErrorDetails: Container did not start within expected time limit of 1800s. Please inspect your container logs for more details., Details: Pinging warmup path to ensure container is ready to receive requests., DetailsLevel: ERR
2026-03-18T20:03:39.0583929Z Container is terminating. Grace period: 5 seconds.
2026-03-18T20:03:39.5017860Z Stop and delete container. Retry count = 0
2026-03-18T20:03:39.5321518Z Stopping container: c31769e2dda3_careorbit-api-dev.
2026-03-18T20:03:44.8923434Z Deleting container: c31769e2dda3_careorbit-api-dev. Retry count = 0
2026-03-18T20:03:47.1865995Z Container spec TerminationMessagePolicy  path 
2026-03-18T20:03:47.1872519Z Container is terminated. Total time elapsed: 8128 ms.
2026-03-18T20:03:47.1873421Z Site container: careorbit-api-dev terminated during site startup.
2026-03-18T20:03:47.2164165Z State: Stopping, Action: CancellingStartup, LastError: ContainerTimeout, LastErrorTimestamp: 03/18/2026 20:03:38, LastErrorDetails: Container did not start within expected time limit of 1800s. Please inspect your container logs for more details., Details: Site container: careorbit-api-dev terminated during site startup. Cancelling site startup., DetailsLevel: ERR
2026-03-18T20:03:47.2168232Z Site: careorbit-api-dev stopped.
2026-03-18T20:04:13.4674233Z State: Stopping, Action: StoppingSite, LastError: ContainerTimeout, LastErrorTimestamp: 03/18/2026 15:25:58, LastErrorDetails: Container did not start within expected time limit of 1800s. Please inspect your container logs for more details., Details: Site started at 03/18/2026 20:01:03 (UTC), DetailsLevel: INFO
2026-03-18T20:04:13.5077165Z State: Stopping, Action: StoppingSiteContainers, LastError: ContainerTimeout, LastErrorTimestamp: 03/18/2026 15:25:58, LastErrorDetails: Container did not start within expected time limit of 1800s. Please inspect your container logs for more details., Details: Site started at 03/18/2026 20:01:03 (UTC), DetailsLevel: INFO
2026-03-18T20:04:13.5249340Z Container is terminating. Grace period: 5 seconds.
2026-03-18T20:04:13.7725685Z Stop and delete container. Retry count = 0
2026-03-18T20:04:13.7726672Z Stopping container: 1d8f780e057b_careorbit-api-dev.
2026-03-18T20:04:19.4271131Z Deleting container: 1d8f780e057b_careorbit-api-dev. Retry count = 0
2026-03-18T20:04:25.9687011Z Container spec TerminationMessagePolicy  path 
2026-03-18T20:04:25.9695178Z Container is terminated. Total time elapsed: 12443 ms.
2026-03-18T20:04:25.9996224Z Site: careorbit-api-dev stopped.
2026-03-18T20:04:52.0254868Z State: Starting, Action: EstablishingSiteNetworks, LastError: ContainerTimeout, LastErrorTimestamp: 03/18/2026 20:03:38, LastErrorDetails: Container did not start within expected time limit of 1800s. Please inspect your container logs for more details., Details: Site stopped at 03/18/2026 20:03:52 (UTC), DetailsLevel: ERR
2026-03-18T20:05:00.0253875Z State: Starting, Action: StartingSiteContainers, LastError: ContainerTimeout, LastErrorTimestamp: 03/18/2026 20:03:38, LastErrorDetails: Container did not start within expected time limit of 1800s. Please inspect your container logs for more details., Details: Site stopped at 03/18/2026 20:03:52 (UTC), DetailsLevel: ERR
2026-03-18T20:05:00.0930696Z Container start method called.
2026-03-18T20:05:00.0940526Z State: Starting, Action: PullingImage, LastError: ContainerTimeout, LastErrorTimestamp: 03/18/2026 20:03:38, LastErrorDetails: Container did not start within expected time limit of 1800s. Please inspect your container logs for more details., Details: Pulling image 10.1.0.4:13209/appsvc/python:3.12_20260203.2.tuxprod for careorbit-api-dev., DetailsLevel: INFO
2026-03-18T20:05:00.0948667Z Establishing network.
2026-03-18T20:05:00.0955944Z Pulling image: appsvc/python:3.12_20260203.2.tuxprod.
2026-03-18T20:05:00.9729055Z Container is starting.
2026-03-18T20:05:00.9729862Z State: Starting, Action: MountingVolumes, LastError: ContainerTimeout, LastErrorTimestamp: 03/18/2026 20:03:38, LastErrorDetails: Container did not start within expected time limit of 1800s. Please inspect your container logs for more details., Details: Mounting volumes for careorbit-api-dev., DetailsLevel: INFO
2026-03-18T20:05:00.9730581Z Establishing user namespace if not established already.
2026-03-18T20:05:00.9744108Z Establishing network if not established already.
2026-03-18T20:05:00.9746164Z Mounting volumes.
2026-03-18T20:05:00.9747414Z Nested mountpoint 
2026-03-18T20:05:01.0658734Z Nested mountpoint volatile/logs
2026-03-18T20:05:01.1636334Z Nested mountpoint 
2026-03-18T20:05:01.2239970Z Nested mountpoint 
2026-03-18T20:05:01.2733149Z Nested mountpoint 
2026-03-18T20:05:03.4939803Z State: Starting, Action: CreatingContainer, LastError: ContainerTimeout, LastErrorTimestamp: 03/18/2026 20:03:38, LastErrorDetails: Container did not start within expected time limit of 1800s. Please inspect your container logs for more details., Details: Finished pulling container image and mounting volumes for careorbit-api-dev. Allocatinng the rest of the container resources to finish container creation., DetailsLevel: INFO
2026-03-18T20:05:03.6327805Z Creating container.
2026-03-18T20:05:03.6332707Z Creating pipes for streaming container io.
2026-03-18T20:05:03.6334405Z Creating stdout named pipe at /podr/container/pipe/ec9437b4c124_careorbit-api-dev/stdout_2e9e48e0acd5455492bd0c56d512b4d5.
2026-03-18T20:05:03.6446365Z Successfully created stdout named pipe at: /podr/container/pipe/ec9437b4c124_careorbit-api-dev/stdout_2e9e48e0acd5455492bd0c56d512b4d5.
2026-03-18T20:05:03.6451186Z Opening named pipe /podr/container/pipe/ec9437b4c124_careorbit-api-dev/stdout_2e9e48e0acd5455492bd0c56d512b4d5 for reading in non-blocking mode.
2026-03-18T20:05:03.6452774Z Successfully opened named pipe: /podr/container/pipe/ec9437b4c124_careorbit-api-dev/stdout_2e9e48e0acd5455492bd0c56d512b4d5.
2026-03-18T20:05:03.6532039Z Successfully removed non-blocking flag from /podr/container/pipe/ec9437b4c124_careorbit-api-dev/stdout_2e9e48e0acd5455492bd0c56d512b4d5.
2026-03-18T20:05:03.6917132Z Creating stderr named pipe at /podr/container/pipe/ec9437b4c124_careorbit-api-dev/stderr_6e847c22cfd54bc383c8dc0341af407f.
2026-03-18T20:05:03.6934477Z Successfully created stderr named pipe at: /podr/container/pipe/ec9437b4c124_careorbit-api-dev/stderr_6e847c22cfd54bc383c8dc0341af407f.
2026-03-18T20:05:03.6935953Z Opening named pipe /podr/container/pipe/ec9437b4c124_careorbit-api-dev/stderr_6e847c22cfd54bc383c8dc0341af407f for reading in non-blocking mode.
2026-03-18T20:05:03.7007872Z Successfully opened named pipe: /podr/container/pipe/ec9437b4c124_careorbit-api-dev/stderr_6e847c22cfd54bc383c8dc0341af407f.
2026-03-18T20:05:03.7012580Z Successfully removed non-blocking flag from /podr/container/pipe/ec9437b4c124_careorbit-api-dev/stderr_6e847c22cfd54bc383c8dc0341af407f.
2026-03-18T20:05:03.8068371Z Creating container with image: appsvc/python:3.12_20260203.2.tuxprod from registry: 10.1.0.4:13209 and fully qualified image name: 10.1.0.4:13209/appsvc/python:3.12_20260203.2.tuxprod
2026-03-18T20:05:06.6404386Z Starting container: ec9437b4c124_careorbit-api-dev.
2026-03-18T20:05:06.9115612Z Starting watchers and probes.
2026-03-18T20:05:06.9214728Z Starting metrics collection.
2026-03-18T20:05:06.9219811Z Container is running.
2026-03-18T20:05:06.9389284Z State: Starting, Action: CreatingContainer, LastError: ContainerTimeout, LastErrorTimestamp: 03/18/2026 20:03:38, LastErrorDetails: Container did not start within expected time limit of 1800s. Please inspect your container logs for more details., Details: Container careorbit-api-dev successfully created and is running., DetailsLevel: INFO
2026-03-18T20:05:07.1919418Z Container start method finished after 7097 ms.
2026-03-18T20:05:07.2313267Z State: Starting, Action: InitiatingSiteWarmUpProbe, LastError: ContainerTimeout, LastErrorTimestamp: 03/18/2026 20:03:38, LastErrorDetails: Container did not start within expected time limit of 1800s. Please inspect your container logs for more details., Details: Container careorbit-api-dev successfully created and is running., DetailsLevel: INFO
2026-03-18T20:05:07.2313990Z State: Starting, Action: WaitingForSiteWarmUpProbeSuccess, LastError: ContainerTimeout, LastErrorTimestamp: 03/18/2026 20:03:38, LastErrorDetails: Container did not start within expected time limit of 1800s. Please inspect your container logs for more details., Details: Pinging warmup path to ensure container is ready to receive requests., DetailsLevel: INFO
2026-03-18T20:06:31.8052856Z Site startup probe succeeded after 84.5728648 seconds.
2026-03-18T20:06:32.0621904Z State: Starting, Action: WarmUpProbeSucceeded, LastError: ContainerTimeout, LastErrorTimestamp: 03/18/2026 20:03:38, LastErrorDetails: Container did not start within expected time limit of 1800s. Please inspect your container logs for more details., Details: Site startup probe succeeded after 84.5728648 seconds., DetailsLevel: INFO
2026-03-18T20:06:32.1505503Z State: Starting, Action: StartingAuthContainer, LastError: ContainerTimeout, LastErrorTimestamp: 03/18/2026 20:03:38, LastErrorDetails: Container did not start within expected time limit of 1800s. Please inspect your container logs for more details., Details: Site startup probe succeeded after 84.5728648 seconds., DetailsLevel: INFO
2026-03-18T20:06:40.3752375Z Site is running with deployment version: 2032b7bd-d982-4661-b909-7a5990000dd6
2026-03-18T20:06:40.3857255Z Site started.
2026-03-18T20:06:40.3859128Z State: Started, Action: None, LastError: ContainerTimeout, LastErrorTimestamp: 03/18/2026 20:03:38, LastErrorDetails: Container did not start within expected time limit of 1800s. Please inspect your container logs for more details., Details: Site started at 03/18/2026 20:06:40 (UTC), DetailsLevel: INFO
2026-03-18T20:06:40.4220475Z Site is running with patch version PYTHON 3.12.12
2026-03-18T20:17:10.6818558Z State: Starting, Action: EstablishingSiteNetworks, LastError: , LastErrorTimestamp: 01/01/0001 00:00:00, LastErrorDetails: , Details: , DetailsLevel: INFO
2026-03-18T20:17:18.3812322Z State: Starting, Action: StartingSiteContainers, LastError: , LastErrorTimestamp: 01/01/0001 00:00:00, LastErrorDetails: , Details: , DetailsLevel: INFO
2026-03-18T20:17:18.4514416Z Container start method called.
2026-03-18T20:17:18.4592052Z State: Starting, Action: PullingImage, LastError: , LastErrorTimestamp: 01/01/0001 00:00:00, LastErrorDetails: , Details: Pulling image 10.1.0.5:13209/appsvc/python:3.12_20260203.2.tuxprod for careorbit-api-dev., DetailsLevel: INFO
2026-03-18T20:17:18.4597347Z Establishing network.
2026-03-18T20:17:18.4605976Z Pulling image: appsvc/python:3.12_20260203.2.tuxprod.
2026-03-18T20:17:20.1039402Z Container is starting.
2026-03-18T20:17:20.1040872Z State: Starting, Action: MountingVolumes, LastError: , LastErrorTimestamp: 01/01/0001 00:00:00, LastErrorDetails: , Details: Mounting volumes for careorbit-api-dev., DetailsLevel: INFO
2026-03-18T20:17:20.1046661Z Establishing user namespace if not established already.
2026-03-18T20:17:20.1047871Z Establishing network if not established already.
2026-03-18T20:17:20.1050131Z Mounting volumes.
2026-03-18T20:17:20.1130155Z Nested mountpoint 
2026-03-18T20:17:20.1838664Z Nested mountpoint volatile/logs
2026-03-18T20:17:20.2433901Z Nested mountpoint 
2026-03-18T20:17:20.3631624Z Nested mountpoint 
2026-03-18T20:17:20.3725601Z Nested mountpoint 
2026-03-18T20:17:21.6927168Z State: Starting, Action: CreatingContainer, LastError: , LastErrorTimestamp: 01/01/0001 00:00:00, LastErrorDetails: , Details: Finished pulling container image and mounting volumes for careorbit-api-dev. Allocatinng the rest of the container resources to finish container creation., DetailsLevel: INFO
2026-03-18T20:17:21.7233803Z Creating container.
2026-03-18T20:17:21.7511346Z Creating pipes for streaming container io.
2026-03-18T20:17:21.7612962Z Creating stdout named pipe at /podr/container/pipe/6fb30cce37ff_careorbit-api-dev/stdout_9bff2e72493d4078b80174ec366fba41.
2026-03-18T20:17:21.8025063Z Successfully created stdout named pipe at: /podr/container/pipe/6fb30cce37ff_careorbit-api-dev/stdout_9bff2e72493d4078b80174ec366fba41.
2026-03-18T20:17:21.8114435Z Opening named pipe /podr/container/pipe/6fb30cce37ff_careorbit-api-dev/stdout_9bff2e72493d4078b80174ec366fba41 for reading in non-blocking mode.
2026-03-18T20:17:21.8119902Z Successfully opened named pipe: /podr/container/pipe/6fb30cce37ff_careorbit-api-dev/stdout_9bff2e72493d4078b80174ec366fba41.
2026-03-18T20:17:21.8516832Z Successfully removed non-blocking flag from /podr/container/pipe/6fb30cce37ff_careorbit-api-dev/stdout_9bff2e72493d4078b80174ec366fba41.
2026-03-18T20:17:21.8918254Z Creating stderr named pipe at /podr/container/pipe/6fb30cce37ff_careorbit-api-dev/stderr_0d8fa53b4b474b26badca062e2a32c99.
2026-03-18T20:17:21.8924771Z Successfully created stderr named pipe at: /podr/container/pipe/6fb30cce37ff_careorbit-api-dev/stderr_0d8fa53b4b474b26badca062e2a32c99.
2026-03-18T20:17:21.8939812Z Opening named pipe /podr/container/pipe/6fb30cce37ff_careorbit-api-dev/stderr_0d8fa53b4b474b26badca062e2a32c99 for reading in non-blocking mode.
2026-03-18T20:17:21.8945445Z Successfully opened named pipe: /podr/container/pipe/6fb30cce37ff_careorbit-api-dev/stderr_0d8fa53b4b474b26badca062e2a32c99.
2026-03-18T20:17:21.8946556Z Successfully removed non-blocking flag from /podr/container/pipe/6fb30cce37ff_careorbit-api-dev/stderr_0d8fa53b4b474b26badca062e2a32c99.
2026-03-18T20:17:21.9533138Z Creating container with image: appsvc/python:3.12_20260203.2.tuxprod from registry: 10.1.0.5:13209 and fully qualified image name: 10.1.0.5:13209/appsvc/python:3.12_20260203.2.tuxprod
2026-03-18T20:17:26.1826070Z Starting container: 6fb30cce37ff_careorbit-api-dev.
2026-03-18T20:17:26.6836587Z Starting watchers and probes.
2026-03-18T20:17:26.8920899Z Starting metrics collection.
2026-03-18T20:17:26.8931140Z Container is running.
2026-03-18T20:17:26.8932099Z State: Starting, Action: CreatingContainer, LastError: , LastErrorTimestamp: 01/01/0001 00:00:00, LastErrorDetails: , Details: Container careorbit-api-dev successfully created and is running., DetailsLevel: INFO
2026-03-18T20:17:28.8649857Z Container start method finished after 10162 ms.
2026-03-18T20:17:28.8653896Z State: Starting, Action: InitiatingSiteWarmUpProbe, LastError: , LastErrorTimestamp: 01/01/0001 00:00:00, LastErrorDetails: , Details: Container careorbit-api-dev successfully created and is running., DetailsLevel: INFO
2026-03-18T20:17:28.8654387Z State: Starting, Action: WaitingForSiteWarmUpProbeSuccess, LastError: , LastErrorTimestamp: 01/01/0001 00:00:00, LastErrorDetails: , Details: Pinging warmup path to ensure container is ready to receive requests., DetailsLevel: INFO
2026-03-18T20:19:00.3367448Z Container has finished running with exit code: 1.
2026-03-18T20:19:00.3377402Z Container is terminating. Grace period: 5 seconds.
2026-03-18T20:19:00.5124437Z Stop and delete container. Retry count = 0
2026-03-18T20:19:00.5132157Z Stopping container: 6fb30cce37ff_careorbit-api-dev.
2026-03-18T20:19:00.8761406Z Deleting container: 6fb30cce37ff_careorbit-api-dev. Retry count = 0
2026-03-18T20:19:02.8613268Z Container spec TerminationMessagePolicy  path 
2026-03-18T20:19:02.8798171Z Container is terminated. Total time elapsed: 2436 ms.
2026-03-18T20:19:02.8806617Z Site container: careorbit-api-dev terminated during site startup.
2026-03-18T20:19:02.8809630Z State: Stopping, Action: CancellingStartup, LastError: , LastErrorTimestamp: 01/01/0001 00:00:00, LastErrorDetails: , Details: Site container: careorbit-api-dev terminated during site startup. Cancelling site startup., DetailsLevel: ERR
2026-03-18T20:19:04.3801048Z Site startup probe failed after 95.333029 seconds.
2026-03-18T20:19:04.7453107Z State: Stopping, Action: CancellingStartup, LastError: ContainerTimeout, LastErrorTimestamp: 03/18/2026 20:19:04, LastErrorDetails: Container did not start within expected time limit of 1800s. Please inspect your container logs for more details., Details: Site container: careorbit-api-dev terminated during site startup. Cancelling site startup., DetailsLevel: ERR
2026-03-18T20:19:04.7732927Z Failed to start site. Revert by stopping site.
2026-03-18T20:19:04.8688377Z State: Stopping, Action: StoppingSite, LastError: ContainerTimeout, LastErrorTimestamp: 03/18/2026 20:19:04, LastErrorDetails: Container did not start within expected time limit of 1800s. Please inspect your container logs for more details., Details: Site container: careorbit-api-dev terminated during site startup. Cancelling site startup., DetailsLevel: ERR
2026-03-18T20:19:04.8791270Z State: Stopping, Action: StoppingSiteContainers, LastError: ContainerTimeout, LastErrorTimestamp: 03/18/2026 20:19:04, LastErrorDetails: Container did not start within expected time limit of 1800s. Please inspect your container logs for more details., Details: Site container: careorbit-api-dev terminated during site startup. Cancelling site startup., DetailsLevel: ERR
2026-03-18T20:19:04.8794419Z Site: careorbit-api-dev stopped.
2026-03-18T20:19:28.2896172Z State: Stopping, Action: StoppingSite, LastError: ContainerTimeout, LastErrorTimestamp: 03/18/2026 20:03:38, LastErrorDetails: Container did not start within expected time limit of 1800s. Please inspect your container logs for more details., Details: Site started at 03/18/2026 20:06:40 (UTC), DetailsLevel: INFO
2026-03-18T20:19:28.3376015Z State: Stopping, Action: StoppingSiteContainers, LastError: ContainerTimeout, LastErrorTimestamp: 03/18/2026 20:03:38, LastErrorDetails: Container did not start within expected time limit of 1800s. Please inspect your container logs for more details., Details: Site started at 03/18/2026 20:06:40 (UTC), DetailsLevel: INFO
2026-03-18T20:19:28.3378433Z Container is terminating. Grace period: 5 seconds.
2026-03-18T20:19:28.5658602Z Stop and delete container. Retry count = 0
2026-03-18T20:19:28.5660543Z Stopping container: ec9437b4c124_careorbit-api-dev.
2026-03-18T20:19:34.0817107Z Deleting container: ec9437b4c124_careorbit-api-dev. Retry count = 0
2026-03-18T20:19:36.1492771Z Container spec TerminationMessagePolicy  path 
2026-03-18T20:19:36.1586256Z Container is terminated. Total time elapsed: 7819 ms.
2026-03-18T20:19:36.1664066Z Site: careorbit-api-dev stopped.
2026-03-18T20:19:04.9752552Z State: Stopping, Action: UnmountingVolumes, LastError: ContainerTimeout, LastErrorTimestamp: 03/18/2026 20:19:04, LastErrorDetails: Container did not start within expected time limit of 1800s. Please inspect your container logs for more details., Details: Site container: careorbit-api-dev terminated during site startup. Cancelling site startup., DetailsLevel: ERR
2026-03-18T20:19:05.9698402Z State: Stopping, Action: StoppingSiteNetworks, LastError: ContainerTimeout, LastErrorTimestamp: 03/18/2026 20:19:04, LastErrorDetails: Container did not start within expected time limit of 1800s. Please inspect your container logs for more details., Details: Site container: careorbit-api-dev terminated during site startup. Cancelling site startup., DetailsLevel: ERR
2026-03-18T20:19:07.2842318Z State: Stopped, Action: None, LastError: ContainerTimeout, LastErrorTimestamp: 03/18/2026 20:19:04, LastErrorDetails: Container did not start within expected time limit of 1800s. Please inspect your container logs for more details., Details: Site stopped at 03/18/2026 20:19:07 (UTC), DetailsLevel: ERR
2026-03-18T20:19:07.4059132Z State: Stopped, Action: None, LastError: ContainerTimeout, LastErrorTimestamp: 03/18/2026 20:19:04, LastErrorDetails: Container did not start within expected time limit of 1800s. Please inspect your container logs for more details., Details: Site stopped at 03/18/2026 20:19:07 (UTC), DetailsLevel: ERR
2026-03-18T20:19:55.9848629Z State: Starting, Action: EstablishingSiteNetworks, LastError: ContainerTimeout, LastErrorTimestamp: 03/18/2026 20:19:04, LastErrorDetails: Container did not start within expected time limit of 1800s. Please inspect your container logs for more details., Details: Site stopped at 03/18/2026 20:19:07 (UTC), DetailsLevel: ERR
2026-03-18T20:20:00.4220286Z State: Starting, Action: StartingSiteContainers, LastError: ContainerTimeout, LastErrorTimestamp: 03/18/2026 20:19:04, LastErrorDetails: Container did not start within expected time limit of 1800s. Please inspect your container logs for more details., Details: Site stopped at 03/18/2026 20:19:07 (UTC), DetailsLevel: ERR
2026-03-18T20:20:00.4236279Z Container start method called.
2026-03-18T20:20:00.4243837Z State: Starting, Action: PullingImage, LastError: ContainerTimeout, LastErrorTimestamp: 03/18/2026 20:19:04, LastErrorDetails: Container did not start within expected time limit of 1800s. Please inspect your container logs for more details., Details: Pulling image 10.1.0.5:13209/appsvc/python:3.12_20260203.2.tuxprod for careorbit-api-dev., DetailsLevel: INFO
2026-03-18T20:20:00.4318802Z Establishing network.
2026-03-18T20:20:00.4327642Z Pulling image: appsvc/python:3.12_20260203.2.tuxprod.
2026-03-18T20:20:01.1268971Z Container is starting.
2026-03-18T20:20:01.1353495Z State: Starting, Action: MountingVolumes, LastError: ContainerTimeout, LastErrorTimestamp: 03/18/2026 20:19:04, LastErrorDetails: Container did not start within expected time limit of 1800s. Please inspect your container logs for more details., Details: Mounting volumes for careorbit-api-dev., DetailsLevel: INFO
2026-03-18T20:20:01.1361930Z Establishing user namespace if not established already.
2026-03-18T20:20:01.1444420Z Establishing network if not established already.
2026-03-18T20:20:01.1459989Z Mounting volumes.
2026-03-18T20:20:01.1550516Z Nested mountpoint 
2026-03-18T20:20:01.2119886Z Nested mountpoint volatile/logs
2026-03-18T20:20:01.2846363Z Nested mountpoint 
2026-03-18T20:20:01.5330732Z Nested mountpoint 
2026-03-18T20:20:01.5716656Z Nested mountpoint 
2026-03-18T20:20:02.6529351Z State: Starting, Action: CreatingContainer, LastError: ContainerTimeout, LastErrorTimestamp: 03/18/2026 20:19:04, LastErrorDetails: Container did not start within expected time limit of 1800s. Please inspect your container logs for more details., Details: Finished pulling container image and mounting volumes for careorbit-api-dev. Allocatinng the rest of the container resources to finish container creation., DetailsLevel: INFO
2026-03-18T20:20:02.6609655Z Creating container.
2026-03-18T20:20:02.6622100Z Creating pipes for streaming container io.
2026-03-18T20:20:02.7091289Z Creating stdout named pipe at /podr/container/pipe/a5364d326cef_careorbit-api-dev/stdout_46b60b9f9423403fa0efeec616ba9a37.
2026-03-18T20:20:02.7745348Z Successfully created stdout named pipe at: /podr/container/pipe/a5364d326cef_careorbit-api-dev/stdout_46b60b9f9423403fa0efeec616ba9a37.
2026-03-18T20:20:02.7750401Z Opening named pipe /podr/container/pipe/a5364d326cef_careorbit-api-dev/stdout_46b60b9f9423403fa0efeec616ba9a37 for reading in non-blocking mode.
2026-03-18T20:20:02.8192777Z Successfully opened named pipe: /podr/container/pipe/a5364d326cef_careorbit-api-dev/stdout_46b60b9f9423403fa0efeec616ba9a37.
2026-03-18T20:20:02.8409854Z Successfully removed non-blocking flag from /podr/container/pipe/a5364d326cef_careorbit-api-dev/stdout_46b60b9f9423403fa0efeec616ba9a37.
2026-03-18T20:20:02.8597044Z Creating stderr named pipe at /podr/container/pipe/a5364d326cef_careorbit-api-dev/stderr_0d7148498d6840418c6a2a2b8fabdc2c.
2026-03-18T20:20:02.8598926Z Successfully created stderr named pipe at: /podr/container/pipe/a5364d326cef_careorbit-api-dev/stderr_0d7148498d6840418c6a2a2b8fabdc2c.
2026-03-18T20:20:02.8599629Z Opening named pipe /podr/container/pipe/a5364d326cef_careorbit-api-dev/stderr_0d7148498d6840418c6a2a2b8fabdc2c for reading in non-blocking mode.
2026-03-18T20:20:02.8600570Z Successfully opened named pipe: /podr/container/pipe/a5364d326cef_careorbit-api-dev/stderr_0d7148498d6840418c6a2a2b8fabdc2c.
2026-03-18T20:20:02.8602285Z Successfully removed non-blocking flag from /podr/container/pipe/a5364d326cef_careorbit-api-dev/stderr_0d7148498d6840418c6a2a2b8fabdc2c.
2026-03-18T20:20:02.8895774Z Creating container with image: appsvc/python:3.12_20260203.2.tuxprod from registry: 10.1.0.5:13209 and fully qualified image name: 10.1.0.5:13209/appsvc/python:3.12_20260203.2.tuxprod
2026-03-18T20:20:04.7190148Z Starting container: a5364d326cef_careorbit-api-dev.
2026-03-18T20:20:04.9804202Z Starting watchers and probes.
2026-03-18T20:20:05.0448033Z Starting metrics collection.
2026-03-18T20:20:05.0461793Z Container is running.
2026-03-18T20:20:05.0462910Z State: Starting, Action: CreatingContainer, LastError: ContainerTimeout, LastErrorTimestamp: 03/18/2026 20:19:04, LastErrorDetails: Container did not start within expected time limit of 1800s. Please inspect your container logs for more details., Details: Container careorbit-api-dev successfully created and is running., DetailsLevel: INFO
2026-03-18T20:20:05.4834532Z Container start method finished after 5049 ms.
2026-03-18T20:20:05.4839279Z State: Starting, Action: InitiatingSiteWarmUpProbe, LastError: ContainerTimeout, LastErrorTimestamp: 03/18/2026 20:19:04, LastErrorDetails: Container did not start within expected time limit of 1800s. Please inspect your container logs for more details., Details: Container careorbit-api-dev successfully created and is running., DetailsLevel: INFO
2026-03-18T20:20:05.4839517Z State: Starting, Action: WaitingForSiteWarmUpProbeSuccess, LastError: ContainerTimeout, LastErrorTimestamp: 03/18/2026 20:19:04, LastErrorDetails: Container did not start within expected time limit of 1800s. Please inspect your container logs for more details., Details: Pinging warmup path to ensure container is ready to receive requests., DetailsLevel: INFO
2026-03-18T20:21:51.6019123Z Site startup probe succeeded after 106.0769798 seconds.
2026-03-18T20:21:51.9454940Z State: Starting, Action: WarmUpProbeSucceeded, LastError: ContainerTimeout, LastErrorTimestamp: 03/18/2026 20:19:04, LastErrorDetails: Container did not start within expected time limit of 1800s. Please inspect your container logs for more details., Details: Site startup probe succeeded after 106.0769798 seconds., DetailsLevel: INFO
2026-03-18T20:21:52.2468932Z State: Starting, Action: StartingAuthContainer, LastError: ContainerTimeout, LastErrorTimestamp: 03/18/2026 20:19:04, LastErrorDetails: Container did not start within expected time limit of 1800s. Please inspect your container logs for more details., Details: Site startup probe succeeded after 106.0769798 seconds., DetailsLevel: INFO
2026-03-18T20:22:00.5978097Z Site is running with deployment version: 7fffabcb-6f68-4c9d-ad01-12199c3f1ae6
2026-03-18T20:22:00.6054797Z Site started.
2026-03-18T20:22:00.6067958Z State: Started, Action: None, LastError: ContainerTimeout, LastErrorTimestamp: 03/18/2026 20:19:04, LastErrorDetails: Container did not start within expected time limit of 1800s. Please inspect your container logs for more details., Details: Site started at 03/18/2026 20:22:00 (UTC), DetailsLevel: INFO
2026-03-18T20:22:00.7119184Z Site is running with patch version PYTHON 3.12.12
2026-03-18T20:38:50.8349154Z State: Starting, Action: EstablishingSiteNetworks, LastError: , LastErrorTimestamp: 01/01/0001 00:00:00, LastErrorDetails: , Details: , DetailsLevel: INFO
2026-03-18T20:38:56.9305881Z State: Starting, Action: StartingSiteContainers, LastError: , LastErrorTimestamp: 01/01/0001 00:00:00, LastErrorDetails: , Details: , DetailsLevel: INFO
2026-03-18T20:38:56.9439770Z Container start method called.
2026-03-18T20:38:56.9515946Z State: Starting, Action: PullingImage, LastError: , LastErrorTimestamp: 01/01/0001 00:00:00, LastErrorDetails: , Details: Pulling image 10.1.0.4:13209/appsvc/python:3.12_20260203.2.tuxprod for careorbit-api-dev., DetailsLevel: INFO
2026-03-18T20:38:56.9686872Z Establishing network.
2026-03-18T20:38:56.9764288Z Pulling image: appsvc/python:3.12_20260203.2.tuxprod.
2026-03-18T20:38:57.6316651Z Container is starting.
2026-03-18T20:38:57.6332420Z State: Starting, Action: MountingVolumes, LastError: , LastErrorTimestamp: 01/01/0001 00:00:00, LastErrorDetails: , Details: Mounting volumes for careorbit-api-dev., DetailsLevel: INFO
2026-03-18T20:38:57.6409374Z Establishing user namespace if not established already.
2026-03-18T20:38:57.6423788Z Establishing network if not established already.
2026-03-18T20:38:57.6507859Z Mounting volumes.
2026-03-18T20:38:57.6587538Z Nested mountpoint 
2026-03-18T20:38:57.7005840Z Nested mountpoint volatile/logs
2026-03-18T20:38:57.7991649Z Nested mountpoint 
2026-03-18T20:38:57.9530101Z Nested mountpoint 
2026-03-18T20:38:58.0996255Z Nested mountpoint 
2026-03-18T20:38:58.6600028Z State: Starting, Action: CreatingContainer, LastError: , LastErrorTimestamp: 01/01/0001 00:00:00, LastErrorDetails: , Details: Finished pulling container image and mounting volumes for careorbit-api-dev. Allocatinng the rest of the container resources to finish container creation., DetailsLevel: INFO
2026-03-18T20:38:58.6878414Z Creating container.
2026-03-18T20:38:58.6879761Z Creating pipes for streaming container io.
2026-03-18T20:38:58.6889136Z Creating stdout named pipe at /podr/container/pipe/0784e9d93c87_careorbit-api-dev/stdout_eb7d59fefc17454f8003041fef467deb.
2026-03-18T20:38:58.7710411Z Successfully created stdout named pipe at: /podr/container/pipe/0784e9d93c87_careorbit-api-dev/stdout_eb7d59fefc17454f8003041fef467deb.
2026-03-18T20:38:58.7906475Z Opening named pipe /podr/container/pipe/0784e9d93c87_careorbit-api-dev/stdout_eb7d59fefc17454f8003041fef467deb for reading in non-blocking mode.
2026-03-18T20:38:58.8089434Z Successfully opened named pipe: /podr/container/pipe/0784e9d93c87_careorbit-api-dev/stdout_eb7d59fefc17454f8003041fef467deb.
2026-03-18T20:38:58.8108256Z Successfully removed non-blocking flag from /podr/container/pipe/0784e9d93c87_careorbit-api-dev/stdout_eb7d59fefc17454f8003041fef467deb.
2026-03-18T20:38:58.9318711Z Creating stderr named pipe at /podr/container/pipe/0784e9d93c87_careorbit-api-dev/stderr_9b9c5ed178594f3abe147c70258ac4eb.
2026-03-18T20:38:58.9320870Z Successfully created stderr named pipe at: /podr/container/pipe/0784e9d93c87_careorbit-api-dev/stderr_9b9c5ed178594f3abe147c70258ac4eb.
2026-03-18T20:38:58.9321628Z Opening named pipe /podr/container/pipe/0784e9d93c87_careorbit-api-dev/stderr_9b9c5ed178594f3abe147c70258ac4eb for reading in non-blocking mode.
2026-03-18T20:38:59.0314449Z Successfully opened named pipe: /podr/container/pipe/0784e9d93c87_careorbit-api-dev/stderr_9b9c5ed178594f3abe147c70258ac4eb.
2026-03-18T20:38:59.0317331Z Successfully removed non-blocking flag from /podr/container/pipe/0784e9d93c87_careorbit-api-dev/stderr_9b9c5ed178594f3abe147c70258ac4eb.
2026-03-18T20:38:59.0400956Z Creating container with image: appsvc/python:3.12_20260203.2.tuxprod from registry: 10.1.0.4:13209 and fully qualified image name: 10.1.0.4:13209/appsvc/python:3.12_20260203.2.tuxprod
2026-03-18T20:38:59.8822416Z Starting container: 0784e9d93c87_careorbit-api-dev.
2026-03-18T20:38:59.9907835Z Starting watchers and probes.
2026-03-18T20:39:00.0020335Z Starting metrics collection.
2026-03-18T20:39:00.0107458Z Container is running.
2026-03-18T20:39:00.0121078Z State: Starting, Action: CreatingContainer, LastError: , LastErrorTimestamp: 01/01/0001 00:00:00, LastErrorDetails: , Details: Container careorbit-api-dev successfully created and is running., DetailsLevel: INFO
2026-03-18T20:39:00.1492594Z Container start method finished after 3205 ms.
2026-03-18T20:39:00.1598446Z State: Starting, Action: InitiatingSiteWarmUpProbe, LastError: , LastErrorTimestamp: 01/01/0001 00:00:00, LastErrorDetails: , Details: Container careorbit-api-dev successfully created and is running., DetailsLevel: INFO
2026-03-18T20:39:00.1609290Z State: Starting, Action: WaitingForSiteWarmUpProbeSuccess, LastError: , LastErrorTimestamp: 01/01/0001 00:00:00, LastErrorDetails: , Details: Pinging warmup path to ensure container is ready to receive requests., DetailsLevel: INFO
2026-03-18T20:40:13.1965567Z Site startup probe succeeded after 72.9263573 seconds.
2026-03-18T20:40:13.5266649Z State: Starting, Action: WarmUpProbeSucceeded, LastError: , LastErrorTimestamp: 01/01/0001 00:00:00, LastErrorDetails: , Details: Site startup probe succeeded after 72.9263573 seconds., DetailsLevel: INFO
2026-03-18T20:40:13.6550759Z State: Starting, Action: StartingAuthContainer, LastError: , LastErrorTimestamp: 01/01/0001 00:00:00, LastErrorDetails: , Details: Site startup probe succeeded after 72.9263573 seconds., DetailsLevel: INFO
2026-03-18T20:40:30.0528260Z Site is running with deployment version: 8b43d962-4174-40b0-8597-253f6ce4cc8f
2026-03-18T20:40:30.2146939Z Site started.
2026-03-18T20:40:30.2148105Z State: Started, Action: None, LastError: , LastErrorTimestamp: 01/01/0001 00:00:00, LastErrorDetails: , Details: Site started at 03/18/2026 20:40:30 (UTC), DetailsLevel: INFO
2026-03-18T20:40:30.2748964Z Site is running with patch version PYTHON 3.12.12
2026-03-18T20:40:50.8558134Z State: Stopping, Action: StoppingSite, LastError: ContainerTimeout, LastErrorTimestamp: 03/18/2026 20:19:04, LastErrorDetails: Container did not start within expected time limit of 1800s. Please inspect your container logs for more details., Details: Site started at 03/18/2026 20:22:00 (UTC), DetailsLevel: INFO
2026-03-18T20:40:50.8669234Z State: Stopping, Action: StoppingSiteContainers, LastError: ContainerTimeout, LastErrorTimestamp: 03/18/2026 20:19:04, LastErrorDetails: Container did not start within expected time limit of 1800s. Please inspect your container logs for more details., Details: Site started at 03/18/2026 20:22:00 (UTC), DetailsLevel: INFO
2026-03-18T20:40:50.8758587Z Container is terminating. Grace period: 5 seconds.
2026-03-18T20:40:51.1861316Z Stop and delete container. Retry count = 0
2026-03-18T20:40:51.2542095Z Stopping container: a5364d326cef_careorbit-api-dev.
2026-03-18T20:40:56.7476633Z Deleting container: a5364d326cef_careorbit-api-dev. Retry count = 0
2026-03-18T20:41:02.1119105Z Container spec TerminationMessagePolicy  path 
2026-03-18T20:41:02.1201505Z Container is terminated. Total time elapsed: 11243 ms.
2026-03-18T20:41:02.1284790Z Site: careorbit-api-dev stopped.
2026-03-18T20:44:07.5145909Z State: Starting, Action: EstablishingSiteNetworks, LastError: , LastErrorTimestamp: 01/01/0001 00:00:00, LastErrorDetails: , Details: , DetailsLevel: INFO
2026-03-18T20:44:14.1724531Z State: Starting, Action: StartingSiteContainers, LastError: , LastErrorTimestamp: 01/01/0001 00:00:00, LastErrorDetails: , Details: , DetailsLevel: INFO
2026-03-18T20:44:14.1902016Z Container start method called.
2026-03-18T20:44:14.2003301Z State: Starting, Action: PullingImage, LastError: , LastErrorTimestamp: 01/01/0001 00:00:00, LastErrorDetails: , Details: Pulling image 10.1.0.5:13209/appsvc/python:3.12_20260203.2.tuxprod for careorbit-api-dev., DetailsLevel: INFO
2026-03-18T20:44:14.2007210Z Establishing network.
2026-03-18T20:44:14.2494757Z Pulling image: appsvc/python:3.12_20260203.2.tuxprod.
2026-03-18T20:44:15.3601081Z Container is starting.
2026-03-18T20:44:15.3673306Z State: Starting, Action: MountingVolumes, LastError: , LastErrorTimestamp: 01/01/0001 00:00:00, LastErrorDetails: , Details: Mounting volumes for careorbit-api-dev., DetailsLevel: INFO
2026-03-18T20:44:15.3679122Z Establishing user namespace if not established already.
2026-03-18T20:44:15.3680222Z Establishing network if not established already.
2026-03-18T20:44:15.3681332Z Mounting volumes.
2026-03-18T20:44:15.3789394Z Nested mountpoint 
2026-03-18T20:44:15.4976639Z Nested mountpoint volatile/logs
2026-03-18T20:44:15.7978052Z Nested mountpoint 
2026-03-18T20:44:15.8192375Z Nested mountpoint 
2026-03-18T20:44:15.8483963Z Nested mountpoint 
2026-03-18T20:44:17.9374828Z State: Starting, Action: CreatingContainer, LastError: , LastErrorTimestamp: 01/01/0001 00:00:00, LastErrorDetails: , Details: Finished pulling container image and mounting volumes for careorbit-api-dev. Allocatinng the rest of the container resources to finish container creation., DetailsLevel: INFO
2026-03-18T20:44:17.9563369Z Creating container.
2026-03-18T20:44:17.9567011Z Creating pipes for streaming container io.
2026-03-18T20:44:17.9574942Z Creating stdout named pipe at /podr/container/pipe/45f99e6a24ff_careorbit-api-dev/stdout_29be5a0eac6d47bbb79f60bfa4594fa0.
2026-03-18T20:44:17.9680483Z Successfully created stdout named pipe at: /podr/container/pipe/45f99e6a24ff_careorbit-api-dev/stdout_29be5a0eac6d47bbb79f60bfa4594fa0.
2026-03-18T20:44:17.9879625Z Opening named pipe /podr/container/pipe/45f99e6a24ff_careorbit-api-dev/stdout_29be5a0eac6d47bbb79f60bfa4594fa0 for reading in non-blocking mode.
2026-03-18T20:44:17.9889037Z Successfully opened named pipe: /podr/container/pipe/45f99e6a24ff_careorbit-api-dev/stdout_29be5a0eac6d47bbb79f60bfa4594fa0.
2026-03-18T20:44:17.9892501Z Successfully removed non-blocking flag from /podr/container/pipe/45f99e6a24ff_careorbit-api-dev/stdout_29be5a0eac6d47bbb79f60bfa4594fa0.
2026-03-18T20:44:17.9978919Z Creating stderr named pipe at /podr/container/pipe/45f99e6a24ff_careorbit-api-dev/stderr_4e760dd06510443596b71bc17f681b4b.
2026-03-18T20:44:18.0197866Z Successfully created stderr named pipe at: /podr/container/pipe/45f99e6a24ff_careorbit-api-dev/stderr_4e760dd06510443596b71bc17f681b4b.
2026-03-18T20:44:18.0287447Z Opening named pipe /podr/container/pipe/45f99e6a24ff_careorbit-api-dev/stderr_4e760dd06510443596b71bc17f681b4b for reading in non-blocking mode.
2026-03-18T20:44:18.0291940Z Successfully opened named pipe: /podr/container/pipe/45f99e6a24ff_careorbit-api-dev/stderr_4e760dd06510443596b71bc17f681b4b.
2026-03-18T20:44:18.0479396Z Successfully removed non-blocking flag from /podr/container/pipe/45f99e6a24ff_careorbit-api-dev/stderr_4e760dd06510443596b71bc17f681b4b.
2026-03-18T20:44:18.0581448Z Creating container with image: appsvc/python:3.12_20260203.2.tuxprod from registry: 10.1.0.5:13209 and fully qualified image name: 10.1.0.5:13209/appsvc/python:3.12_20260203.2.tuxprod
2026-03-18T20:44:20.5272893Z Starting container: 45f99e6a24ff_careorbit-api-dev.
2026-03-18T20:44:20.8151581Z Starting watchers and probes.
2026-03-18T20:44:20.8273861Z Starting metrics collection.
2026-03-18T20:44:20.8376813Z Container is running.
2026-03-18T20:44:20.8466761Z State: Starting, Action: CreatingContainer, LastError: , LastErrorTimestamp: 01/01/0001 00:00:00, LastErrorDetails: , Details: Container careorbit-api-dev successfully created and is running., DetailsLevel: INFO
2026-03-18T20:44:21.2816105Z Container start method finished after 7091 ms.
2026-03-18T20:44:21.3040597Z State: Starting, Action: InitiatingSiteWarmUpProbe, LastError: , LastErrorTimestamp: 01/01/0001 00:00:00, LastErrorDetails: , Details: Container careorbit-api-dev successfully created and is running., DetailsLevel: INFO
2026-03-18T20:44:21.3326163Z State: Starting, Action: WaitingForSiteWarmUpProbeSuccess, LastError: , LastErrorTimestamp: 01/01/0001 00:00:00, LastErrorDetails: , Details: Pinging warmup path to ensure container is ready to receive requests., DetailsLevel: INFO
2026-03-18T20:45:34.4763887Z Container has finished running with exit code: 1.
2026-03-18T20:45:34.4867048Z Container is terminating. Grace period: 5 seconds.
2026-03-18T20:45:34.5185707Z Stop and delete container. Retry count = 0
2026-03-18T20:45:34.5255777Z Stopping container: 45f99e6a24ff_careorbit-api-dev.
2026-03-18T20:45:34.6290764Z Deleting container: 45f99e6a24ff_careorbit-api-dev. Retry count = 0
2026-03-18T20:45:35.1257726Z Container spec TerminationMessagePolicy  path 
2026-03-18T20:45:35.1384929Z Container is terminated. Total time elapsed: 639 ms.
2026-03-18T20:45:35.1561655Z Site container: careorbit-api-dev terminated during site startup.
2026-03-18T20:45:35.1563205Z State: Stopping, Action: CancellingStartup, LastError: , LastErrorTimestamp: 01/01/0001 00:00:00, LastErrorDetails: , Details: Site container: careorbit-api-dev terminated during site startup. Cancelling site startup., DetailsLevel: ERR
2026-03-18T20:45:36.3327286Z Site startup probe failed after 74.9690333 seconds.
2026-03-18T20:45:37.2876067Z State: Stopping, Action: CancellingStartup, LastError: ContainerTimeout, LastErrorTimestamp: 03/18/2026 20:45:37, LastErrorDetails: Container did not start within expected time limit of 1800s. Please inspect your container logs for more details., Details: Site container: careorbit-api-dev terminated during site startup. Cancelling site startup., DetailsLevel: ERR
2026-03-18T20:45:37.3764057Z Failed to start site. Revert by stopping site.
2026-03-18T20:45:37.4353925Z State: Stopping, Action: StoppingSite, LastError: ContainerTimeout, LastErrorTimestamp: 03/18/2026 20:45:37, LastErrorDetails: Container did not start within expected time limit of 1800s. Please inspect your container logs for more details., Details: Site container: careorbit-api-dev terminated during site startup. Cancelling site startup., DetailsLevel: ERR
2026-03-18T20:45:37.4662375Z State: Stopping, Action: StoppingSiteContainers, LastError: ContainerTimeout, LastErrorTimestamp: 03/18/2026 20:45:37, LastErrorDetails: Container did not start within expected time limit of 1800s. Please inspect your container logs for more details., Details: Site container: careorbit-api-dev terminated during site startup. Cancelling site startup., DetailsLevel: ERR
2026-03-18T20:45:37.5126228Z Site: careorbit-api-dev stopped.
2026-03-18T20:46:02.1186334Z State: Stopping, Action: StoppingSite, LastError: ContainerTimeout, LastErrorTimestamp: 03/18/2026 20:19:04, LastErrorDetails: Container did not start within expected time limit of 1800s. Please inspect your container logs for more details., Details: Site started at 03/18/2026 20:40:30 (UTC), DetailsLevel: INFO
2026-03-18T20:46:02.2706584Z State: Stopping, Action: StoppingSiteContainers, LastError: ContainerTimeout, LastErrorTimestamp: 03/18/2026 20:19:04, LastErrorDetails: Container did not start within expected time limit of 1800s. Please inspect your container logs for more details., Details: Site started at 03/18/2026 20:40:30 (UTC), DetailsLevel: INFO
2026-03-18T20:46:02.2707785Z Container is terminating. Grace period: 5 seconds.
2026-03-18T20:46:04.1901415Z Stop and delete container. Retry count = 0
2026-03-18T20:46:04.2298612Z Stopping container: 0784e9d93c87_careorbit-api-dev.
2026-03-18T20:46:09.3015416Z Deleting container: 0784e9d93c87_careorbit-api-dev. Retry count = 0
2026-03-18T20:46:12.1641729Z Container spec TerminationMessagePolicy  path 
2026-03-18T20:46:12.1648735Z Container is terminated. Total time elapsed: 9893 ms.
2026-03-18T20:46:12.1659017Z Site: careorbit-api-dev stopped.
2026-03-18T20:45:37.5765816Z State: Stopping, Action: UnmountingVolumes, LastError: ContainerTimeout, LastErrorTimestamp: 03/18/2026 20:45:37, LastErrorDetails: Container did not start within expected time limit of 1800s. Please inspect your container logs for more details., Details: Site container: careorbit-api-dev terminated during site startup. Cancelling site startup., DetailsLevel: ERR
2026-03-18T20:45:39.5085798Z State: Stopping, Action: StoppingSiteNetworks, LastError: ContainerTimeout, LastErrorTimestamp: 03/18/2026 20:45:37, LastErrorDetails: Container did not start within expected time limit of 1800s. Please inspect your container logs for more details., Details: Site container: careorbit-api-dev terminated during site startup. Cancelling site startup., DetailsLevel: ERR
2026-03-18T20:45:41.2409796Z State: Stopped, Action: None, LastError: ContainerTimeout, LastErrorTimestamp: 03/18/2026 20:45:37, LastErrorDetails: Container did not start within expected time limit of 1800s. Please inspect your container logs for more details., Details: Site stopped at 03/18/2026 20:45:41 (UTC), DetailsLevel: ERR
2026-03-18T20:45:41.3013682Z State: Stopped, Action: None, LastError: ContainerTimeout, LastErrorTimestamp: 03/18/2026 20:45:37, LastErrorDetails: Container did not start within expected time limit of 1800s. Please inspect your container logs for more details., Details: Site stopped at 03/18/2026 20:45:41 (UTC), DetailsLevel: ERR
2026-03-18T20:47:59.3000289Z State: Starting, Action: EstablishingSiteNetworks, LastError: ContainerTimeout, LastErrorTimestamp: 03/18/2026 20:45:37, LastErrorDetails: Container did not start within expected time limit of 1800s. Please inspect your container logs for more details., Details: Site stopped at 03/18/2026 20:45:41 (UTC), DetailsLevel: ERR
2026-03-18T20:48:04.0702421Z State: Starting, Action: StartingSiteContainers, LastError: ContainerTimeout, LastErrorTimestamp: 03/18/2026 20:45:37, LastErrorDetails: Container did not start within expected time limit of 1800s. Please inspect your container logs for more details., Details: Site stopped at 03/18/2026 20:45:41 (UTC), DetailsLevel: ERR
2026-03-18T20:48:04.0706668Z Container start method called.
2026-03-18T20:48:04.0707805Z State: Starting, Action: PullingImage, LastError: ContainerTimeout, LastErrorTimestamp: 03/18/2026 20:45:37, LastErrorDetails: Container did not start within expected time limit of 1800s. Please inspect your container logs for more details., Details: Pulling image 10.1.0.5:13209/appsvc/python:3.12_20260203.2.tuxprod for careorbit-api-dev., DetailsLevel: INFO
2026-03-18T20:48:04.0709191Z Establishing network.
2026-03-18T20:48:04.0894173Z Pulling image: appsvc/python:3.12_20260203.2.tuxprod.
2026-03-18T20:48:04.7967286Z Container is starting.
2026-03-18T20:48:04.7974161Z State: Starting, Action: MountingVolumes, LastError: ContainerTimeout, LastErrorTimestamp: 03/18/2026 20:45:37, LastErrorDetails: Container did not start within expected time limit of 1800s. Please inspect your container logs for more details., Details: Mounting volumes for careorbit-api-dev., DetailsLevel: INFO
2026-03-18T20:48:04.7978236Z Establishing user namespace if not established already.
2026-03-18T20:48:04.7982484Z Establishing network if not established already.
2026-03-18T20:48:04.8170027Z Mounting volumes.
2026-03-18T20:48:04.8269582Z Nested mountpoint 
2026-03-18T20:48:04.9675040Z Nested mountpoint volatile/logs
2026-03-18T20:48:05.0166748Z Nested mountpoint 
2026-03-18T20:48:05.0587679Z Nested mountpoint 
2026-03-18T20:48:05.0976009Z Nested mountpoint 
2026-03-18T20:48:06.6438406Z State: Starting, Action: CreatingContainer, LastError: ContainerTimeout, LastErrorTimestamp: 03/18/2026 20:45:37, LastErrorDetails: Container did not start within expected time limit of 1800s. Please inspect your container logs for more details., Details: Finished pulling container image and mounting volumes for careorbit-api-dev. Allocatinng the rest of the container resources to finish container creation., DetailsLevel: INFO
2026-03-18T20:48:06.6631119Z Creating container.
2026-03-18T20:48:06.6644661Z Creating pipes for streaming container io.
2026-03-18T20:48:06.7109809Z Creating stdout named pipe at /podr/container/pipe/18f4db47a247_careorbit-api-dev/stdout_ea31f7c4c339414eb90bf58b60d63d10.
2026-03-18T20:48:06.7289726Z Successfully created stdout named pipe at: /podr/container/pipe/18f4db47a247_careorbit-api-dev/stdout_ea31f7c4c339414eb90bf58b60d63d10.
2026-03-18T20:48:06.7317145Z Opening named pipe /podr/container/pipe/18f4db47a247_careorbit-api-dev/stdout_ea31f7c4c339414eb90bf58b60d63d10 for reading in non-blocking mode.
2026-03-18T20:48:06.7505074Z Successfully opened named pipe: /podr/container/pipe/18f4db47a247_careorbit-api-dev/stdout_ea31f7c4c339414eb90bf58b60d63d10.
2026-03-18T20:48:06.7517545Z Successfully removed non-blocking flag from /podr/container/pipe/18f4db47a247_careorbit-api-dev/stdout_ea31f7c4c339414eb90bf58b60d63d10.
2026-03-18T20:48:06.7610915Z Creating stderr named pipe at /podr/container/pipe/18f4db47a247_careorbit-api-dev/stderr_9d5929d4f298453fa4b57442a026df6d.
2026-03-18T20:48:06.7619464Z Successfully created stderr named pipe at: /podr/container/pipe/18f4db47a247_careorbit-api-dev/stderr_9d5929d4f298453fa4b57442a026df6d.
2026-03-18T20:48:06.8176611Z Opening named pipe /podr/container/pipe/18f4db47a247_careorbit-api-dev/stderr_9d5929d4f298453fa4b57442a026df6d for reading in non-blocking mode.
2026-03-18T20:48:06.8186335Z Successfully opened named pipe: /podr/container/pipe/18f4db47a247_careorbit-api-dev/stderr_9d5929d4f298453fa4b57442a026df6d.
2026-03-18T20:48:06.8190611Z Successfully removed non-blocking flag from /podr/container/pipe/18f4db47a247_careorbit-api-dev/stderr_9d5929d4f298453fa4b57442a026df6d.
2026-03-18T20:48:06.8198442Z Creating container with image: appsvc/python:3.12_20260203.2.tuxprod from registry: 10.1.0.5:13209 and fully qualified image name: 10.1.0.5:13209/appsvc/python:3.12_20260203.2.tuxprod
2026-03-18T20:48:08.4503432Z Starting container: 18f4db47a247_careorbit-api-dev.
2026-03-18T20:48:08.5279796Z Starting watchers and probes.
2026-03-18T20:48:08.5478443Z Starting metrics collection.
2026-03-18T20:48:08.5655398Z Container is running.
2026-03-18T20:48:08.5667843Z State: Starting, Action: CreatingContainer, LastError: ContainerTimeout, LastErrorTimestamp: 03/18/2026 20:45:37, LastErrorDetails: Container did not start within expected time limit of 1800s. Please inspect your container logs for more details., Details: Container careorbit-api-dev successfully created and is running., DetailsLevel: INFO
2026-03-18T20:48:08.7778755Z Container start method finished after 4707 ms.
2026-03-18T20:48:08.7781175Z State: Starting, Action: InitiatingSiteWarmUpProbe, LastError: ContainerTimeout, LastErrorTimestamp: 03/18/2026 20:45:37, LastErrorDetails: Container did not start within expected time limit of 1800s. Please inspect your container logs for more details., Details: Container careorbit-api-dev successfully created and is running., DetailsLevel: INFO
2026-03-18T20:48:08.7781653Z State: Starting, Action: WaitingForSiteWarmUpProbeSuccess, LastError: ContainerTimeout, LastErrorTimestamp: 03/18/2026 20:45:37, LastErrorDetails: Container did not start within expected time limit of 1800s. Please inspect your container logs for more details., Details: Pinging warmup path to ensure container is ready to receive requests., DetailsLevel: INFO
2026-03-18T20:49:14.9568964Z Site startup probe succeeded after 66.1780387 seconds.
2026-03-18T20:49:15.2243702Z State: Starting, Action: WarmUpProbeSucceeded, LastError: ContainerTimeout, LastErrorTimestamp: 03/18/2026 20:45:37, LastErrorDetails: Container did not start within expected time limit of 1800s. Please inspect your container logs for more details., Details: Site startup probe succeeded after 66.1780387 seconds., DetailsLevel: INFO
2026-03-18T20:49:15.3727114Z State: Starting, Action: StartingAuthContainer, LastError: ContainerTimeout, LastErrorTimestamp: 03/18/2026 20:45:37, LastErrorDetails: Container did not start within expected time limit of 1800s. Please inspect your container logs for more details., Details: Site startup probe succeeded after 66.1780387 seconds., DetailsLevel: INFO
2026-03-18T20:49:24.8171208Z Site is running with deployment version: 40f21967-55bd-406d-8195-5e21b6d68c84
2026-03-18T20:49:24.8254416Z Site started.
2026-03-18T20:49:24.8261071Z State: Started, Action: None, LastError: ContainerTimeout, LastErrorTimestamp: 03/18/2026 20:45:37, LastErrorDetails: Container did not start within expected time limit of 1800s. Please inspect your container logs for more details., Details: Site started at 03/18/2026 20:49:24 (UTC), DetailsLevel: INFO
2026-03-18T20:49:24.9546417Z Site is running with patch version PYTHON 3.12.12
2026-03-18T21:22:56.9698668Z State: Starting, Action: EstablishingSiteNetworks, LastError: , LastErrorTimestamp: 01/01/0001 00:00:00, LastErrorDetails: , Details: , DetailsLevel: INFO
2026-03-18T21:22:58.1599957Z State: Starting, Action: EstablishingSiteNetworks, LastError: SiteStartupCancelled, LastErrorTimestamp: 03/18/2026 21:22:58, LastErrorDetails: , Details: , DetailsLevel: WARN
2026-03-18T21:22:58.1935269Z State: Stopping, Action: StoppingSite, LastError: SiteStartupCancelled, LastErrorTimestamp: 03/18/2026 21:22:58, LastErrorDetails: , Details: , DetailsLevel: WARN
2026-03-18T21:22:58.1944841Z State: Stopping, Action: StoppingSiteContainers, LastError: SiteStartupCancelled, LastErrorTimestamp: 03/18/2026 21:22:58, LastErrorDetails: , Details: , DetailsLevel: WARN
2026-03-18T21:22:58.1945011Z Site: careorbit-api-dev stopped.
2026-03-18T21:23:19.3981582Z State: Stopping, Action: StoppingSite, LastError: ContainerTimeout, LastErrorTimestamp: 03/18/2026 20:45:37, LastErrorDetails: Container did not start within expected time limit of 1800s. Please inspect your container logs for more details., Details: Site started at 03/18/2026 20:49:24 (UTC), DetailsLevel: INFO
2026-03-18T21:23:19.4071477Z State: Stopping, Action: StoppingSiteContainers, LastError: ContainerTimeout, LastErrorTimestamp: 03/18/2026 20:45:37, LastErrorDetails: Container did not start within expected time limit of 1800s. Please inspect your container logs for more details., Details: Site started at 03/18/2026 20:49:24 (UTC), DetailsLevel: INFO
2026-03-18T21:23:19.4159533Z Container is terminating. Grace period: 5 seconds.
2026-03-18T21:23:19.4353086Z Stop and delete container. Retry count = 0
2026-03-18T21:23:19.4357285Z Stopping container: 18f4db47a247_careorbit-api-dev.
2026-03-18T21:23:25.9807665Z Deleting container: 18f4db47a247_careorbit-api-dev. Retry count = 0
2026-03-18T21:23:29.0619186Z Container spec TerminationMessagePolicy  path 
2026-03-18T21:23:29.0697479Z Container is terminated. Total time elapsed: 9645 ms.
2026-03-18T21:23:29.0699036Z Site: careorbit-api-dev stopped.
2026-03-18T21:23:52.4055144Z State: Starting, Action: EstablishingSiteNetworks, LastError: SiteStartupCancelled, LastErrorTimestamp: 03/18/2026 21:22:58, LastErrorDetails: , Details: Site stopped at 03/18/2026 21:22:59 (UTC), DetailsLevel: WARN
2026-03-18T21:23:55.6704425Z State: Starting, Action: StartingSiteContainers, LastError: SiteStartupCancelled, LastErrorTimestamp: 03/18/2026 21:22:58, LastErrorDetails: , Details: Site stopped at 03/18/2026 21:22:59 (UTC), DetailsLevel: WARN
2026-03-18T21:23:55.6787892Z Container start method called.
2026-03-18T21:23:55.6788643Z State: Starting, Action: PullingImage, LastError: SiteStartupCancelled, LastErrorTimestamp: 03/18/2026 21:22:58, LastErrorDetails: , Details: Pulling image 10.1.0.4:13209/appsvc/python:3.12_20260203.2.tuxprod for careorbit-api-dev., DetailsLevel: INFO
2026-03-18T21:23:55.6789558Z Establishing network.
2026-03-18T21:23:55.6790513Z Pulling image: appsvc/python:3.12_20260203.2.tuxprod.
2026-03-18T21:23:56.1151542Z Container is starting.
2026-03-18T21:23:56.1155709Z State: Starting, Action: MountingVolumes, LastError: SiteStartupCancelled, LastErrorTimestamp: 03/18/2026 21:22:58, LastErrorDetails: , Details: Mounting volumes for careorbit-api-dev., DetailsLevel: INFO
2026-03-18T21:23:56.1159711Z Establishing user namespace if not established already.
2026-03-18T21:23:56.1164570Z Establishing network if not established already.
2026-03-18T21:23:56.1168334Z Mounting volumes.
2026-03-18T21:23:56.1171420Z Nested mountpoint 
2026-03-18T21:23:56.1654232Z Nested mountpoint volatile/logs
2026-03-18T21:23:56.1759854Z Nested mountpoint 
2026-03-18T21:23:56.1977031Z Nested mountpoint 
2026-03-18T21:23:56.2069329Z Nested mountpoint 
2026-03-18T21:23:56.9220021Z State: Starting, Action: CreatingContainer, LastError: SiteStartupCancelled, LastErrorTimestamp: 03/18/2026 21:22:58, LastErrorDetails: , Details: Finished pulling container image and mounting volumes for careorbit-api-dev. Allocatinng the rest of the container resources to finish container creation., DetailsLevel: INFO
2026-03-18T21:23:56.9221901Z Creating container.
2026-03-18T21:23:56.9700797Z Creating pipes for streaming container io.
2026-03-18T21:23:56.9719171Z Creating stdout named pipe at /podr/container/pipe/07710e29067e_careorbit-api-dev/stdout_d1d17ad9b247442ca6c8f5e3076d59ab.
2026-03-18T21:23:56.9906821Z Successfully created stdout named pipe at: /podr/container/pipe/07710e29067e_careorbit-api-dev/stdout_d1d17ad9b247442ca6c8f5e3076d59ab.
2026-03-18T21:23:56.9911799Z Opening named pipe /podr/container/pipe/07710e29067e_careorbit-api-dev/stdout_d1d17ad9b247442ca6c8f5e3076d59ab for reading in non-blocking mode.
2026-03-18T21:23:56.9916658Z Successfully opened named pipe: /podr/container/pipe/07710e29067e_careorbit-api-dev/stdout_d1d17ad9b247442ca6c8f5e3076d59ab.
2026-03-18T21:23:56.9996940Z Successfully removed non-blocking flag from /podr/container/pipe/07710e29067e_careorbit-api-dev/stdout_d1d17ad9b247442ca6c8f5e3076d59ab.
2026-03-18T21:23:57.0014194Z Creating stderr named pipe at /podr/container/pipe/07710e29067e_careorbit-api-dev/stderr_b2b607d30beb4c00af4f091d0e81d08b.
2026-03-18T21:23:57.0016641Z Successfully created stderr named pipe at: /podr/container/pipe/07710e29067e_careorbit-api-dev/stderr_b2b607d30beb4c00af4f091d0e81d08b.
2026-03-18T21:23:57.0018179Z Opening named pipe /podr/container/pipe/07710e29067e_careorbit-api-dev/stderr_b2b607d30beb4c00af4f091d0e81d08b for reading in non-blocking mode.
2026-03-18T21:23:57.0019464Z Successfully opened named pipe: /podr/container/pipe/07710e29067e_careorbit-api-dev/stderr_b2b607d30beb4c00af4f091d0e81d08b.
2026-03-18T21:23:57.0023725Z Successfully removed non-blocking flag from /podr/container/pipe/07710e29067e_careorbit-api-dev/stderr_b2b607d30beb4c00af4f091d0e81d08b.
2026-03-18T21:23:57.0208036Z Creating container with image: appsvc/python:3.12_20260203.2.tuxprod from registry: 10.1.0.4:13209 and fully qualified image name: 10.1.0.4:13209/appsvc/python:3.12_20260203.2.tuxprod
2026-03-18T21:23:57.9261002Z Starting container: 07710e29067e_careorbit-api-dev.
2026-03-18T21:23:58.0263116Z Starting watchers and probes.
2026-03-18T21:23:58.0266412Z Starting metrics collection.
2026-03-18T21:23:58.0267484Z Container is running.
2026-03-18T21:23:58.0268154Z State: Starting, Action: CreatingContainer, LastError: SiteStartupCancelled, LastErrorTimestamp: 03/18/2026 21:22:58, LastErrorDetails: , Details: Container careorbit-api-dev successfully created and is running., DetailsLevel: INFO
2026-03-18T21:23:58.3928048Z Container start method finished after 2713 ms.
2026-03-18T21:23:58.4315069Z State: Starting, Action: InitiatingSiteWarmUpProbe, LastError: SiteStartupCancelled, LastErrorTimestamp: 03/18/2026 21:22:58, LastErrorDetails: , Details: Container careorbit-api-dev successfully created and is running., DetailsLevel: INFO
2026-03-18T21:23:58.4778468Z State: Starting, Action: WaitingForSiteWarmUpProbeSuccess, LastError: SiteStartupCancelled, LastErrorTimestamp: 03/18/2026 21:22:58, LastErrorDetails: , Details: Pinging warmup path to ensure container is ready to receive requests., DetailsLevel: INFO
2026-03-18T21:25:46.1619731Z Site startup probe succeeded after 107.6834885 seconds.
2026-03-18T21:25:46.3029575Z State: Starting, Action: WarmUpProbeSucceeded, LastError: SiteStartupCancelled, LastErrorTimestamp: 03/18/2026 21:22:58, LastErrorDetails: , Details: Site startup probe succeeded after 107.6834885 seconds., DetailsLevel: INFO
2026-03-18T21:25:46.4030138Z State: Starting, Action: StartingAuthContainer, LastError: SiteStartupCancelled, LastErrorTimestamp: 03/18/2026 21:22:58, LastErrorDetails: , Details: Site startup probe succeeded after 107.6834885 seconds., DetailsLevel: INFO
2026-03-18T21:25:54.0641543Z Site is running with deployment version: 40f21967-55bd-406d-8195-5e21b6d68c84
2026-03-18T21:25:54.0829588Z Site started.
2026-03-18T21:25:54.0837144Z State: Started, Action: None, LastError: SiteStartupCancelled, LastErrorTimestamp: 03/18/2026 21:22:58, LastErrorDetails: , Details: Site started at 03/18/2026 21:25:54 (UTC), DetailsLevel: INFO
2026-03-18T21:25:54.1333412Z Site is running with patch version PYTHON 3.12.12
2026-03-18T21:31:16.2555928Z State: Starting, Action: EstablishingSiteNetworks, LastError: , LastErrorTimestamp: 01/01/0001 00:00:00, LastErrorDetails: , Details: , DetailsLevel: INFO
2026-03-18T21:31:23.3937740Z State: Starting, Action: StartingSiteContainers, LastError: , LastErrorTimestamp: 01/01/0001 00:00:00, LastErrorDetails: , Details: , DetailsLevel: INFO
2026-03-18T21:31:23.3940256Z Container start method called.
2026-03-18T21:31:23.3940872Z State: Starting, Action: PullingImage, LastError: , LastErrorTimestamp: 01/01/0001 00:00:00, LastErrorDetails: , Details: Pulling image 10.1.0.5:13209/appsvc/python:3.12_20260203.2.tuxprod for careorbit-api-dev., DetailsLevel: INFO
2026-03-18T21:31:23.3941672Z Establishing network.
2026-03-18T21:31:23.3942653Z Pulling image: appsvc/python:3.12_20260203.2.tuxprod.
2026-03-18T21:31:25.7093426Z Container is starting.
2026-03-18T21:31:25.7094281Z State: Starting, Action: MountingVolumes, LastError: , LastErrorTimestamp: 01/01/0001 00:00:00, LastErrorDetails: , Details: Mounting volumes for careorbit-api-dev., DetailsLevel: INFO
2026-03-18T21:31:25.7095082Z Establishing user namespace if not established already.
2026-03-18T21:31:25.7652273Z Establishing network if not established already.
2026-03-18T21:31:25.7654196Z Mounting volumes.
2026-03-18T21:31:25.7655541Z Nested mountpoint 
2026-03-18T21:31:25.8386813Z Nested mountpoint volatile/logs
2026-03-18T21:31:25.8792786Z Nested mountpoint 
2026-03-18T21:31:25.9487675Z Nested mountpoint 
2026-03-18T21:31:26.0078887Z Nested mountpoint 
2026-03-18T21:31:27.3830135Z State: Starting, Action: CreatingContainer, LastError: , LastErrorTimestamp: 01/01/0001 00:00:00, LastErrorDetails: , Details: Finished pulling container image and mounting volumes for careorbit-api-dev. Allocatinng the rest of the container resources to finish container creation., DetailsLevel: INFO
2026-03-18T21:31:27.3838534Z Creating container.
2026-03-18T21:31:27.3860988Z Creating pipes for streaming container io.
2026-03-18T21:31:27.4027415Z Creating stdout named pipe at /podr/container/pipe/50686097bdf1_careorbit-api-dev/stdout_168b0f967dbb426fb4d3a7e14c9bf9d3.
2026-03-18T21:31:27.4185790Z Successfully created stdout named pipe at: /podr/container/pipe/50686097bdf1_careorbit-api-dev/stdout_168b0f967dbb426fb4d3a7e14c9bf9d3.
2026-03-18T21:31:27.4204855Z Opening named pipe /podr/container/pipe/50686097bdf1_careorbit-api-dev/stdout_168b0f967dbb426fb4d3a7e14c9bf9d3 for reading in non-blocking mode.
2026-03-18T21:31:27.4207138Z Successfully opened named pipe: /podr/container/pipe/50686097bdf1_careorbit-api-dev/stdout_168b0f967dbb426fb4d3a7e14c9bf9d3.
2026-03-18T21:31:27.4208449Z Successfully removed non-blocking flag from /podr/container/pipe/50686097bdf1_careorbit-api-dev/stdout_168b0f967dbb426fb4d3a7e14c9bf9d3.
2026-03-18T21:31:27.4651764Z Creating stderr named pipe at /podr/container/pipe/50686097bdf1_careorbit-api-dev/stderr_2d101721757f45f6b958c8c9f646f77a.
2026-03-18T21:31:27.4662976Z Successfully created stderr named pipe at: /podr/container/pipe/50686097bdf1_careorbit-api-dev/stderr_2d101721757f45f6b958c8c9f646f77a.
2026-03-18T21:31:27.4666140Z Opening named pipe /podr/container/pipe/50686097bdf1_careorbit-api-dev/stderr_2d101721757f45f6b958c8c9f646f77a for reading in non-blocking mode.
2026-03-18T21:31:27.4667679Z Successfully opened named pipe: /podr/container/pipe/50686097bdf1_careorbit-api-dev/stderr_2d101721757f45f6b958c8c9f646f77a.
2026-03-18T21:31:27.4740813Z Successfully removed non-blocking flag from /podr/container/pipe/50686097bdf1_careorbit-api-dev/stderr_2d101721757f45f6b958c8c9f646f77a.
2026-03-18T21:31:27.5330239Z Creating container with image: appsvc/python:3.12_20260203.2.tuxprod from registry: 10.1.0.5:13209 and fully qualified image name: 10.1.0.5:13209/appsvc/python:3.12_20260203.2.tuxprod
2026-03-18T21:31:28.7028999Z Starting container: 50686097bdf1_careorbit-api-dev.
2026-03-18T21:31:29.0558731Z Starting watchers and probes.
2026-03-18T21:31:29.0666822Z Starting metrics collection.
2026-03-18T21:31:29.0760207Z Container is running.
2026-03-18T21:31:29.0761387Z State: Starting, Action: CreatingContainer, LastError: , LastErrorTimestamp: 01/01/0001 00:00:00, LastErrorDetails: , Details: Container careorbit-api-dev successfully created and is running., DetailsLevel: INFO
2026-03-18T21:31:29.3768190Z Container start method finished after 5982 ms.
2026-03-18T21:31:29.3770013Z State: Starting, Action: InitiatingSiteWarmUpProbe, LastError: , LastErrorTimestamp: 01/01/0001 00:00:00, LastErrorDetails: , Details: Container careorbit-api-dev successfully created and is running., DetailsLevel: INFO
2026-03-18T21:31:29.3770206Z State: Starting, Action: WaitingForSiteWarmUpProbeSuccess, LastError: , LastErrorTimestamp: 01/01/0001 00:00:00, LastErrorDetails: , Details: Pinging warmup path to ensure container is ready to receive requests., DetailsLevel: INFO
2026-03-18T21:32:59.4609500Z Site startup probe succeeded after 90.0833946 seconds.
2026-03-18T21:33:00.0149281Z State: Starting, Action: WarmUpProbeSucceeded, LastError: , LastErrorTimestamp: 01/01/0001 00:00:00, LastErrorDetails: , Details: Site startup probe succeeded after 90.0833946 seconds., DetailsLevel: INFO
2026-03-18T21:33:00.3989281Z State: Starting, Action: StartingAuthContainer, LastError: , LastErrorTimestamp: 01/01/0001 00:00:00, LastErrorDetails: , Details: Site startup probe succeeded after 90.0833946 seconds., DetailsLevel: INFO
2026-03-18T21:33:10.3139606Z Site is running with deployment version: b9959ae4-da28-4ad9-a0de-02aca386408b
2026-03-18T21:33:10.3246031Z Site started.
2026-03-18T21:33:10.3260854Z State: Started, Action: None, LastError: , LastErrorTimestamp: 01/01/0001 00:00:00, LastErrorDetails: , Details: Site started at 03/18/2026 21:33:10 (UTC), DetailsLevel: INFO
2026-03-18T21:33:10.3342583Z Site is running with patch version PYTHON 3.12.12
2026-03-18T21:33:30.4663002Z State: Stopping, Action: StoppingSite, LastError: SiteStartupCancelled, LastErrorTimestamp: 03/18/2026 21:22:58, LastErrorDetails: , Details: Site started at 03/18/2026 21:25:54 (UTC), DetailsLevel: INFO
2026-03-18T21:33:30.4820588Z State: Stopping, Action: StoppingSiteContainers, LastError: SiteStartupCancelled, LastErrorTimestamp: 03/18/2026 21:22:58, LastErrorDetails: , Details: Site started at 03/18/2026 21:25:54 (UTC), DetailsLevel: INFO
2026-03-18T21:33:30.4990032Z Container is terminating. Grace period: 5 seconds.
2026-03-18T21:33:30.5610581Z Stop and delete container. Retry count = 0
2026-03-18T21:33:30.5706255Z Stopping container: 07710e29067e_careorbit-api-dev.
2026-03-18T21:33:36.1808794Z Deleting container: 07710e29067e_careorbit-api-dev. Retry count = 0
2026-03-18T21:33:38.3268425Z Container spec TerminationMessagePolicy  path 
2026-03-18T21:33:38.3287948Z Container is terminated. Total time elapsed: 7829 ms.
2026-03-18T21:33:38.3377456Z Site: careorbit-api-dev stopped.
2026-03-18T21:37:16.3818254Z State: Starting, Action: EstablishingSiteNetworks, LastError: , LastErrorTimestamp: 01/01/0001 00:00:00, LastErrorDetails: , Details: , DetailsLevel: INFO
2026-03-18T21:37:22.8921306Z State: Starting, Action: StartingSiteContainers, LastError: , LastErrorTimestamp: 01/01/0001 00:00:00, LastErrorDetails: , Details: , DetailsLevel: INFO
2026-03-18T21:37:22.8927697Z Container start method called.
2026-03-18T21:37:22.8928637Z State: Starting, Action: PullingImage, LastError: , LastErrorTimestamp: 01/01/0001 00:00:00, LastErrorDetails: , Details: Pulling image 10.1.0.4:13209/appsvc/python:3.12_20260203.2.tuxprod for careorbit-api-dev., DetailsLevel: INFO
2026-03-18T21:37:22.8929853Z Establishing network.
2026-03-18T21:37:22.8931137Z Pulling image: appsvc/python:3.12_20260203.2.tuxprod.
2026-03-18T21:37:25.6240126Z Container is starting.
2026-03-18T21:37:25.6242207Z State: Starting, Action: MountingVolumes, LastError: , LastErrorTimestamp: 01/01/0001 00:00:00, LastErrorDetails: , Details: Mounting volumes for careorbit-api-dev., DetailsLevel: INFO
2026-03-18T21:37:25.6247615Z Establishing user namespace if not established already.
2026-03-18T21:37:25.6254349Z Establishing network if not established already.
2026-03-18T21:37:25.6255743Z Mounting volumes.
2026-03-18T21:37:25.6336994Z Nested mountpoint 
2026-03-18T21:37:25.7319746Z Nested mountpoint volatile/logs
2026-03-18T21:37:25.8008757Z Nested mountpoint 
2026-03-18T21:37:25.8524819Z Nested mountpoint 
2026-03-18T21:37:25.8533687Z Nested mountpoint 
2026-03-18T21:37:28.6065061Z State: Starting, Action: CreatingContainer, LastError: , LastErrorTimestamp: 01/01/0001 00:00:00, LastErrorDetails: , Details: Finished pulling container image and mounting volumes for careorbit-api-dev. Allocatinng the rest of the container resources to finish container creation., DetailsLevel: INFO
2026-03-18T21:37:28.6069625Z Creating container.
2026-03-18T21:37:28.6071082Z Creating pipes for streaming container io.
2026-03-18T21:37:28.6076566Z Creating stdout named pipe at /podr/container/pipe/957e499a5a84_careorbit-api-dev/stdout_2183bce9c35e4579bcffc819b3196f12.
2026-03-18T21:37:28.6267202Z Successfully created stdout named pipe at: /podr/container/pipe/957e499a5a84_careorbit-api-dev/stdout_2183bce9c35e4579bcffc819b3196f12.
2026-03-18T21:37:28.6268779Z Opening named pipe /podr/container/pipe/957e499a5a84_careorbit-api-dev/stdout_2183bce9c35e4579bcffc819b3196f12 for reading in non-blocking mode.
2026-03-18T21:37:28.6270319Z Successfully opened named pipe: /podr/container/pipe/957e499a5a84_careorbit-api-dev/stdout_2183bce9c35e4579bcffc819b3196f12.
2026-03-18T21:37:28.6385329Z Successfully removed non-blocking flag from /podr/container/pipe/957e499a5a84_careorbit-api-dev/stdout_2183bce9c35e4579bcffc819b3196f12.
2026-03-18T21:37:28.6778199Z Creating stderr named pipe at /podr/container/pipe/957e499a5a84_careorbit-api-dev/stderr_ecdf6a2390af453a8a57b470df4c4903.
2026-03-18T21:37:28.6966741Z Successfully created stderr named pipe at: /podr/container/pipe/957e499a5a84_careorbit-api-dev/stderr_ecdf6a2390af453a8a57b470df4c4903.
2026-03-18T21:37:28.6971290Z Opening named pipe /podr/container/pipe/957e499a5a84_careorbit-api-dev/stderr_ecdf6a2390af453a8a57b470df4c4903 for reading in non-blocking mode.
2026-03-18T21:37:28.6973637Z Successfully opened named pipe: /podr/container/pipe/957e499a5a84_careorbit-api-dev/stderr_ecdf6a2390af453a8a57b470df4c4903.
2026-03-18T21:37:28.6975028Z Successfully removed non-blocking flag from /podr/container/pipe/957e499a5a84_careorbit-api-dev/stderr_ecdf6a2390af453a8a57b470df4c4903.
2026-03-18T21:37:28.7075362Z Creating container with image: appsvc/python:3.12_20260203.2.tuxprod from registry: 10.1.0.4:13209 and fully qualified image name: 10.1.0.4:13209/appsvc/python:3.12_20260203.2.tuxprod
2026-03-18T21:37:30.9105904Z Starting container: 957e499a5a84_careorbit-api-dev.
2026-03-18T21:37:31.1182405Z Starting watchers and probes.
2026-03-18T21:37:31.1375241Z Starting metrics collection.
2026-03-18T21:37:31.1381533Z Container is running.
2026-03-18T21:37:31.1488051Z State: Starting, Action: CreatingContainer, LastError: , LastErrorTimestamp: 01/01/0001 00:00:00, LastErrorDetails: , Details: Container careorbit-api-dev successfully created and is running., DetailsLevel: INFO
2026-03-18T21:37:31.4458035Z Container start method finished after 8552 ms.
2026-03-18T21:37:31.4459913Z State: Starting, Action: InitiatingSiteWarmUpProbe, LastError: , LastErrorTimestamp: 01/01/0001 00:00:00, LastErrorDetails: , Details: Container careorbit-api-dev successfully created and is running., DetailsLevel: INFO
2026-03-18T21:37:31.4460229Z State: Starting, Action: WaitingForSiteWarmUpProbeSuccess, LastError: , LastErrorTimestamp: 01/01/0001 00:00:00, LastErrorDetails: , Details: Pinging warmup path to ensure container is ready to receive requests., DetailsLevel: INFO
2026-03-18T21:38:59.6028970Z Container has finished running with exit code: 1.
2026-03-18T21:38:59.6279820Z Container is terminating. Grace period: 5 seconds.
2026-03-18T21:38:59.7925407Z Stop and delete container. Retry count = 0
2026-03-18T21:38:59.7926508Z Stopping container: 957e499a5a84_careorbit-api-dev.
2026-03-18T21:39:00.1661224Z Deleting container: 957e499a5a84_careorbit-api-dev. Retry count = 0
2026-03-18T21:39:01.4031482Z Container spec TerminationMessagePolicy  path 
2026-03-18T21:39:01.4826533Z Container is terminated. Total time elapsed: 1768 ms.
2026-03-18T21:39:01.4839547Z Site container: careorbit-api-dev terminated during site startup.
2026-03-18T21:39:01.5119585Z State: Stopping, Action: CancellingStartup, LastError: , LastErrorTimestamp: 01/01/0001 00:00:00, LastErrorDetails: , Details: Site container: careorbit-api-dev terminated during site startup. Cancelling site startup., DetailsLevel: ERR
2026-03-18T21:39:01.7648232Z Site startup probe failed after 89.9160893 seconds.
2026-03-18T21:39:03.0708589Z State: Stopping, Action: CancellingStartup, LastError: ContainerTimeout, LastErrorTimestamp: 03/18/2026 21:39:02, LastErrorDetails: Container did not start within expected time limit of 1800s. Please inspect your container logs for more details., Details: Site container: careorbit-api-dev terminated during site startup. Cancelling site startup., DetailsLevel: ERR
2026-03-18T21:39:03.1112384Z Failed to start site. Revert by stopping site.
2026-03-18T21:39:03.1222295Z State: Stopping, Action: StoppingSite, LastError: ContainerTimeout, LastErrorTimestamp: 03/18/2026 21:39:02, LastErrorDetails: Container did not start within expected time limit of 1800s. Please inspect your container logs for more details., Details: Site container: careorbit-api-dev terminated during site startup. Cancelling site startup., DetailsLevel: ERR
2026-03-18T21:39:03.1624898Z State: Stopping, Action: StoppingSiteContainers, LastError: ContainerTimeout, LastErrorTimestamp: 03/18/2026 21:39:02, LastErrorDetails: Container did not start within expected time limit of 1800s. Please inspect your container logs for more details., Details: Site container: careorbit-api-dev terminated during site startup. Cancelling site startup., DetailsLevel: ERR
2026-03-18T21:39:03.1629900Z Site: careorbit-api-dev stopped.
2026-03-18T21:39:26.2957847Z State: Stopping, Action: StoppingSite, LastError: SiteStartupCancelled, LastErrorTimestamp: 03/18/2026 21:22:58, LastErrorDetails: , Details: Site started at 03/18/2026 21:33:10 (UTC), DetailsLevel: INFO
2026-03-18T21:39:26.3185783Z State: Stopping, Action: StoppingSiteContainers, LastError: SiteStartupCancelled, LastErrorTimestamp: 03/18/2026 21:22:58, LastErrorDetails: , Details: Site started at 03/18/2026 21:33:10 (UTC), DetailsLevel: INFO
2026-03-18T21:39:26.3194262Z Container is terminating. Grace period: 5 seconds.
2026-03-18T21:39:26.6161785Z Stop and delete container. Retry count = 0
2026-03-18T21:39:26.6184282Z Stopping container: 50686097bdf1_careorbit-api-dev.
2026-03-18T21:39:31.6855198Z Deleting container: 50686097bdf1_careorbit-api-dev. Retry count = 0
2026-03-18T21:39:33.5136108Z Container spec TerminationMessagePolicy  path 
2026-03-18T21:39:33.5226497Z Container is terminated. Total time elapsed: 7192 ms.
2026-03-18T21:39:33.5232756Z Site: careorbit-api-dev stopped.
2026-03-18T21:39:03.1820160Z State: Stopping, Action: UnmountingVolumes, LastError: ContainerTimeout, LastErrorTimestamp: 03/18/2026 21:39:02, LastErrorDetails: Container did not start within expected time limit of 1800s. Please inspect your container logs for more details., Details: Site container: careorbit-api-dev terminated during site startup. Cancelling site startup., DetailsLevel: ERR
2026-03-18T21:39:04.3421868Z State: Stopping, Action: StoppingSiteNetworks, LastError: ContainerTimeout, LastErrorTimestamp: 03/18/2026 21:39:02, LastErrorDetails: Container did not start within expected time limit of 1800s. Please inspect your container logs for more details., Details: Site container: careorbit-api-dev terminated during site startup. Cancelling site startup., DetailsLevel: ERR
2026-03-18T21:39:05.3970523Z State: Stopped, Action: None, LastError: ContainerTimeout, LastErrorTimestamp: 03/18/2026 21:39:02, LastErrorDetails: Container did not start within expected time limit of 1800s. Please inspect your container logs for more details., Details: Site stopped at 03/18/2026 21:39:05 (UTC), DetailsLevel: ERR
2026-03-18T21:39:05.5068925Z State: Stopped, Action: None, LastError: ContainerTimeout, LastErrorTimestamp: 03/18/2026 21:39:02, LastErrorDetails: Container did not start within expected time limit of 1800s. Please inspect your container logs for more details., Details: Site stopped at 03/18/2026 21:39:05 (UTC), DetailsLevel: ERR
2026-03-18T21:39:54.7375430Z State: Starting, Action: EstablishingSiteNetworks, LastError: ContainerTimeout, LastErrorTimestamp: 03/18/2026 21:39:02, LastErrorDetails: Container did not start within expected time limit of 1800s. Please inspect your container logs for more details., Details: Site stopped at 03/18/2026 21:39:05 (UTC), DetailsLevel: ERR
2026-03-18T21:39:59.4853983Z State: Starting, Action: StartingSiteContainers, LastError: ContainerTimeout, LastErrorTimestamp: 03/18/2026 21:39:02, LastErrorDetails: Container did not start within expected time limit of 1800s. Please inspect your container logs for more details., Details: Site stopped at 03/18/2026 21:39:05 (UTC), DetailsLevel: ERR
2026-03-18T21:39:59.4861236Z Container start method called.
2026-03-18T21:39:59.4862560Z State: Starting, Action: PullingImage, LastError: ContainerTimeout, LastErrorTimestamp: 03/18/2026 21:39:02, LastErrorDetails: Container did not start within expected time limit of 1800s. Please inspect your container logs for more details., Details: Pulling image 10.1.0.4:13209/appsvc/python:3.12_20260203.2.tuxprod for careorbit-api-dev., DetailsLevel: INFO
2026-03-18T21:39:59.4868782Z Establishing network.
2026-03-18T21:39:59.4879641Z Pulling image: appsvc/python:3.12_20260203.2.tuxprod.
2026-03-18T21:39:59.8302972Z Container is starting.
2026-03-18T21:39:59.8307568Z State: Starting, Action: MountingVolumes, LastError: ContainerTimeout, LastErrorTimestamp: 03/18/2026 21:39:02, LastErrorDetails: Container did not start within expected time limit of 1800s. Please inspect your container logs for more details., Details: Mounting volumes for careorbit-api-dev., DetailsLevel: INFO
2026-03-18T21:39:59.8309234Z Establishing user namespace if not established already.
2026-03-18T21:39:59.8310315Z Establishing network if not established already.
2026-03-18T21:39:59.8312144Z Mounting volumes.
2026-03-18T21:39:59.8393485Z Nested mountpoint 
2026-03-18T21:39:59.8805913Z Nested mountpoint volatile/logs
2026-03-18T21:39:59.9203064Z Nested mountpoint 
2026-03-18T21:39:59.9409294Z Nested mountpoint 
2026-03-18T21:40:00.0021155Z Nested mountpoint 
2026-03-18T21:40:00.5257497Z State: Starting, Action: CreatingContainer, LastError: ContainerTimeout, LastErrorTimestamp: 03/18/2026 21:39:02, LastErrorDetails: Container did not start within expected time limit of 1800s. Please inspect your container logs for more details., Details: Finished pulling container image and mounting volumes for careorbit-api-dev. Allocatinng the rest of the container resources to finish container creation., DetailsLevel: INFO
2026-03-18T21:40:00.5272961Z Creating container.
2026-03-18T21:40:00.5540952Z Creating pipes for streaming container io.
2026-03-18T21:40:00.5563383Z Creating stdout named pipe at /podr/container/pipe/d0f83c25b8da_careorbit-api-dev/stdout_b66fb41f424747ce9122b70da7f48a8d.
2026-03-18T21:40:00.5760631Z Successfully created stdout named pipe at: /podr/container/pipe/d0f83c25b8da_careorbit-api-dev/stdout_b66fb41f424747ce9122b70da7f48a8d.
2026-03-18T21:40:00.5819585Z Opening named pipe /podr/container/pipe/d0f83c25b8da_careorbit-api-dev/stdout_b66fb41f424747ce9122b70da7f48a8d for reading in non-blocking mode.
2026-03-18T21:40:00.5824735Z Successfully opened named pipe: /podr/container/pipe/d0f83c25b8da_careorbit-api-dev/stdout_b66fb41f424747ce9122b70da7f48a8d.
2026-03-18T21:40:00.5831863Z Successfully removed non-blocking flag from /podr/container/pipe/d0f83c25b8da_careorbit-api-dev/stdout_b66fb41f424747ce9122b70da7f48a8d.
2026-03-18T21:40:00.5841916Z Creating stderr named pipe at /podr/container/pipe/d0f83c25b8da_careorbit-api-dev/stderr_591408dda1634464bf19fe441a0c6142.
2026-03-18T21:40:00.5925530Z Successfully created stderr named pipe at: /podr/container/pipe/d0f83c25b8da_careorbit-api-dev/stderr_591408dda1634464bf19fe441a0c6142.
2026-03-18T21:40:00.6128490Z Opening named pipe /podr/container/pipe/d0f83c25b8da_careorbit-api-dev/stderr_591408dda1634464bf19fe441a0c6142 for reading in non-blocking mode.
2026-03-18T21:40:00.6137001Z Successfully opened named pipe: /podr/container/pipe/d0f83c25b8da_careorbit-api-dev/stderr_591408dda1634464bf19fe441a0c6142.
2026-03-18T21:40:00.6229019Z Successfully removed non-blocking flag from /podr/container/pipe/d0f83c25b8da_careorbit-api-dev/stderr_591408dda1634464bf19fe441a0c6142.
2026-03-18T21:40:00.6334199Z Creating container with image: appsvc/python:3.12_20260203.2.tuxprod from registry: 10.1.0.4:13209 and fully qualified image name: 10.1.0.4:13209/appsvc/python:3.12_20260203.2.tuxprod
2026-03-18T21:40:01.4334693Z Starting container: d0f83c25b8da_careorbit-api-dev.
2026-03-18T21:40:01.5321260Z Starting watchers and probes.
2026-03-18T21:40:01.5729456Z Starting metrics collection.
2026-03-18T21:40:01.5909720Z Container is running.
2026-03-18T21:40:01.5915363Z State: Starting, Action: CreatingContainer, LastError: ContainerTimeout, LastErrorTimestamp: 03/18/2026 21:39:02, LastErrorDetails: Container did not start within expected time limit of 1800s. Please inspect your container logs for more details., Details: Container careorbit-api-dev successfully created and is running., DetailsLevel: INFO
2026-03-18T21:40:02.1674951Z Container start method finished after 2681 ms.
2026-03-18T21:40:02.1676910Z State: Starting, Action: InitiatingSiteWarmUpProbe, LastError: ContainerTimeout, LastErrorTimestamp: 03/18/2026 21:39:02, LastErrorDetails: Container did not start within expected time limit of 1800s. Please inspect your container logs for more details., Details: Container careorbit-api-dev successfully created and is running., DetailsLevel: INFO
2026-03-18T21:40:02.1677183Z State: Starting, Action: WaitingForSiteWarmUpProbeSuccess, LastError: ContainerTimeout, LastErrorTimestamp: 03/18/2026 21:39:02, LastErrorDetails: Container did not start within expected time limit of 1800s. Please inspect your container logs for more details., Details: Pinging warmup path to ensure container is ready to receive requests., DetailsLevel: INFO
2026-03-18T21:41:54.5372171Z Site startup probe succeeded after 112.1371099 seconds.
2026-03-18T21:41:54.7041847Z State: Starting, Action: WarmUpProbeSucceeded, LastError: ContainerTimeout, LastErrorTimestamp: 03/18/2026 21:39:02, LastErrorDetails: Container did not start within expected time limit of 1800s. Please inspect your container logs for more details., Details: Site startup probe succeeded after 112.1371099 seconds., DetailsLevel: INFO
2026-03-18T21:41:54.8042273Z State: Starting, Action: StartingAuthContainer, LastError: ContainerTimeout, LastErrorTimestamp: 03/18/2026 21:39:02, LastErrorDetails: Container did not start within expected time limit of 1800s. Please inspect your container logs for more details., Details: Site startup probe succeeded after 112.1371099 seconds., DetailsLevel: INFO
2026-03-18T21:42:04.2871117Z Site is running with deployment version: 74cd20be-590e-443f-bbb0-46339ba67f20
2026-03-18T21:42:04.2878748Z Site started.
2026-03-18T21:42:04.2977743Z State: Started, Action: None, LastError: ContainerTimeout, LastErrorTimestamp: 03/18/2026 21:39:02, LastErrorDetails: Container did not start within expected time limit of 1800s. Please inspect your container logs for more details., Details: Site started at 03/18/2026 21:42:04 (UTC), DetailsLevel: INFO
2026-03-18T21:42:04.5481290Z Site is running with patch version PYTHON 3.12.12
2026-03-18T21:54:20.6199351Z State: Starting, Action: EstablishingSiteNetworks, LastError: , LastErrorTimestamp: 01/01/0001 00:00:00, LastErrorDetails: , Details: , DetailsLevel: INFO
2026-03-18T21:54:27.6061740Z State: Starting, Action: StartingSiteContainers, LastError: , LastErrorTimestamp: 01/01/0001 00:00:00, LastErrorDetails: , Details: , DetailsLevel: INFO
2026-03-18T21:54:27.6147599Z Container start method called.
2026-03-18T21:54:27.6163862Z State: Starting, Action: PullingImage, LastError: , LastErrorTimestamp: 01/01/0001 00:00:00, LastErrorDetails: , Details: Pulling image 10.1.0.5:13209/appsvc/python:3.12_20260203.2.tuxprod for careorbit-api-dev., DetailsLevel: INFO
2026-03-18T21:54:27.6165966Z Establishing network.
2026-03-18T21:54:27.6261335Z Pulling image: appsvc/python:3.12_20260203.2.tuxprod.
2026-03-18T21:54:28.2631620Z Container is starting.
2026-03-18T21:54:28.2632925Z State: Starting, Action: MountingVolumes, LastError: , LastErrorTimestamp: 01/01/0001 00:00:00, LastErrorDetails: , Details: Mounting volumes for careorbit-api-dev., DetailsLevel: INFO
2026-03-18T21:54:28.2640232Z Establishing user namespace if not established already.
2026-03-18T21:54:28.2642022Z Establishing network if not established already.
2026-03-18T21:54:28.2647854Z Mounting volumes.
2026-03-18T21:54:28.2824124Z Nested mountpoint 
2026-03-18T21:54:28.4211565Z Nested mountpoint volatile/logs
2026-03-18T21:54:28.4610768Z Nested mountpoint 
2026-03-18T21:54:28.7280544Z Nested mountpoint 
2026-03-18T21:54:28.9887694Z Nested mountpoint 
2026-03-18T21:54:30.0298752Z State: Starting, Action: CreatingContainer, LastError: , LastErrorTimestamp: 01/01/0001 00:00:00, LastErrorDetails: , Details: Finished pulling container image and mounting volumes for careorbit-api-dev. Allocatinng the rest of the container resources to finish container creation., DetailsLevel: INFO
2026-03-18T21:54:30.0310396Z Creating container.
2026-03-18T21:54:30.0491233Z Creating pipes for streaming container io.
2026-03-18T21:54:30.0497701Z Creating stdout named pipe at /podr/container/pipe/e368428431dd_careorbit-api-dev/stdout_33c21bd3922042f2aa7a878e52bbc4bd.
2026-03-18T21:54:30.2012913Z Successfully created stdout named pipe at: /podr/container/pipe/e368428431dd_careorbit-api-dev/stdout_33c21bd3922042f2aa7a878e52bbc4bd.
2026-03-18T21:54:30.2022835Z Opening named pipe /podr/container/pipe/e368428431dd_careorbit-api-dev/stdout_33c21bd3922042f2aa7a878e52bbc4bd for reading in non-blocking mode.
2026-03-18T21:54:30.2106718Z Successfully opened named pipe: /podr/container/pipe/e368428431dd_careorbit-api-dev/stdout_33c21bd3922042f2aa7a878e52bbc4bd.
2026-03-18T21:54:30.2212020Z Successfully removed non-blocking flag from /podr/container/pipe/e368428431dd_careorbit-api-dev/stdout_33c21bd3922042f2aa7a878e52bbc4bd.
2026-03-18T21:54:30.2317560Z Creating stderr named pipe at /podr/container/pipe/e368428431dd_careorbit-api-dev/stderr_248d00b28bec4a16a12aebcee1d98116.
2026-03-18T21:54:30.2404819Z Successfully created stderr named pipe at: /podr/container/pipe/e368428431dd_careorbit-api-dev/stderr_248d00b28bec4a16a12aebcee1d98116.
2026-03-18T21:54:30.2413380Z Opening named pipe /podr/container/pipe/e368428431dd_careorbit-api-dev/stderr_248d00b28bec4a16a12aebcee1d98116 for reading in non-blocking mode.
2026-03-18T21:54:30.2420189Z Successfully opened named pipe: /podr/container/pipe/e368428431dd_careorbit-api-dev/stderr_248d00b28bec4a16a12aebcee1d98116.
2026-03-18T21:54:30.2500504Z Successfully removed non-blocking flag from /podr/container/pipe/e368428431dd_careorbit-api-dev/stderr_248d00b28bec4a16a12aebcee1d98116.
2026-03-18T21:54:30.2516424Z Creating container with image: appsvc/python:3.12_20260203.2.tuxprod from registry: 10.1.0.5:13209 and fully qualified image name: 10.1.0.5:13209/appsvc/python:3.12_20260203.2.tuxprod
2026-03-18T21:54:31.1779795Z Starting container: e368428431dd_careorbit-api-dev.
2026-03-18T21:54:31.3232451Z Starting watchers and probes.
2026-03-18T21:54:31.3461010Z Starting metrics collection.
2026-03-18T21:54:31.4118743Z Container is running.
2026-03-18T21:54:31.4133835Z State: Starting, Action: CreatingContainer, LastError: , LastErrorTimestamp: 01/01/0001 00:00:00, LastErrorDetails: , Details: Container careorbit-api-dev successfully created and is running., DetailsLevel: INFO
2026-03-18T21:54:31.8450958Z Container start method finished after 4230 ms.
2026-03-18T21:54:31.8453306Z State: Starting, Action: InitiatingSiteWarmUpProbe, LastError: , LastErrorTimestamp: 01/01/0001 00:00:00, LastErrorDetails: , Details: Container careorbit-api-dev successfully created and is running., DetailsLevel: INFO
2026-03-18T21:54:31.9052979Z State: Starting, Action: WaitingForSiteWarmUpProbeSuccess, LastError: , LastErrorTimestamp: 01/01/0001 00:00:00, LastErrorDetails: , Details: Pinging warmup path to ensure container is ready to receive requests., DetailsLevel: INFO
2026-03-18T21:55:19.3126119Z Container has finished running with exit code: 1.
2026-03-18T21:55:19.3215086Z Container is terminating. Grace period: 5 seconds.
2026-03-18T21:55:19.3462744Z Stop and delete container. Retry count = 0
2026-03-18T21:55:19.3514919Z Stopping container: e368428431dd_careorbit-api-dev.
2026-03-18T21:55:19.4621919Z Deleting container: e368428431dd_careorbit-api-dev. Retry count = 0
2026-03-18T21:55:19.8523581Z Container spec TerminationMessagePolicy  path 
2026-03-18T21:55:19.8619086Z Container is terminated. Total time elapsed: 519 ms.
2026-03-18T21:55:19.8621409Z Site container: careorbit-api-dev terminated during site startup.
2026-03-18T21:55:19.8691095Z State: Stopping, Action: CancellingStartup, LastError: , LastErrorTimestamp: 01/01/0001 00:00:00, LastErrorDetails: , Details: Site container: careorbit-api-dev terminated during site startup. Cancelling site startup., DetailsLevel: ERR
2026-03-18T21:55:20.0057220Z Site startup probe failed after 48.0720507 seconds.
2026-03-18T21:55:20.3991621Z State: Stopping, Action: CancellingStartup, LastError: ContainerTimeout, LastErrorTimestamp: 03/18/2026 21:55:20, LastErrorDetails: Container did not start within expected time limit of 1800s. Please inspect your container logs for more details., Details: Site container: careorbit-api-dev terminated during site startup. Cancelling site startup., DetailsLevel: ERR
2026-03-18T21:55:20.4667121Z Failed to start site. Revert by stopping site.
2026-03-18T21:55:20.4758349Z State: Stopping, Action: StoppingSite, LastError: ContainerTimeout, LastErrorTimestamp: 03/18/2026 21:55:20, LastErrorDetails: Container did not start within expected time limit of 1800s. Please inspect your container logs for more details., Details: Site container: careorbit-api-dev terminated during site startup. Cancelling site startup., DetailsLevel: ERR
2026-03-18T21:55:20.4782466Z State: Stopping, Action: StoppingSiteContainers, LastError: ContainerTimeout, LastErrorTimestamp: 03/18/2026 21:55:20, LastErrorDetails: Container did not start within expected time limit of 1800s. Please inspect your container logs for more details., Details: Site container: careorbit-api-dev terminated during site startup. Cancelling site startup., DetailsLevel: ERR
2026-03-18T21:55:20.4784942Z Site: careorbit-api-dev stopped.
2026-03-18T21:55:43.5378356Z State: Stopping, Action: StoppingSite, LastError: ContainerTimeout, LastErrorTimestamp: 03/18/2026 21:39:02, LastErrorDetails: Container did not start within expected time limit of 1800s. Please inspect your container logs for more details., Details: Site started at 03/18/2026 21:42:04 (UTC), DetailsLevel: INFO
2026-03-18T21:55:43.5878816Z State: Stopping, Action: StoppingSiteContainers, LastError: ContainerTimeout, LastErrorTimestamp: 03/18/2026 21:39:02, LastErrorDetails: Container did not start within expected time limit of 1800s. Please inspect your container logs for more details., Details: Site started at 03/18/2026 21:42:04 (UTC), DetailsLevel: INFO
2026-03-18T21:55:43.5977328Z Container is terminating. Grace period: 5 seconds.
2026-03-18T21:55:44.1071902Z Stop and delete container. Retry count = 0
2026-03-18T21:55:44.1075410Z Stopping container: d0f83c25b8da_careorbit-api-dev.
2026-03-18T21:55:49.3436060Z Deleting container: d0f83c25b8da_careorbit-api-dev. Retry count = 0
2026-03-18T21:55:52.1798564Z Container spec TerminationMessagePolicy  path 
2026-03-18T21:55:52.1865393Z Container is terminated. Total time elapsed: 8582 ms.
2026-03-18T21:55:52.1893346Z Site: careorbit-api-dev stopped.
2026-03-18T21:55:20.5133780Z State: Stopping, Action: UnmountingVolumes, LastError: ContainerTimeout, LastErrorTimestamp: 03/18/2026 21:55:20, LastErrorDetails: Container did not start within expected time limit of 1800s. Please inspect your container logs for more details., Details: Site container: careorbit-api-dev terminated during site startup. Cancelling site startup., DetailsLevel: ERR
2026-03-18T21:55:21.4523553Z State: Stopping, Action: StoppingSiteNetworks, LastError: ContainerTimeout, LastErrorTimestamp: 03/18/2026 21:55:20, LastErrorDetails: Container did not start within expected time limit of 1800s. Please inspect your container logs for more details., Details: Site container: careorbit-api-dev terminated during site startup. Cancelling site startup., DetailsLevel: ERR
2026-03-18T21:55:22.4464000Z State: Stopped, Action: None, LastError: ContainerTimeout, LastErrorTimestamp: 03/18/2026 21:55:20, LastErrorDetails: Container did not start within expected time limit of 1800s. Please inspect your container logs for more details., Details: Site stopped at 03/18/2026 21:55:22 (UTC), DetailsLevel: ERR
2026-03-18T21:55:22.6243064Z State: Stopped, Action: None, LastError: ContainerTimeout, LastErrorTimestamp: 03/18/2026 21:55:20, LastErrorDetails: Container did not start within expected time limit of 1800s. Please inspect your container logs for more details., Details: Site stopped at 03/18/2026 21:55:22 (UTC), DetailsLevel: ERR
2026-03-18T21:57:03.1286149Z State: Starting, Action: EstablishingSiteNetworks, LastError: ContainerTimeout, LastErrorTimestamp: 03/18/2026 21:55:20, LastErrorDetails: Container did not start within expected time limit of 1800s. Please inspect your container logs for more details., Details: Site stopped at 03/18/2026 21:55:22 (UTC), DetailsLevel: ERR
2026-03-18T21:57:06.6399559Z State: Starting, Action: StartingSiteContainers, LastError: ContainerTimeout, LastErrorTimestamp: 03/18/2026 21:55:20, LastErrorDetails: Container did not start within expected time limit of 1800s. Please inspect your container logs for more details., Details: Site stopped at 03/18/2026 21:55:22 (UTC), DetailsLevel: ERR
2026-03-18T21:57:06.6401095Z Container start method called.
2026-03-18T21:57:06.6401552Z State: Starting, Action: PullingImage, LastError: ContainerTimeout, LastErrorTimestamp: 03/18/2026 21:55:20, LastErrorDetails: Container did not start within expected time limit of 1800s. Please inspect your container logs for more details., Details: Pulling image 10.1.0.5:13209/appsvc/python:3.12_20260203.2.tuxprod for careorbit-api-dev., DetailsLevel: INFO
2026-03-18T21:57:06.6402271Z Establishing network.
2026-03-18T21:57:06.6404230Z Pulling image: appsvc/python:3.12_20260203.2.tuxprod.
2026-03-18T21:57:07.5100126Z Container is starting.
2026-03-18T21:57:07.5109999Z State: Starting, Action: MountingVolumes, LastError: ContainerTimeout, LastErrorTimestamp: 03/18/2026 21:55:20, LastErrorDetails: Container did not start within expected time limit of 1800s. Please inspect your container logs for more details., Details: Mounting volumes for careorbit-api-dev., DetailsLevel: INFO
2026-03-18T21:57:07.5111510Z Establishing user namespace if not established already.
2026-03-18T21:57:07.5112416Z Establishing network if not established already.
2026-03-18T21:57:07.5113319Z Mounting volumes.
2026-03-18T21:57:07.5114447Z Nested mountpoint 
2026-03-18T21:57:07.5501265Z Nested mountpoint volatile/logs
2026-03-18T21:57:07.5810471Z Nested mountpoint 
2026-03-18T21:57:07.5816611Z Nested mountpoint 
2026-03-18T21:57:07.6160670Z Nested mountpoint 
2026-03-18T21:57:08.1294424Z State: Starting, Action: CreatingContainer, LastError: ContainerTimeout, LastErrorTimestamp: 03/18/2026 21:55:20, LastErrorDetails: Container did not start within expected time limit of 1800s. Please inspect your container logs for more details., Details: Finished pulling container image and mounting volumes for careorbit-api-dev. Allocatinng the rest of the container resources to finish container creation., DetailsLevel: INFO
2026-03-18T21:57:08.1296450Z Creating container.
2026-03-18T21:57:08.1297531Z Creating pipes for streaming container io.
2026-03-18T21:57:08.1298543Z Creating stdout named pipe at /podr/container/pipe/b88f7095e7f8_careorbit-api-dev/stdout_b65224b39ee34316babe8cd4d591309d.
2026-03-18T21:57:08.1300757Z Successfully created stdout named pipe at: /podr/container/pipe/b88f7095e7f8_careorbit-api-dev/stdout_b65224b39ee34316babe8cd4d591309d.
2026-03-18T21:57:08.1301751Z Opening named pipe /podr/container/pipe/b88f7095e7f8_careorbit-api-dev/stdout_b65224b39ee34316babe8cd4d591309d for reading in non-blocking mode.
2026-03-18T21:57:08.1302898Z Successfully opened named pipe: /podr/container/pipe/b88f7095e7f8_careorbit-api-dev/stdout_b65224b39ee34316babe8cd4d591309d.
2026-03-18T21:57:08.1304936Z Successfully removed non-blocking flag from /podr/container/pipe/b88f7095e7f8_careorbit-api-dev/stdout_b65224b39ee34316babe8cd4d591309d.
2026-03-18T21:57:08.1976813Z Creating stderr named pipe at /podr/container/pipe/b88f7095e7f8_careorbit-api-dev/stderr_c268695304bd4d379da906fbe8662d02.
2026-03-18T21:57:08.1978730Z Successfully created stderr named pipe at: /podr/container/pipe/b88f7095e7f8_careorbit-api-dev/stderr_c268695304bd4d379da906fbe8662d02.
2026-03-18T21:57:08.1979534Z Opening named pipe /podr/container/pipe/b88f7095e7f8_careorbit-api-dev/stderr_c268695304bd4d379da906fbe8662d02 for reading in non-blocking mode.
2026-03-18T21:57:08.1980402Z Successfully opened named pipe: /podr/container/pipe/b88f7095e7f8_careorbit-api-dev/stderr_c268695304bd4d379da906fbe8662d02.
2026-03-18T21:57:08.1981101Z Successfully removed non-blocking flag from /podr/container/pipe/b88f7095e7f8_careorbit-api-dev/stderr_c268695304bd4d379da906fbe8662d02.
2026-03-18T21:57:08.2276898Z Creating container with image: appsvc/python:3.12_20260203.2.tuxprod from registry: 10.1.0.5:13209 and fully qualified image name: 10.1.0.5:13209/appsvc/python:3.12_20260203.2.tuxprod
2026-03-18T21:57:09.1122088Z Starting container: b88f7095e7f8_careorbit-api-dev.
2026-03-18T21:57:09.1935768Z Starting watchers and probes.
2026-03-18T21:57:09.2325127Z Starting metrics collection.
2026-03-18T21:57:09.2344150Z Container is running.
2026-03-18T21:57:09.2541099Z State: Starting, Action: CreatingContainer, LastError: ContainerTimeout, LastErrorTimestamp: 03/18/2026 21:55:20, LastErrorDetails: Container did not start within expected time limit of 1800s. Please inspect your container logs for more details., Details: Container careorbit-api-dev successfully created and is running., DetailsLevel: INFO
2026-03-18T21:57:09.5416938Z Container start method finished after 2901 ms.
2026-03-18T21:57:09.6294724Z State: Starting, Action: InitiatingSiteWarmUpProbe, LastError: ContainerTimeout, LastErrorTimestamp: 03/18/2026 21:55:20, LastErrorDetails: Container did not start within expected time limit of 1800s. Please inspect your container logs for more details., Details: Container careorbit-api-dev successfully created and is running., DetailsLevel: INFO
2026-03-18T21:57:09.6297179Z State: Starting, Action: WaitingForSiteWarmUpProbeSuccess, LastError: ContainerTimeout, LastErrorTimestamp: 03/18/2026 21:55:20, LastErrorDetails: Container did not start within expected time limit of 1800s. Please inspect your container logs for more details., Details: Pinging warmup path to ensure container is ready to receive requests., DetailsLevel: INFO
2026-03-18T21:58:46.1355475Z Site startup probe succeeded after 96.4898095 seconds.
2026-03-18T21:58:46.3196197Z State: Starting, Action: WarmUpProbeSucceeded, LastError: ContainerTimeout, LastErrorTimestamp: 03/18/2026 21:55:20, LastErrorDetails: Container did not start within expected time limit of 1800s. Please inspect your container logs for more details., Details: Site startup probe succeeded after 96.4898095 seconds., DetailsLevel: INFO
2026-03-18T21:58:46.4364287Z State: Starting, Action: StartingAuthContainer, LastError: ContainerTimeout, LastErrorTimestamp: 03/18/2026 21:55:20, LastErrorDetails: Container did not start within expected time limit of 1800s. Please inspect your container logs for more details., Details: Site startup probe succeeded after 96.4898095 seconds., DetailsLevel: INFO
2026-03-18T21:58:54.0833691Z Site is running with deployment version: 9f882665-622e-4150-a97a-f2075be7e793
2026-03-18T21:58:54.0897460Z Site started.
2026-03-18T21:58:54.0939224Z State: Started, Action: None, LastError: ContainerTimeout, LastErrorTimestamp: 03/18/2026 21:55:20, LastErrorDetails: Container did not start within expected time limit of 1800s. Please inspect your container logs for more details., Details: Site started at 03/18/2026 21:58:54 (UTC), DetailsLevel: INFO
2026-03-18T21:58:54.1580096Z Site is running with patch version PYTHON 3.12.12
2026-03-18T22:07:57.6608776Z State: Starting, Action: EstablishingSiteNetworks, LastError: , LastErrorTimestamp: 01/01/0001 00:00:00, LastErrorDetails: , Details: , DetailsLevel: INFO
2026-03-18T22:08:03.2516459Z State: Starting, Action: StartingSiteContainers, LastError: , LastErrorTimestamp: 01/01/0001 00:00:00, LastErrorDetails: , Details: , DetailsLevel: INFO
2026-03-18T22:08:03.2716508Z Container start method called.
2026-03-18T22:08:03.2809443Z State: Starting, Action: PullingImage, LastError: , LastErrorTimestamp: 01/01/0001 00:00:00, LastErrorDetails: , Details: Pulling image 10.1.0.4:13209/appsvc/python:3.12_20260203.2.tuxprod for careorbit-api-dev., DetailsLevel: INFO
2026-03-18T22:08:03.2813000Z Establishing network.
2026-03-18T22:08:03.2822540Z Pulling image: appsvc/python:3.12_20260203.2.tuxprod.
2026-03-18T22:08:06.8791494Z Container is starting.
2026-03-18T22:08:06.8792472Z State: Starting, Action: MountingVolumes, LastError: , LastErrorTimestamp: 01/01/0001 00:00:00, LastErrorDetails: , Details: Mounting volumes for careorbit-api-dev., DetailsLevel: INFO
2026-03-18T22:08:06.8793320Z Establishing user namespace if not established already.
2026-03-18T22:08:06.8794211Z Establishing network if not established already.
2026-03-18T22:08:06.8795197Z Mounting volumes.
2026-03-18T22:08:06.8796431Z Nested mountpoint 
2026-03-18T22:08:06.9483538Z Nested mountpoint volatile/logs
2026-03-18T22:08:07.0008430Z Nested mountpoint 
2026-03-18T22:08:07.0402948Z Nested mountpoint 
2026-03-18T22:08:07.0590824Z Nested mountpoint 
2026-03-18T22:08:08.9454166Z State: Starting, Action: CreatingContainer, LastError: , LastErrorTimestamp: 01/01/0001 00:00:00, LastErrorDetails: , Details: Finished pulling container image and mounting volumes for careorbit-api-dev. Allocatinng the rest of the container resources to finish container creation., DetailsLevel: INFO
2026-03-18T22:08:08.9531454Z Creating container.
2026-03-18T22:08:08.9532906Z Creating pipes for streaming container io.
2026-03-18T22:08:08.9533981Z Creating stdout named pipe at /podr/container/pipe/09b54bb7010f_careorbit-api-dev/stdout_8de0e5e8f90843b8b9abfb902caf8d87.
2026-03-18T22:08:08.9641674Z Successfully created stdout named pipe at: /podr/container/pipe/09b54bb7010f_careorbit-api-dev/stdout_8de0e5e8f90843b8b9abfb902caf8d87.
2026-03-18T22:08:08.9643444Z Opening named pipe /podr/container/pipe/09b54bb7010f_careorbit-api-dev/stdout_8de0e5e8f90843b8b9abfb902caf8d87 for reading in non-blocking mode.
2026-03-18T22:08:08.9645008Z Successfully opened named pipe: /podr/container/pipe/09b54bb7010f_careorbit-api-dev/stdout_8de0e5e8f90843b8b9abfb902caf8d87.
2026-03-18T22:08:08.9646607Z Successfully removed non-blocking flag from /podr/container/pipe/09b54bb7010f_careorbit-api-dev/stdout_8de0e5e8f90843b8b9abfb902caf8d87.
2026-03-18T22:08:09.0038455Z Creating stderr named pipe at /podr/container/pipe/09b54bb7010f_careorbit-api-dev/stderr_3bccf9d956fb4c53abfd801158f6eb54.
2026-03-18T22:08:09.0040326Z Successfully created stderr named pipe at: /podr/container/pipe/09b54bb7010f_careorbit-api-dev/stderr_3bccf9d956fb4c53abfd801158f6eb54.
2026-03-18T22:08:09.0041059Z Opening named pipe /podr/container/pipe/09b54bb7010f_careorbit-api-dev/stderr_3bccf9d956fb4c53abfd801158f6eb54 for reading in non-blocking mode.
2026-03-18T22:08:09.0041907Z Successfully opened named pipe: /podr/container/pipe/09b54bb7010f_careorbit-api-dev/stderr_3bccf9d956fb4c53abfd801158f6eb54.
2026-03-18T22:08:09.0043518Z Successfully removed non-blocking flag from /podr/container/pipe/09b54bb7010f_careorbit-api-dev/stderr_3bccf9d956fb4c53abfd801158f6eb54.
2026-03-18T22:08:09.0044797Z Creating container with image: appsvc/python:3.12_20260203.2.tuxprod from registry: 10.1.0.4:13209 and fully qualified image name: 10.1.0.4:13209/appsvc/python:3.12_20260203.2.tuxprod
2026-03-18T22:08:10.3969692Z Starting container: 09b54bb7010f_careorbit-api-dev.
2026-03-18T22:08:10.5880148Z Starting watchers and probes.
2026-03-18T22:08:10.5986737Z Starting metrics collection.
2026-03-18T22:08:10.6165372Z Container is running.
2026-03-18T22:08:10.6166405Z State: Starting, Action: CreatingContainer, LastError: , LastErrorTimestamp: 01/01/0001 00:00:00, LastErrorDetails: , Details: Container careorbit-api-dev successfully created and is running., DetailsLevel: INFO
2026-03-18T22:08:10.7654526Z Container start method finished after 7492 ms.
2026-03-18T22:08:10.7666721Z State: Starting, Action: InitiatingSiteWarmUpProbe, LastError: , LastErrorTimestamp: 01/01/0001 00:00:00, LastErrorDetails: , Details: Container careorbit-api-dev successfully created and is running., DetailsLevel: INFO
2026-03-18T22:08:10.7671781Z State: Starting, Action: WaitingForSiteWarmUpProbeSuccess, LastError: , LastErrorTimestamp: 01/01/0001 00:00:00, LastErrorDetails: , Details: Pinging warmup path to ensure container is ready to receive requests., DetailsLevel: INFO
2026-03-18T22:09:29.6166547Z Container has finished running with exit code: 1.
2026-03-18T22:09:29.6356114Z Container is terminating. Grace period: 5 seconds.
2026-03-18T22:09:29.6680386Z Stop and delete container. Retry count = 0
2026-03-18T22:09:29.6765293Z Stopping container: 09b54bb7010f_careorbit-api-dev.
2026-03-18T22:09:29.8360055Z Deleting container: 09b54bb7010f_careorbit-api-dev. Retry count = 0
2026-03-18T22:09:30.4856351Z Container spec TerminationMessagePolicy  path 
2026-03-18T22:09:30.5064161Z Container is terminated. Total time elapsed: 857 ms.
2026-03-18T22:09:30.5170359Z Site container: careorbit-api-dev terminated during site startup.
2026-03-18T22:09:30.5345519Z State: Stopping, Action: CancellingStartup, LastError: , LastErrorTimestamp: 01/01/0001 00:00:00, LastErrorDetails: , Details: Site container: careorbit-api-dev terminated during site startup. Cancelling site startup., DetailsLevel: ERR
2026-03-18T22:09:30.8471743Z Site startup probe failed after 79.9583004 seconds.
2026-03-18T22:09:31.3226918Z State: Stopping, Action: CancellingStartup, LastError: ContainerTimeout, LastErrorTimestamp: 03/18/2026 22:09:31, LastErrorDetails: Container did not start within expected time limit of 1800s. Please inspect your container logs for more details., Details: Site container: careorbit-api-dev terminated during site startup. Cancelling site startup., DetailsLevel: ERR
2026-03-18T22:09:31.3686696Z Failed to start site. Revert by stopping site.
2026-03-18T22:09:31.3838564Z State: Stopping, Action: StoppingSite, LastError: ContainerTimeout, LastErrorTimestamp: 03/18/2026 22:09:31, LastErrorDetails: Container did not start within expected time limit of 1800s. Please inspect your container logs for more details., Details: Site container: careorbit-api-dev terminated during site startup. Cancelling site startup., DetailsLevel: ERR
2026-03-18T22:09:31.4005463Z State: Stopping, Action: StoppingSiteContainers, LastError: ContainerTimeout, LastErrorTimestamp: 03/18/2026 22:09:31, LastErrorDetails: Container did not start within expected time limit of 1800s. Please inspect your container logs for more details., Details: Site container: careorbit-api-dev terminated during site startup. Cancelling site startup., DetailsLevel: ERR
2026-03-18T22:09:31.4005810Z Site: careorbit-api-dev stopped.
2026-03-18T22:09:54.9183244Z State: Stopping, Action: StoppingSite, LastError: ContainerTimeout, LastErrorTimestamp: 03/18/2026 21:55:20, LastErrorDetails: Container did not start within expected time limit of 1800s. Please inspect your container logs for more details., Details: Site started at 03/18/2026 21:58:54 (UTC), DetailsLevel: INFO
2026-03-18T22:09:54.9374465Z State: Stopping, Action: StoppingSiteContainers, LastError: ContainerTimeout, LastErrorTimestamp: 03/18/2026 21:55:20, LastErrorDetails: Container did not start within expected time limit of 1800s. Please inspect your container logs for more details., Details: Site started at 03/18/2026 21:58:54 (UTC), DetailsLevel: INFO
2026-03-18T22:09:54.9384165Z Container is terminating. Grace period: 5 seconds.
2026-03-18T22:09:55.1152778Z Stop and delete container. Retry count = 0
2026-03-18T22:09:55.1154081Z Stopping container: b88f7095e7f8_careorbit-api-dev.
2026-03-18T22:10:00.5854113Z Deleting container: b88f7095e7f8_careorbit-api-dev. Retry count = 0
2026-03-18T22:10:06.0147533Z Container spec TerminationMessagePolicy  path 
2026-03-18T22:10:06.0342754Z Container is terminated. Total time elapsed: 11076 ms.
2026-03-18T22:10:06.0624884Z Site: careorbit-api-dev stopped.
2026-03-18T22:09:31.4205265Z State: Stopping, Action: UnmountingVolumes, LastError: ContainerTimeout, LastErrorTimestamp: 03/18/2026 22:09:31, LastErrorDetails: Container did not start within expected time limit of 1800s. Please inspect your container logs for more details., Details: Site container: careorbit-api-dev terminated during site startup. Cancelling site startup., DetailsLevel: ERR
2026-03-18T22:09:32.4221834Z State: Stopping, Action: StoppingSiteNetworks, LastError: ContainerTimeout, LastErrorTimestamp: 03/18/2026 22:09:31, LastErrorDetails: Container did not start within expected time limit of 1800s. Please inspect your container logs for more details., Details: Site container: careorbit-api-dev terminated during site startup. Cancelling site startup., DetailsLevel: ERR
2026-03-18T22:09:33.9210177Z State: Stopped, Action: None, LastError: ContainerTimeout, LastErrorTimestamp: 03/18/2026 22:09:31, LastErrorDetails: Container did not start within expected time limit of 1800s. Please inspect your container logs for more details., Details: Site stopped at 03/18/2026 22:09:33 (UTC), DetailsLevel: ERR
2026-03-18T22:09:34.1111941Z State: Stopped, Action: None, LastError: ContainerTimeout, LastErrorTimestamp: 03/18/2026 22:09:31, LastErrorDetails: Container did not start within expected time limit of 1800s. Please inspect your container logs for more details., Details: Site stopped at 03/18/2026 22:09:33 (UTC), DetailsLevel: ERR
2026-03-18T22:10:12.8738313Z State: Starting, Action: EstablishingSiteNetworks, LastError: ContainerTimeout, LastErrorTimestamp: 03/18/2026 22:09:31, LastErrorDetails: Container did not start within expected time limit of 1800s. Please inspect your container logs for more details., Details: Site stopped at 03/18/2026 22:09:33 (UTC), DetailsLevel: ERR
2026-03-18T22:10:19.6778293Z State: Starting, Action: StartingSiteContainers, LastError: ContainerTimeout, LastErrorTimestamp: 03/18/2026 22:09:31, LastErrorDetails: Container did not start within expected time limit of 1800s. Please inspect your container logs for more details., Details: Site stopped at 03/18/2026 22:09:33 (UTC), DetailsLevel: ERR
2026-03-18T22:10:19.7575093Z Container start method called.
2026-03-18T22:10:19.7579647Z State: Starting, Action: PullingImage, LastError: ContainerTimeout, LastErrorTimestamp: 03/18/2026 22:09:31, LastErrorDetails: Container did not start within expected time limit of 1800s. Please inspect your container logs for more details., Details: Pulling image 10.1.0.4:13209/appsvc/python:3.12_20260203.2.tuxprod for careorbit-api-dev., DetailsLevel: INFO
2026-03-18T22:10:19.7585095Z Establishing network.
2026-03-18T22:10:19.7677616Z Pulling image: appsvc/python:3.12_20260203.2.tuxprod.
2026-03-18T22:10:21.2817063Z Container is starting.
2026-03-18T22:10:21.3028426Z State: Starting, Action: MountingVolumes, LastError: ContainerTimeout, LastErrorTimestamp: 03/18/2026 22:09:31, LastErrorDetails: Container did not start within expected time limit of 1800s. Please inspect your container logs for more details., Details: Mounting volumes for careorbit-api-dev., DetailsLevel: INFO
2026-03-18T22:10:21.3664182Z Establishing user namespace if not established already.
2026-03-18T22:10:21.3830519Z Establishing network if not established already.
2026-03-18T22:10:21.4183177Z Mounting volumes.
2026-03-18T22:10:21.4570382Z Nested mountpoint 
2026-03-18T22:10:21.7747813Z Nested mountpoint volatile/logs
2026-03-18T22:10:21.9046988Z Nested mountpoint 
2026-03-18T22:10:22.0584738Z Nested mountpoint 
2026-03-18T22:10:22.1399161Z Nested mountpoint 
2026-03-18T22:10:25.5911175Z State: Starting, Action: CreatingContainer, LastError: ContainerTimeout, LastErrorTimestamp: 03/18/2026 22:09:31, LastErrorDetails: Container did not start within expected time limit of 1800s. Please inspect your container logs for more details., Details: Finished pulling container image and mounting volumes for careorbit-api-dev. Allocatinng the rest of the container resources to finish container creation., DetailsLevel: INFO
2026-03-18T22:10:25.5913671Z Creating container.
2026-03-18T22:10:25.5914959Z Creating pipes for streaming container io.
2026-03-18T22:10:25.5924386Z Creating stdout named pipe at /podr/container/pipe/3d1c832d9d7c_careorbit-api-dev/stdout_4fb3fcc5fddb41b59c54d909ca5dfe0d.
2026-03-18T22:10:25.6213383Z Successfully created stdout named pipe at: /podr/container/pipe/3d1c832d9d7c_careorbit-api-dev/stdout_4fb3fcc5fddb41b59c54d909ca5dfe0d.
2026-03-18T22:10:25.6215970Z Opening named pipe /podr/container/pipe/3d1c832d9d7c_careorbit-api-dev/stdout_4fb3fcc5fddb41b59c54d909ca5dfe0d for reading in non-blocking mode.
2026-03-18T22:10:25.6217584Z Successfully opened named pipe: /podr/container/pipe/3d1c832d9d7c_careorbit-api-dev/stdout_4fb3fcc5fddb41b59c54d909ca5dfe0d.
2026-03-18T22:10:25.6219290Z Successfully removed non-blocking flag from /podr/container/pipe/3d1c832d9d7c_careorbit-api-dev/stdout_4fb3fcc5fddb41b59c54d909ca5dfe0d.
2026-03-18T22:10:25.6313572Z Creating stderr named pipe at /podr/container/pipe/3d1c832d9d7c_careorbit-api-dev/stderr_cd6a75b204744295a0336a49ffea4188.
2026-03-18T22:10:25.6324407Z Successfully created stderr named pipe at: /podr/container/pipe/3d1c832d9d7c_careorbit-api-dev/stderr_cd6a75b204744295a0336a49ffea4188.
2026-03-18T22:10:25.6405792Z Opening named pipe /podr/container/pipe/3d1c832d9d7c_careorbit-api-dev/stderr_cd6a75b204744295a0336a49ffea4188 for reading in non-blocking mode.
2026-03-18T22:10:25.6415675Z Successfully opened named pipe: /podr/container/pipe/3d1c832d9d7c_careorbit-api-dev/stderr_cd6a75b204744295a0336a49ffea4188.
2026-03-18T22:10:25.6422837Z Successfully removed non-blocking flag from /podr/container/pipe/3d1c832d9d7c_careorbit-api-dev/stderr_cd6a75b204744295a0336a49ffea4188.
2026-03-18T22:10:25.6704493Z Creating container with image: appsvc/python:3.12_20260203.2.tuxprod from registry: 10.1.0.4:13209 and fully qualified image name: 10.1.0.4:13209/appsvc/python:3.12_20260203.2.tuxprod
2026-03-18T22:10:29.6407888Z Starting container: 3d1c832d9d7c_careorbit-api-dev.
2026-03-18T22:10:29.9987319Z Starting watchers and probes.
2026-03-18T22:10:30.0273480Z Starting metrics collection.
2026-03-18T22:10:30.0281759Z Container is running.
2026-03-18T22:10:30.0284266Z State: Starting, Action: CreatingContainer, LastError: ContainerTimeout, LastErrorTimestamp: 03/18/2026 22:09:31, LastErrorDetails: Container did not start within expected time limit of 1800s. Please inspect your container logs for more details., Details: Container careorbit-api-dev successfully created and is running., DetailsLevel: INFO
2026-03-18T22:10:30.3850361Z Container start method finished after 10627 ms.
2026-03-18T22:10:30.3852037Z State: Starting, Action: InitiatingSiteWarmUpProbe, LastError: ContainerTimeout, LastErrorTimestamp: 03/18/2026 22:09:31, LastErrorDetails: Container did not start within expected time limit of 1800s. Please inspect your container logs for more details., Details: Container careorbit-api-dev successfully created and is running., DetailsLevel: INFO
2026-03-18T22:10:30.3852228Z State: Starting, Action: WaitingForSiteWarmUpProbeSuccess, LastError: ContainerTimeout, LastErrorTimestamp: 03/18/2026 22:09:31, LastErrorDetails: Container did not start within expected time limit of 1800s. Please inspect your container logs for more details., Details: Pinging warmup path to ensure container is ready to receive requests., DetailsLevel: INFO
2026-03-18T22:12:31.8749057Z Site startup probe succeeded after 121.1142846 seconds.
2026-03-18T22:12:32.2366548Z State: Starting, Action: WarmUpProbeSucceeded, LastError: ContainerTimeout, LastErrorTimestamp: 03/18/2026 22:09:31, LastErrorDetails: Container did not start within expected time limit of 1800s. Please inspect your container logs for more details., Details: Site startup probe succeeded after 121.1142846 seconds., DetailsLevel: INFO
2026-03-18T22:12:32.4229995Z State: Starting, Action: StartingAuthContainer, LastError: ContainerTimeout, LastErrorTimestamp: 03/18/2026 22:09:31, LastErrorDetails: Container did not start within expected time limit of 1800s. Please inspect your container logs for more details., Details: Site startup probe succeeded after 121.1142846 seconds., DetailsLevel: INFO
2026-03-18T22:12:45.9387022Z Site is running with deployment version: f095dd64-0e81-416e-9ed9-28fb658a2de1
2026-03-18T22:12:45.9397860Z Site started.
2026-03-18T22:12:45.9401275Z State: Started, Action: None, LastError: ContainerTimeout, LastErrorTimestamp: 03/18/2026 22:09:31, LastErrorDetails: Container did not start within expected time limit of 1800s. Please inspect your container logs for more details., Details: Site started at 03/18/2026 22:12:45 (UTC), DetailsLevel: INFO
2026-03-18T22:12:46.1664054Z Site is running with patch version PYTHON 3.12.12
2026-03-18T22:12:47.7390422Z State: Starting, Action: EstablishingSiteNetworks, LastError: , LastErrorTimestamp: 01/01/0001 00:00:00, LastErrorDetails: , Details: , DetailsLevel: INFO
2026-03-18T22:12:51.7378968Z State: Starting, Action: StartingSiteContainers, LastError: , LastErrorTimestamp: 01/01/0001 00:00:00, LastErrorDetails: , Details: , DetailsLevel: INFO
2026-03-18T22:12:51.7380244Z Container start method called.
2026-03-18T22:12:51.7571930Z State: Starting, Action: PullingImage, LastError: , LastErrorTimestamp: 01/01/0001 00:00:00, LastErrorDetails: , Details: Pulling image 10.1.0.4:13209/appsvc/python:3.12_20260203.2.tuxprod for careorbit-api-dev., DetailsLevel: INFO
2026-03-18T22:12:51.7577442Z Establishing network.
2026-03-18T22:12:51.7582226Z Pulling image: appsvc/python:3.12_20260203.2.tuxprod.
2026-03-18T22:12:52.2101814Z Container is starting.
2026-03-18T22:12:52.2102493Z State: Starting, Action: MountingVolumes, LastError: , LastErrorTimestamp: 01/01/0001 00:00:00, LastErrorDetails: , Details: Mounting volumes for careorbit-api-dev., DetailsLevel: INFO
2026-03-18T22:12:52.2103207Z Establishing user namespace if not established already.
2026-03-18T22:12:52.2103980Z Establishing network if not established already.
2026-03-18T22:12:52.2104920Z Mounting volumes.
2026-03-18T22:12:52.2106002Z Nested mountpoint 
2026-03-18T22:12:52.3759258Z Nested mountpoint volatile/logs
2026-03-18T22:12:52.4068272Z Nested mountpoint 
2026-03-18T22:12:52.4160532Z Nested mountpoint 
2026-03-18T22:12:52.4362242Z Nested mountpoint 
2026-03-18T22:12:53.6159462Z State: Starting, Action: CreatingContainer, LastError: , LastErrorTimestamp: 01/01/0001 00:00:00, LastErrorDetails: , Details: Finished pulling container image and mounting volumes for careorbit-api-dev. Allocatinng the rest of the container resources to finish container creation., DetailsLevel: INFO
2026-03-18T22:12:53.6168121Z Creating container.
2026-03-18T22:12:53.6173413Z Creating pipes for streaming container io.
2026-03-18T22:12:53.6253649Z Creating stdout named pipe at /podr/container/pipe/c36059d15144_careorbit-api-dev/stdout_69eecd63ce5b48a8a2657cd00a93a0a8.
2026-03-18T22:12:53.6771470Z Successfully created stdout named pipe at: /podr/container/pipe/c36059d15144_careorbit-api-dev/stdout_69eecd63ce5b48a8a2657cd00a93a0a8.
2026-03-18T22:12:53.6849824Z Opening named pipe /podr/container/pipe/c36059d15144_careorbit-api-dev/stdout_69eecd63ce5b48a8a2657cd00a93a0a8 for reading in non-blocking mode.
2026-03-18T22:12:53.6856672Z Successfully opened named pipe: /podr/container/pipe/c36059d15144_careorbit-api-dev/stdout_69eecd63ce5b48a8a2657cd00a93a0a8.
2026-03-18T22:12:53.6861552Z Successfully removed non-blocking flag from /podr/container/pipe/c36059d15144_careorbit-api-dev/stdout_69eecd63ce5b48a8a2657cd00a93a0a8.
2026-03-18T22:12:53.6876199Z Creating stderr named pipe at /podr/container/pipe/c36059d15144_careorbit-api-dev/stderr_529e11418e514a6d970269dc0ed54b8b.
2026-03-18T22:12:53.6878103Z Successfully created stderr named pipe at: /podr/container/pipe/c36059d15144_careorbit-api-dev/stderr_529e11418e514a6d970269dc0ed54b8b.
2026-03-18T22:12:53.7065621Z Opening named pipe /podr/container/pipe/c36059d15144_careorbit-api-dev/stderr_529e11418e514a6d970269dc0ed54b8b for reading in non-blocking mode.
2026-03-18T22:12:53.7075426Z Successfully opened named pipe: /podr/container/pipe/c36059d15144_careorbit-api-dev/stderr_529e11418e514a6d970269dc0ed54b8b.
2026-03-18T22:12:53.7076710Z Successfully removed non-blocking flag from /podr/container/pipe/c36059d15144_careorbit-api-dev/stderr_529e11418e514a6d970269dc0ed54b8b.
2026-03-18T22:12:53.7077934Z Creating container with image: appsvc/python:3.12_20260203.2.tuxprod from registry: 10.1.0.4:13209 and fully qualified image name: 10.1.0.4:13209/appsvc/python:3.12_20260203.2.tuxprod
2026-03-18T22:12:54.5055841Z Starting container: c36059d15144_careorbit-api-dev.
2026-03-18T22:12:54.6567935Z Starting watchers and probes.
2026-03-18T22:12:54.6666792Z Starting metrics collection.
2026-03-18T22:12:54.6735452Z Container is running.
2026-03-18T22:12:54.6736860Z State: Starting, Action: CreatingContainer, LastError: , LastErrorTimestamp: 01/01/0001 00:00:00, LastErrorDetails: , Details: Container careorbit-api-dev successfully created and is running., DetailsLevel: INFO
2026-03-18T22:12:54.7280449Z Container start method finished after 2989 ms.
2026-03-18T22:12:54.7284951Z State: Starting, Action: InitiatingSiteWarmUpProbe, LastError: , LastErrorTimestamp: 01/01/0001 00:00:00, LastErrorDetails: , Details: Container careorbit-api-dev successfully created and is running., DetailsLevel: INFO
2026-03-18T22:12:54.7285455Z State: Starting, Action: WaitingForSiteWarmUpProbeSuccess, LastError: , LastErrorTimestamp: 01/01/0001 00:00:00, LastErrorDetails: , Details: Pinging warmup path to ensure container is ready to receive requests., DetailsLevel: INFO
2026-03-18T22:15:15.1774227Z Site startup probe succeeded after 140.4083705 seconds.
2026-03-18T22:15:16.2607945Z State: Starting, Action: WarmUpProbeSucceeded, LastError: , LastErrorTimestamp: 01/01/0001 00:00:00, LastErrorDetails: , Details: Site startup probe succeeded after 140.4083705 seconds., DetailsLevel: INFO
2026-03-18T22:15:16.3685611Z State: Starting, Action: StartingAuthContainer, LastError: , LastErrorTimestamp: 01/01/0001 00:00:00, LastErrorDetails: , Details: Site startup probe succeeded after 140.4083705 seconds., DetailsLevel: INFO
2026-03-18T22:15:33.5450277Z Site is running with deployment version: f095dd64-0e81-416e-9ed9-28fb658a2de1
2026-03-18T22:15:33.5609655Z Site started.
2026-03-18T22:15:33.5610798Z State: Started, Action: None, LastError: , LastErrorTimestamp: 01/01/0001 00:00:00, LastErrorDetails: , Details: Site started at 03/18/2026 22:15:33 (UTC), DetailsLevel: INFO
2026-03-18T22:15:33.5834518Z Site is running with patch version PYTHON 3.12.12
2026-03-18T22:15:53.8143687Z State: Stopping, Action: StoppingSite, LastError: ContainerTimeout, LastErrorTimestamp: 03/18/2026 22:09:31, LastErrorDetails: Container did not start within expected time limit of 1800s. Please inspect your container logs for more details., Details: Site started at 03/18/2026 22:12:45 (UTC), DetailsLevel: INFO
2026-03-18T22:15:53.8328992Z State: Stopping, Action: StoppingSiteContainers, LastError: ContainerTimeout, LastErrorTimestamp: 03/18/2026 22:09:31, LastErrorDetails: Container did not start within expected time limit of 1800s. Please inspect your container logs for more details., Details: Site started at 03/18/2026 22:12:45 (UTC), DetailsLevel: INFO
2026-03-18T22:15:53.8347539Z Container is terminating. Grace period: 5 seconds.
2026-03-18T22:15:53.9855673Z Stop and delete container. Retry count = 0
2026-03-18T22:15:53.9861405Z Stopping container: 3d1c832d9d7c_careorbit-api-dev.
2026-03-18T22:16:00.2782857Z Deleting container: 3d1c832d9d7c_careorbit-api-dev. Retry count = 0
2026-03-18T22:16:04.7254508Z Container spec TerminationMessagePolicy  path 
2026-03-18T22:16:04.7570758Z Container is terminated. Total time elapsed: 10891 ms.
2026-03-18T22:16:04.7876243Z Site: careorbit-api-dev stopped.
2026-03-18T22:22:43.9304146Z State: Starting, Action: EstablishingSiteNetworks, LastError: , LastErrorTimestamp: 01/01/0001 00:00:00, LastErrorDetails: , Details: , DetailsLevel: INFO
2026-03-18T22:22:51.1069134Z State: Starting, Action: StartingSiteContainers, LastError: , LastErrorTimestamp: 01/01/0001 00:00:00, LastErrorDetails: , Details: , DetailsLevel: INFO
2026-03-18T22:22:51.1130604Z Container start method called.
2026-03-18T22:22:51.1138456Z State: Starting, Action: PullingImage, LastError: , LastErrorTimestamp: 01/01/0001 00:00:00, LastErrorDetails: , Details: Pulling image 10.1.0.4:13209/appsvc/python:3.12_20260203.2.tuxprod for careorbit-api-dev., DetailsLevel: INFO
2026-03-18T22:22:51.1155499Z Establishing network.
2026-03-18T22:22:51.1220244Z Pulling image: appsvc/python:3.12_20260203.2.tuxprod.
2026-03-18T22:22:52.2953516Z Container is starting.
2026-03-18T22:22:52.2958984Z State: Starting, Action: MountingVolumes, LastError: , LastErrorTimestamp: 01/01/0001 00:00:00, LastErrorDetails: , Details: Mounting volumes for careorbit-api-dev., DetailsLevel: INFO
2026-03-18T22:22:52.2962254Z Establishing user namespace if not established already.
2026-03-18T22:22:52.2967582Z Establishing network if not established already.
2026-03-18T22:22:52.3153020Z Mounting volumes.
2026-03-18T22:22:52.3337193Z Nested mountpoint 
2026-03-18T22:22:52.3536749Z Nested mountpoint volatile/logs
2026-03-18T22:22:52.3758183Z Nested mountpoint 
2026-03-18T22:22:52.4157796Z Nested mountpoint 
2026-03-18T22:22:52.4744046Z Nested mountpoint 
2026-03-18T22:22:54.0768022Z State: Starting, Action: CreatingContainer, LastError: , LastErrorTimestamp: 01/01/0001 00:00:00, LastErrorDetails: , Details: Finished pulling container image and mounting volumes for careorbit-api-dev. Allocatinng the rest of the container resources to finish container creation., DetailsLevel: INFO
2026-03-18T22:22:54.0851109Z Creating container.
2026-03-18T22:22:54.0860501Z Creating pipes for streaming container io.
2026-03-18T22:22:54.0871959Z Creating stdout named pipe at /podr/container/pipe/b85573ac7401_careorbit-api-dev/stdout_6a0d4584b7a54d8cb8466af3d34ff9e9.
2026-03-18T22:22:54.1150909Z Successfully created stdout named pipe at: /podr/container/pipe/b85573ac7401_careorbit-api-dev/stdout_6a0d4584b7a54d8cb8466af3d34ff9e9.
2026-03-18T22:22:54.1152478Z Opening named pipe /podr/container/pipe/b85573ac7401_careorbit-api-dev/stdout_6a0d4584b7a54d8cb8466af3d34ff9e9 for reading in non-blocking mode.
2026-03-18T22:22:54.1153879Z Successfully opened named pipe: /podr/container/pipe/b85573ac7401_careorbit-api-dev/stdout_6a0d4584b7a54d8cb8466af3d34ff9e9.
2026-03-18T22:22:54.1155949Z Successfully removed non-blocking flag from /podr/container/pipe/b85573ac7401_careorbit-api-dev/stdout_6a0d4584b7a54d8cb8466af3d34ff9e9.
2026-03-18T22:22:54.1161393Z Creating stderr named pipe at /podr/container/pipe/b85573ac7401_careorbit-api-dev/stderr_87af3e2298054ac7bdb0bebfc9646d4a.
2026-03-18T22:22:54.1166142Z Successfully created stderr named pipe at: /podr/container/pipe/b85573ac7401_careorbit-api-dev/stderr_87af3e2298054ac7bdb0bebfc9646d4a.
2026-03-18T22:22:54.1167484Z Opening named pipe /podr/container/pipe/b85573ac7401_careorbit-api-dev/stderr_87af3e2298054ac7bdb0bebfc9646d4a for reading in non-blocking mode.
2026-03-18T22:22:54.1173605Z Successfully opened named pipe: /podr/container/pipe/b85573ac7401_careorbit-api-dev/stderr_87af3e2298054ac7bdb0bebfc9646d4a.
2026-03-18T22:22:54.1447050Z Successfully removed non-blocking flag from /podr/container/pipe/b85573ac7401_careorbit-api-dev/stderr_87af3e2298054ac7bdb0bebfc9646d4a.
2026-03-18T22:22:54.1456797Z Creating container with image: appsvc/python:3.12_20260203.2.tuxprod from registry: 10.1.0.4:13209 and fully qualified image name: 10.1.0.4:13209/appsvc/python:3.12_20260203.2.tuxprod
2026-03-18T22:22:55.3339515Z Starting container: b85573ac7401_careorbit-api-dev.
2026-03-18T22:22:55.4750183Z Starting watchers and probes.
2026-03-18T22:22:55.4931513Z Starting metrics collection.
2026-03-18T22:22:55.4936303Z Container is running.
2026-03-18T22:22:55.4937235Z State: Starting, Action: CreatingContainer, LastError: , LastErrorTimestamp: 01/01/0001 00:00:00, LastErrorDetails: , Details: Container careorbit-api-dev successfully created and is running., DetailsLevel: INFO
2026-03-18T22:22:55.7933958Z Container start method finished after 4679 ms.
2026-03-18T22:22:55.7935822Z State: Starting, Action: InitiatingSiteWarmUpProbe, LastError: , LastErrorTimestamp: 01/01/0001 00:00:00, LastErrorDetails: , Details: Container careorbit-api-dev successfully created and is running., DetailsLevel: INFO
2026-03-18T22:22:55.7936014Z State: Starting, Action: WaitingForSiteWarmUpProbeSuccess, LastError: , LastErrorTimestamp: 01/01/0001 00:00:00, LastErrorDetails: , Details: Pinging warmup path to ensure container is ready to receive requests., DetailsLevel: INFO
2026-03-18T22:23:39.0932184Z Container has finished running with exit code: 1.
2026-03-18T22:23:39.0933346Z Container is terminating. Grace period: 5 seconds.
2026-03-18T22:23:39.0936304Z Stop and delete container. Retry count = 0
2026-03-18T22:23:39.0937008Z Stopping container: b85573ac7401_careorbit-api-dev.
2026-03-18T22:23:39.2443948Z Deleting container: b85573ac7401_careorbit-api-dev. Retry count = 0
2026-03-18T22:23:39.9370573Z Container spec TerminationMessagePolicy  path 
2026-03-18T22:23:40.0265999Z Container is terminated. Total time elapsed: 914 ms.
2026-03-18T22:23:40.0276247Z Site container: careorbit-api-dev terminated during site startup.
2026-03-18T22:23:40.0777874Z State: Stopping, Action: CancellingStartup, LastError: , LastErrorTimestamp: 01/01/0001 00:00:00, LastErrorDetails: , Details: Site container: careorbit-api-dev terminated during site startup. Cancelling site startup., DetailsLevel: ERR
2026-03-18T22:23:40.5885223Z Site startup probe failed after 44.7110281 seconds.
2026-03-18T22:23:41.1030763Z State: Stopping, Action: CancellingStartup, LastError: ContainerTimeout, LastErrorTimestamp: 03/18/2026 22:23:41, LastErrorDetails: Container did not start within expected time limit of 1800s. Please inspect your container logs for more details., Details: Site container: careorbit-api-dev terminated during site startup. Cancelling site startup., DetailsLevel: ERR
2026-03-18T22:23:41.1719205Z Failed to start site. Revert by stopping site.
2026-03-18T22:23:41.1910110Z State: Stopping, Action: StoppingSite, LastError: ContainerTimeout, LastErrorTimestamp: 03/18/2026 22:23:41, LastErrorDetails: Container did not start within expected time limit of 1800s. Please inspect your container logs for more details., Details: Site container: careorbit-api-dev terminated during site startup. Cancelling site startup., DetailsLevel: ERR
2026-03-18T22:23:41.2109112Z State: Stopping, Action: StoppingSiteContainers, LastError: ContainerTimeout, LastErrorTimestamp: 03/18/2026 22:23:41, LastErrorDetails: Container did not start within expected time limit of 1800s. Please inspect your container logs for more details., Details: Site container: careorbit-api-dev terminated during site startup. Cancelling site startup., DetailsLevel: ERR
2026-03-18T22:23:41.2211948Z Site: careorbit-api-dev stopped.
2026-03-18T22:24:04.1638321Z State: Stopping, Action: StoppingSite, LastError: ContainerTimeout, LastErrorTimestamp: 03/18/2026 22:09:31, LastErrorDetails: Container did not start within expected time limit of 1800s. Please inspect your container logs for more details., Details: Site started at 03/18/2026 22:15:33 (UTC), DetailsLevel: INFO
2026-03-18T22:24:04.1698358Z State: Stopping, Action: StoppingSiteContainers, LastError: ContainerTimeout, LastErrorTimestamp: 03/18/2026 22:09:31, LastErrorDetails: Container did not start within expected time limit of 1800s. Please inspect your container logs for more details., Details: Site started at 03/18/2026 22:15:33 (UTC), DetailsLevel: INFO
2026-03-18T22:24:04.1774900Z Container is terminating. Grace period: 5 seconds.
2026-03-18T22:24:04.2252790Z Stop and delete container. Retry count = 0
2026-03-18T22:24:04.2342922Z Stopping container: c36059d15144_careorbit-api-dev.
2026-03-18T22:24:09.3457215Z Deleting container: c36059d15144_careorbit-api-dev. Retry count = 0
2026-03-18T22:24:10.5576361Z Container spec TerminationMessagePolicy  path 
2026-03-18T22:24:10.5661503Z Container is terminated. Total time elapsed: 6380 ms.
2026-03-18T22:24:10.5753878Z Site: careorbit-api-dev stopped.
2026-03-18T22:23:41.2496375Z State: Stopping, Action: UnmountingVolumes, LastError: ContainerTimeout, LastErrorTimestamp: 03/18/2026 22:23:41, LastErrorDetails: Container did not start within expected time limit of 1800s. Please inspect your container logs for more details., Details: Site container: careorbit-api-dev terminated during site startup. Cancelling site startup., DetailsLevel: ERR
2026-03-18T22:23:42.2386273Z State: Stopping, Action: StoppingSiteNetworks, LastError: ContainerTimeout, LastErrorTimestamp: 03/18/2026 22:23:41, LastErrorDetails: Container did not start within expected time limit of 1800s. Please inspect your container logs for more details., Details: Site container: careorbit-api-dev terminated during site startup. Cancelling site startup., DetailsLevel: ERR
2026-03-18T22:23:43.7587997Z State: Stopped, Action: None, LastError: ContainerTimeout, LastErrorTimestamp: 03/18/2026 22:23:41, LastErrorDetails: Container did not start within expected time limit of 1800s. Please inspect your container logs for more details., Details: Site stopped at 03/18/2026 22:23:43 (UTC), DetailsLevel: ERR
2026-03-18T22:23:43.8200606Z State: Stopped, Action: None, LastError: ContainerTimeout, LastErrorTimestamp: 03/18/2026 22:23:41, LastErrorDetails: Container did not start within expected time limit of 1800s. Please inspect your container logs for more details., Details: Site stopped at 03/18/2026 22:23:43 (UTC), DetailsLevel: ERR
2026-03-18T22:28:06.4286079Z State: Starting, Action: EstablishingSiteNetworks, LastError: ContainerTimeout, LastErrorTimestamp: 03/18/2026 22:23:41, LastErrorDetails: Container did not start within expected time limit of 1800s. Please inspect your container logs for more details., Details: Site stopped at 03/18/2026 22:23:43 (UTC), DetailsLevel: ERR
2026-03-18T22:28:09.9582893Z State: Starting, Action: StartingSiteContainers, LastError: ContainerTimeout, LastErrorTimestamp: 03/18/2026 22:23:41, LastErrorDetails: Container did not start within expected time limit of 1800s. Please inspect your container logs for more details., Details: Site stopped at 03/18/2026 22:23:43 (UTC), DetailsLevel: ERR
2026-03-18T22:28:09.9584737Z Container start method called.
2026-03-18T22:28:09.9585161Z State: Starting, Action: PullingImage, LastError: ContainerTimeout, LastErrorTimestamp: 03/18/2026 22:23:41, LastErrorDetails: Container did not start within expected time limit of 1800s. Please inspect your container logs for more details., Details: Pulling image 10.1.0.4:13209/appsvc/python:3.12_20260203.2.tuxprod for careorbit-api-dev., DetailsLevel: INFO
2026-03-18T22:28:09.9586037Z Establishing network.
2026-03-18T22:28:09.9586928Z Pulling image: appsvc/python:3.12_20260203.2.tuxprod.
2026-03-18T22:28:10.4091704Z Container is starting.
2026-03-18T22:28:10.4092589Z State: Starting, Action: MountingVolumes, LastError: ContainerTimeout, LastErrorTimestamp: 03/18/2026 22:23:41, LastErrorDetails: Container did not start within expected time limit of 1800s. Please inspect your container logs for more details., Details: Mounting volumes for careorbit-api-dev., DetailsLevel: INFO
2026-03-18T22:28:10.4093412Z Establishing user namespace if not established already.
2026-03-18T22:28:10.4094951Z Establishing network if not established already.
2026-03-18T22:28:10.4095942Z Mounting volumes.
2026-03-18T22:28:10.4097121Z Nested mountpoint 
2026-03-18T22:28:10.4680640Z Nested mountpoint volatile/logs
2026-03-18T22:28:10.5312065Z Nested mountpoint 
2026-03-18T22:28:10.5704741Z Nested mountpoint 
2026-03-18T22:28:10.5905654Z Nested mountpoint 
2026-03-18T22:28:11.5281695Z State: Starting, Action: CreatingContainer, LastError: ContainerTimeout, LastErrorTimestamp: 03/18/2026 22:23:41, LastErrorDetails: Container did not start within expected time limit of 1800s. Please inspect your container logs for more details., Details: Finished pulling container image and mounting volumes for careorbit-api-dev. Allocatinng the rest of the container resources to finish container creation., DetailsLevel: INFO
2026-03-18T22:28:11.5284058Z Creating container.
2026-03-18T22:28:11.5285277Z Creating pipes for streaming container io.
2026-03-18T22:28:11.5286336Z Creating stdout named pipe at /podr/container/pipe/2f75ead945a4_careorbit-api-dev/stdout_f9cf03f0908d4a42afbb05342441359c.
2026-03-18T22:28:11.5370706Z Successfully created stdout named pipe at: /podr/container/pipe/2f75ead945a4_careorbit-api-dev/stdout_f9cf03f0908d4a42afbb05342441359c.
2026-03-18T22:28:11.5373201Z Opening named pipe /podr/container/pipe/2f75ead945a4_careorbit-api-dev/stdout_f9cf03f0908d4a42afbb05342441359c for reading in non-blocking mode.
2026-03-18T22:28:11.5382586Z Successfully opened named pipe: /podr/container/pipe/2f75ead945a4_careorbit-api-dev/stdout_f9cf03f0908d4a42afbb05342441359c.
2026-03-18T22:28:11.5384502Z Successfully removed non-blocking flag from /podr/container/pipe/2f75ead945a4_careorbit-api-dev/stdout_f9cf03f0908d4a42afbb05342441359c.
2026-03-18T22:28:11.5386904Z Creating stderr named pipe at /podr/container/pipe/2f75ead945a4_careorbit-api-dev/stderr_57b725cf2e224892b54aa96d40d30ce1.
2026-03-18T22:28:11.5388611Z Successfully created stderr named pipe at: /podr/container/pipe/2f75ead945a4_careorbit-api-dev/stderr_57b725cf2e224892b54aa96d40d30ce1.
2026-03-18T22:28:11.5389810Z Opening named pipe /podr/container/pipe/2f75ead945a4_careorbit-api-dev/stderr_57b725cf2e224892b54aa96d40d30ce1 for reading in non-blocking mode.
2026-03-18T22:28:11.5390964Z Successfully opened named pipe: /podr/container/pipe/2f75ead945a4_careorbit-api-dev/stderr_57b725cf2e224892b54aa96d40d30ce1.
2026-03-18T22:28:11.5555864Z Successfully removed non-blocking flag from /podr/container/pipe/2f75ead945a4_careorbit-api-dev/stderr_57b725cf2e224892b54aa96d40d30ce1.
2026-03-18T22:28:11.5574160Z Creating container with image: appsvc/python:3.12_20260203.2.tuxprod from registry: 10.1.0.4:13209 and fully qualified image name: 10.1.0.4:13209/appsvc/python:3.12_20260203.2.tuxprod
2026-03-18T22:28:12.4973832Z Starting container: 2f75ead945a4_careorbit-api-dev.
2026-03-18T22:28:12.5936402Z Starting watchers and probes.
2026-03-18T22:28:12.6335451Z Starting metrics collection.
2026-03-18T22:28:12.6339177Z Container is running.
2026-03-18T22:28:12.6340390Z State: Starting, Action: CreatingContainer, LastError: ContainerTimeout, LastErrorTimestamp: 03/18/2026 22:23:41, LastErrorDetails: Container did not start within expected time limit of 1800s. Please inspect your container logs for more details., Details: Container careorbit-api-dev successfully created and is running., DetailsLevel: INFO
2026-03-18T22:28:12.8636912Z Container start method finished after 2827 ms.
2026-03-18T22:28:12.8639486Z State: Starting, Action: InitiatingSiteWarmUpProbe, LastError: ContainerTimeout, LastErrorTimestamp: 03/18/2026 22:23:41, LastErrorDetails: Container did not start within expected time limit of 1800s. Please inspect your container logs for more details., Details: Container careorbit-api-dev successfully created and is running., DetailsLevel: INFO
2026-03-18T22:28:12.8639699Z State: Starting, Action: WaitingForSiteWarmUpProbeSuccess, LastError: ContainerTimeout, LastErrorTimestamp: 03/18/2026 22:23:41, LastErrorDetails: Container did not start within expected time limit of 1800s. Please inspect your container logs for more details., Details: Pinging warmup path to ensure container is ready to receive requests., DetailsLevel: INFO
2026-03-18T22:28:48.0887776Z Container has finished running with exit code: 1.
2026-03-18T22:28:48.0973297Z Container is terminating. Grace period: 5 seconds.
2026-03-18T22:28:48.0984876Z Stop and delete container. Retry count = 0
2026-03-18T22:28:48.0986004Z Stopping container: 2f75ead945a4_careorbit-api-dev.
2026-03-18T22:28:48.1673963Z Deleting container: 2f75ead945a4_careorbit-api-dev. Retry count = 0
2026-03-18T22:28:48.4581379Z Container spec TerminationMessagePolicy  path 
2026-03-18T22:28:48.4583308Z Container is terminated. Total time elapsed: 360 ms.
2026-03-18T22:28:48.4584544Z Site container: careorbit-api-dev terminated during site startup.
2026-03-18T22:28:48.4587659Z State: Stopping, Action: CancellingStartup, LastError: ContainerTimeout, LastErrorTimestamp: 03/18/2026 22:23:41, LastErrorDetails: Container did not start within expected time limit of 1800s. Please inspect your container logs for more details., Details: Site container: careorbit-api-dev terminated during site startup. Cancelling site startup., DetailsLevel: ERR
2026-03-18T22:28:48.6220193Z Site startup probe failed after 35.7575335 seconds.
2026-03-18T22:28:48.9610105Z State: Stopping, Action: CancellingStartup, LastError: ContainerTimeout, LastErrorTimestamp: 03/18/2026 22:28:48, LastErrorDetails: Container did not start within expected time limit of 1800s. Please inspect your container logs for more details., Details: Site container: careorbit-api-dev terminated during site startup. Cancelling site startup., DetailsLevel: ERR
2026-03-18T22:28:48.9632581Z Failed to start site. Revert by stopping site.
2026-03-18T22:28:48.9639587Z State: Stopping, Action: StoppingSite, LastError: ContainerTimeout, LastErrorTimestamp: 03/18/2026 22:28:48, LastErrorDetails: Container did not start within expected time limit of 1800s. Please inspect your container logs for more details., Details: Site container: careorbit-api-dev terminated during site startup. Cancelling site startup., DetailsLevel: ERR
2026-03-18T22:28:48.9717097Z State: Stopping, Action: StoppingSiteContainers, LastError: ContainerTimeout, LastErrorTimestamp: 03/18/2026 22:28:48, LastErrorDetails: Container did not start within expected time limit of 1800s. Please inspect your container logs for more details., Details: Site container: careorbit-api-dev terminated during site startup. Cancelling site startup., DetailsLevel: ERR
2026-03-18T22:28:48.9717280Z Site: careorbit-api-dev stopped.
2026-03-18T22:28:48.9824251Z State: Stopping, Action: UnmountingVolumes, LastError: ContainerTimeout, LastErrorTimestamp: 03/18/2026 22:28:48, LastErrorDetails: Container did not start within expected time limit of 1800s. Please inspect your container logs for more details., Details: Site container: careorbit-api-dev terminated during site startup. Cancelling site startup., DetailsLevel: ERR
2026-03-18T22:28:49.8124880Z State: Stopping, Action: StoppingSiteNetworks, LastError: ContainerTimeout, LastErrorTimestamp: 03/18/2026 22:28:48, LastErrorDetails: Container did not start within expected time limit of 1800s. Please inspect your container logs for more details., Details: Site container: careorbit-api-dev terminated during site startup. Cancelling site startup., DetailsLevel: ERR
2026-03-18T22:28:50.3130169Z Site: careorbit-api-dev will be blocked for 1 minutes till 03/18/2026 22:29:50
2026-03-18T22:28:50.3132651Z State: Blocked, Action: StoppingSiteNetworks, LastError: ContainerTimeout, LastErrorTimestamp: 03/18/2026 22:28:48, LastErrorDetails: Container did not start within expected time limit of 1800s. Please inspect your container logs for more details., Details: Site: careorbit-api-dev will be blocked for 1 minutes till 03/18/2026 22:29:50, DetailsLevel: WARN
2026-03-18T22:28:50.3136288Z State: Stopped, Action: None, LastError: ContainerTimeout, LastErrorTimestamp: 03/18/2026 22:28:48, LastErrorDetails: Container did not start within expected time limit of 1800s. Please inspect your container logs for more details., Details: Site stopped at 03/18/2026 22:28:50 (UTC), DetailsLevel: WARN
2026-03-18T22:28:50.6851509Z State: Stopped, Action: None, LastError: ContainerTimeout, LastErrorTimestamp: 03/18/2026 22:28:48, LastErrorDetails: Container did not start within expected time limit of 1800s. Please inspect your container logs for more details., Details: Site stopped at 03/18/2026 22:28:50 (UTC), DetailsLevel: WARN
2026-03-18T22:29:50.3137683Z Site: careorbit-api-dev is unblocked.
2026-03-18T22:33:06.7608421Z State: Starting, Action: EstablishingSiteNetworks, LastError: ContainerTimeout, LastErrorTimestamp: 03/18/2026 22:28:48, LastErrorDetails: Container did not start within expected time limit of 1800s. Please inspect your container logs for more details., Details: Site stopped at 03/18/2026 22:28:50 (UTC), DetailsLevel: WARN
2026-03-18T22:33:10.1111293Z State: Starting, Action: StartingSiteContainers, LastError: ContainerTimeout, LastErrorTimestamp: 03/18/2026 22:28:48, LastErrorDetails: Container did not start within expected time limit of 1800s. Please inspect your container logs for more details., Details: Site stopped at 03/18/2026 22:28:50 (UTC), DetailsLevel: WARN
2026-03-18T22:33:10.1112325Z Container start method called.
2026-03-18T22:33:10.1112688Z State: Starting, Action: PullingImage, LastError: ContainerTimeout, LastErrorTimestamp: 03/18/2026 22:28:48, LastErrorDetails: Container did not start within expected time limit of 1800s. Please inspect your container logs for more details., Details: Pulling image 10.1.0.4:13209/appsvc/python:3.12_20260203.2.tuxprod for careorbit-api-dev., DetailsLevel: INFO
2026-03-18T22:33:10.1113388Z Establishing network.
2026-03-18T22:33:10.1114155Z Pulling image: appsvc/python:3.12_20260203.2.tuxprod.
2026-03-18T22:33:10.6020273Z Container is starting.
2026-03-18T22:33:10.6021401Z State: Starting, Action: MountingVolumes, LastError: ContainerTimeout, LastErrorTimestamp: 03/18/2026 22:28:48, LastErrorDetails: Container did not start within expected time limit of 1800s. Please inspect your container logs for more details., Details: Mounting volumes for careorbit-api-dev., DetailsLevel: INFO
2026-03-18T22:33:10.6022499Z Establishing user namespace if not established already.
2026-03-18T22:33:10.6032130Z Establishing network if not established already.
2026-03-18T22:33:10.6033795Z Mounting volumes.
2026-03-18T22:33:10.6035440Z Nested mountpoint 
2026-03-18T22:33:10.6223809Z Nested mountpoint volatile/logs
2026-03-18T22:33:10.7027435Z Nested mountpoint 
2026-03-18T22:33:10.7050678Z Nested mountpoint 
2026-03-18T22:33:10.7131030Z Nested mountpoint 
2026-03-18T22:33:11.1238566Z State: Starting, Action: CreatingContainer, LastError: ContainerTimeout, LastErrorTimestamp: 03/18/2026 22:28:48, LastErrorDetails: Container did not start within expected time limit of 1800s. Please inspect your container logs for more details., Details: Finished pulling container image and mounting volumes for careorbit-api-dev. Allocatinng the rest of the container resources to finish container creation., DetailsLevel: INFO
2026-03-18T22:33:11.1240665Z Creating container.
2026-03-18T22:33:11.1815706Z Creating pipes for streaming container io.
2026-03-18T22:33:11.1819811Z Creating stdout named pipe at /podr/container/pipe/5916c7178e85_careorbit-api-dev/stdout_aab2d9063d134330809744ddb9a9532b.
2026-03-18T22:33:11.1931804Z Successfully created stdout named pipe at: /podr/container/pipe/5916c7178e85_careorbit-api-dev/stdout_aab2d9063d134330809744ddb9a9532b.
2026-03-18T22:33:11.1936084Z Opening named pipe /podr/container/pipe/5916c7178e85_careorbit-api-dev/stdout_aab2d9063d134330809744ddb9a9532b for reading in non-blocking mode.
2026-03-18T22:33:11.1941000Z Successfully opened named pipe: /podr/container/pipe/5916c7178e85_careorbit-api-dev/stdout_aab2d9063d134330809744ddb9a9532b.
2026-03-18T22:33:11.1944606Z Successfully removed non-blocking flag from /podr/container/pipe/5916c7178e85_careorbit-api-dev/stdout_aab2d9063d134330809744ddb9a9532b.
2026-03-18T22:33:11.2232459Z Creating stderr named pipe at /podr/container/pipe/5916c7178e85_careorbit-api-dev/stderr_e32b594456a24921bc5a5c597e0cb09a.
2026-03-18T22:33:11.2729066Z Successfully created stderr named pipe at: /podr/container/pipe/5916c7178e85_careorbit-api-dev/stderr_e32b594456a24921bc5a5c597e0cb09a.
2026-03-18T22:33:11.3041877Z Opening named pipe /podr/container/pipe/5916c7178e85_careorbit-api-dev/stderr_e32b594456a24921bc5a5c597e0cb09a for reading in non-blocking mode.
2026-03-18T22:33:11.3044268Z Successfully opened named pipe: /podr/container/pipe/5916c7178e85_careorbit-api-dev/stderr_e32b594456a24921bc5a5c597e0cb09a.
2026-03-18T22:33:11.3046524Z Successfully removed non-blocking flag from /podr/container/pipe/5916c7178e85_careorbit-api-dev/stderr_e32b594456a24921bc5a5c597e0cb09a.
2026-03-18T22:33:11.3330476Z Creating container with image: appsvc/python:3.12_20260203.2.tuxprod from registry: 10.1.0.4:13209 and fully qualified image name: 10.1.0.4:13209/appsvc/python:3.12_20260203.2.tuxprod
2026-03-18T22:33:12.2895345Z Starting container: 5916c7178e85_careorbit-api-dev.
2026-03-18T22:33:12.3805618Z Starting watchers and probes.
2026-03-18T22:33:12.3888938Z Starting metrics collection.
2026-03-18T22:33:12.3890816Z Container is running.
2026-03-18T22:33:12.3891950Z State: Starting, Action: CreatingContainer, LastError: ContainerTimeout, LastErrorTimestamp: 03/18/2026 22:28:48, LastErrorDetails: Container did not start within expected time limit of 1800s. Please inspect your container logs for more details., Details: Container careorbit-api-dev successfully created and is running., DetailsLevel: INFO
2026-03-18T22:33:12.9625366Z Container start method finished after 2850 ms.
2026-03-18T22:33:12.9808231Z State: Starting, Action: InitiatingSiteWarmUpProbe, LastError: ContainerTimeout, LastErrorTimestamp: 03/18/2026 22:28:48, LastErrorDetails: Container did not start within expected time limit of 1800s. Please inspect your container logs for more details., Details: Container careorbit-api-dev successfully created and is running., DetailsLevel: INFO
2026-03-18T22:33:12.9812467Z State: Starting, Action: WaitingForSiteWarmUpProbeSuccess, LastError: ContainerTimeout, LastErrorTimestamp: 03/18/2026 22:28:48, LastErrorDetails: Container did not start within expected time limit of 1800s. Please inspect your container logs for more details., Details: Pinging warmup path to ensure container is ready to receive requests., DetailsLevel: INFO
2026-03-18T22:33:44.7975077Z Container has finished running with exit code: 1.
2026-03-18T22:33:44.7981326Z Container is terminating. Grace period: 5 seconds.
2026-03-18T22:33:44.8080378Z Stop and delete container. Retry count = 0
2026-03-18T22:33:44.8088504Z Stopping container: 5916c7178e85_careorbit-api-dev.
2026-03-18T22:33:44.8889783Z Deleting container: 5916c7178e85_careorbit-api-dev. Retry count = 0
2026-03-18T22:33:45.3016367Z Container spec TerminationMessagePolicy  path 
2026-03-18T22:33:45.3024818Z Container is terminated. Total time elapsed: 503 ms.
2026-03-18T22:33:45.3101824Z Site container: careorbit-api-dev terminated during site startup.
2026-03-18T22:33:45.3116960Z State: Stopping, Action: CancellingStartup, LastError: ContainerTimeout, LastErrorTimestamp: 03/18/2026 22:28:48, LastErrorDetails: Container did not start within expected time limit of 1800s. Please inspect your container logs for more details., Details: Site container: careorbit-api-dev terminated during site startup. Cancelling site startup., DetailsLevel: ERR
2026-03-18T22:33:45.5052562Z Site startup probe failed after 32.5232889 seconds.
2026-03-18T22:33:45.8387721Z State: Stopping, Action: CancellingStartup, LastError: ContainerTimeout, LastErrorTimestamp: 03/18/2026 22:33:45, LastErrorDetails: Container did not start within expected time limit of 1800s. Please inspect your container logs for more details., Details: Site container: careorbit-api-dev terminated during site startup. Cancelling site startup., DetailsLevel: ERR
2026-03-18T22:33:45.8675171Z Failed to start site. Revert by stopping site.
2026-03-18T22:33:45.8688123Z State: Stopping, Action: StoppingSite, LastError: ContainerTimeout, LastErrorTimestamp: 03/18/2026 22:33:45, LastErrorDetails: Container did not start within expected time limit of 1800s. Please inspect your container logs for more details., Details: Site container: careorbit-api-dev terminated during site startup. Cancelling site startup., DetailsLevel: ERR
2026-03-18T22:33:45.8696317Z State: Stopping, Action: StoppingSiteContainers, LastError: ContainerTimeout, LastErrorTimestamp: 03/18/2026 22:33:45, LastErrorDetails: Container did not start within expected time limit of 1800s. Please inspect your container logs for more details., Details: Site container: careorbit-api-dev terminated during site startup. Cancelling site startup., DetailsLevel: ERR
2026-03-18T22:33:45.8872744Z Site: careorbit-api-dev stopped.
2026-03-18T22:33:45.8894164Z State: Stopping, Action: UnmountingVolumes, LastError: ContainerTimeout, LastErrorTimestamp: 03/18/2026 22:33:45, LastErrorDetails: Container did not start within expected time limit of 1800s. Please inspect your container logs for more details., Details: Site container: careorbit-api-dev terminated during site startup. Cancelling site startup., DetailsLevel: ERR
2026-03-18T22:33:46.4410456Z State: Stopping, Action: StoppingSiteNetworks, LastError: ContainerTimeout, LastErrorTimestamp: 03/18/2026 22:33:45, LastErrorDetails: Container did not start within expected time limit of 1800s. Please inspect your container logs for more details., Details: Site container: careorbit-api-dev terminated during site startup. Cancelling site startup., DetailsLevel: ERR
2026-03-18T22:33:46.9992276Z Site: careorbit-api-dev will be blocked for 1 minutes till 03/18/2026 22:34:46
2026-03-18T22:33:46.9999158Z State: Blocked, Action: StoppingSiteNetworks, LastError: ContainerTimeout, LastErrorTimestamp: 03/18/2026 22:33:45, LastErrorDetails: Container did not start within expected time limit of 1800s. Please inspect your container logs for more details., Details: Site: careorbit-api-dev will be blocked for 1 minutes till 03/18/2026 22:34:46, DetailsLevel: WARN
2026-03-18T22:33:47.0089505Z State: Stopped, Action: None, LastError: ContainerTimeout, LastErrorTimestamp: 03/18/2026 22:33:45, LastErrorDetails: Container did not start within expected time limit of 1800s. Please inspect your container logs for more details., Details: Site stopped at 03/18/2026 22:33:47 (UTC), DetailsLevel: WARN
2026-03-18T22:33:47.1843670Z State: Stopped, Action: None, LastError: ContainerTimeout, LastErrorTimestamp: 03/18/2026 22:33:45, LastErrorDetails: Container did not start within expected time limit of 1800s. Please inspect your container logs for more details., Details: Site stopped at 03/18/2026 22:33:47 (UTC), DetailsLevel: WARN
2026-03-18T22:33:59.1671270Z State: Blocked, Action: None, LastError: ContainerTimeout, LastErrorTimestamp: 03/18/2026 22:33:45, LastErrorDetails: Container did not start within expected time limit of 1800s. Please inspect your container logs for more details., Details: Site is blocked due to multiple, consecutive cold start failures. Site scheduled to be unblocked at 03/18/2026 22:34:46, DetailsLevel: WARN
2026-03-18T22:33:59.1672390Z Start site prohibitted because the site is being blocked.
2026-03-18T22:34:11.3185270Z State: Blocked, Action: None, LastError: ContainerTimeout, LastErrorTimestamp: 03/18/2026 22:33:45, LastErrorDetails: Container did not start within expected time limit of 1800s. Please inspect your container logs for more details., Details: Site is blocked due to multiple, consecutive cold start failures. Site scheduled to be unblocked at 03/18/2026 22:34:46, DetailsLevel: WARN
2026-03-18T22:34:11.3188435Z Start site prohibitted because the site is being blocked.
2026-03-18T22:34:23.4511068Z State: Blocked, Action: None, LastError: ContainerTimeout, LastErrorTimestamp: 03/18/2026 22:33:45, LastErrorDetails: Container did not start within expected time limit of 1800s. Please inspect your container logs for more details., Details: Site is blocked due to multiple, consecutive cold start failures. Site scheduled to be unblocked at 03/18/2026 22:34:46, DetailsLevel: WARN
2026-03-18T22:34:23.4514936Z Start site prohibitted because the site is being blocked.
2026-03-18T22:34:35.7192901Z State: Blocked, Action: None, LastError: ContainerTimeout, LastErrorTimestamp: 03/18/2026 22:33:45, LastErrorDetails: Container did not start within expected time limit of 1800s. Please inspect your container logs for more details., Details: Site is blocked due to multiple, consecutive cold start failures. Site scheduled to be unblocked at 03/18/2026 22:34:46, DetailsLevel: WARN
2026-03-18T22:34:35.7193606Z Start site prohibitted because the site is being blocked.
2026-03-18T22:34:46.9987371Z Site: careorbit-api-dev is unblocked.
2026-03-18T22:34:47.9028603Z State: Starting, Action: EstablishingSiteNetworks, LastError: ContainerTimeout, LastErrorTimestamp: 03/18/2026 22:33:45, LastErrorDetails: Container did not start within expected time limit of 1800s. Please inspect your container logs for more details., Details: Site is blocked due to multiple, consecutive cold start failures. Site scheduled to be unblocked at 03/18/2026 22:34:46, DetailsLevel: WARN
2026-03-18T22:34:51.3811776Z State: Starting, Action: StartingSiteContainers, LastError: ContainerTimeout, LastErrorTimestamp: 03/18/2026 22:33:45, LastErrorDetails: Container did not start within expected time limit of 1800s. Please inspect your container logs for more details., Details: Site is blocked due to multiple, consecutive cold start failures. Site scheduled to be unblocked at 03/18/2026 22:34:46, DetailsLevel: WARN
2026-03-18T22:34:51.3823783Z Container start method called.
2026-03-18T22:34:51.3910751Z State: Starting, Action: PullingImage, LastError: ContainerTimeout, LastErrorTimestamp: 03/18/2026 22:33:45, LastErrorDetails: Container did not start within expected time limit of 1800s. Please inspect your container logs for more details., Details: Pulling image 10.1.0.4:13209/appsvc/python:3.12_20260203.2.tuxprod for careorbit-api-dev., DetailsLevel: INFO
2026-03-18T22:34:51.4024190Z Establishing network.
2026-03-18T22:34:51.4402463Z Pulling image: appsvc/python:3.12_20260203.2.tuxprod.
2026-03-18T22:34:51.8167062Z Container is starting.
2026-03-18T22:34:51.8167873Z State: Starting, Action: MountingVolumes, LastError: ContainerTimeout, LastErrorTimestamp: 03/18/2026 22:33:45, LastErrorDetails: Container did not start within expected time limit of 1800s. Please inspect your container logs for more details., Details: Mounting volumes for careorbit-api-dev., DetailsLevel: INFO
2026-03-18T22:34:51.8168607Z Establishing user namespace if not established already.
2026-03-18T22:34:51.8169365Z Establishing network if not established already.
2026-03-18T22:34:51.8170264Z Mounting volumes.
2026-03-18T22:34:51.8171354Z Nested mountpoint 
2026-03-18T22:34:51.8478965Z Nested mountpoint volatile/logs
2026-03-18T22:34:52.0001435Z Nested mountpoint 
2026-03-18T22:34:52.2600160Z Nested mountpoint 
2026-03-18T22:34:52.5321843Z Nested mountpoint 
2026-03-18T22:34:53.2880530Z State: Starting, Action: CreatingContainer, LastError: ContainerTimeout, LastErrorTimestamp: 03/18/2026 22:33:45, LastErrorDetails: Container did not start within expected time limit of 1800s. Please inspect your container logs for more details., Details: Finished pulling container image and mounting volumes for careorbit-api-dev. Allocatinng the rest of the container resources to finish container creation., DetailsLevel: INFO
2026-03-18T22:34:53.2881628Z Creating container.
2026-03-18T22:34:53.2882376Z Creating pipes for streaming container io.
2026-03-18T22:34:53.3178070Z Creating stdout named pipe at /podr/container/pipe/6d9fad88d709_careorbit-api-dev/stdout_9140dc3c09274eb981cfc811b3bd4ab2.
2026-03-18T22:34:53.3472047Z Successfully created stdout named pipe at: /podr/container/pipe/6d9fad88d709_careorbit-api-dev/stdout_9140dc3c09274eb981cfc811b3bd4ab2.
2026-03-18T22:34:53.3473477Z Opening named pipe /podr/container/pipe/6d9fad88d709_careorbit-api-dev/stdout_9140dc3c09274eb981cfc811b3bd4ab2 for reading in non-blocking mode.
2026-03-18T22:34:53.3474838Z Successfully opened named pipe: /podr/container/pipe/6d9fad88d709_careorbit-api-dev/stdout_9140dc3c09274eb981cfc811b3bd4ab2.
2026-03-18T22:34:53.3478578Z Successfully removed non-blocking flag from /podr/container/pipe/6d9fad88d709_careorbit-api-dev/stdout_9140dc3c09274eb981cfc811b3bd4ab2.
2026-03-18T22:34:53.3480577Z Creating stderr named pipe at /podr/container/pipe/6d9fad88d709_careorbit-api-dev/stderr_42c1978d5f62481a91d711155cf52682.
2026-03-18T22:34:53.3482147Z Successfully created stderr named pipe at: /podr/container/pipe/6d9fad88d709_careorbit-api-dev/stderr_42c1978d5f62481a91d711155cf52682.
2026-03-18T22:34:53.3486603Z Opening named pipe /podr/container/pipe/6d9fad88d709_careorbit-api-dev/stderr_42c1978d5f62481a91d711155cf52682 for reading in non-blocking mode.
2026-03-18T22:34:53.3488689Z Successfully opened named pipe: /podr/container/pipe/6d9fad88d709_careorbit-api-dev/stderr_42c1978d5f62481a91d711155cf52682.
2026-03-18T22:34:53.3492620Z Successfully removed non-blocking flag from /podr/container/pipe/6d9fad88d709_careorbit-api-dev/stderr_42c1978d5f62481a91d711155cf52682.
2026-03-18T22:34:53.3574332Z Creating container with image: appsvc/python:3.12_20260203.2.tuxprod from registry: 10.1.0.4:13209 and fully qualified image name: 10.1.0.4:13209/appsvc/python:3.12_20260203.2.tuxprod
2026-03-18T22:34:54.1021447Z Starting container: 6d9fad88d709_careorbit-api-dev.
2026-03-18T22:34:54.1930601Z Starting watchers and probes.
2026-03-18T22:34:54.2314250Z Starting metrics collection.
2026-03-18T22:34:54.2316027Z Container is running.
2026-03-18T22:34:54.2316725Z State: Starting, Action: CreatingContainer, LastError: ContainerTimeout, LastErrorTimestamp: 03/18/2026 22:33:45, LastErrorDetails: Container did not start within expected time limit of 1800s. Please inspect your container logs for more details., Details: Container careorbit-api-dev successfully created and is running., DetailsLevel: INFO
2026-03-18T22:34:54.8890983Z Container start method finished after 3450 ms.
2026-03-18T22:34:54.8893239Z State: Starting, Action: InitiatingSiteWarmUpProbe, LastError: ContainerTimeout, LastErrorTimestamp: 03/18/2026 22:33:45, LastErrorDetails: Container did not start within expected time limit of 1800s. Please inspect your container logs for more details., Details: Container careorbit-api-dev successfully created and is running., DetailsLevel: INFO
2026-03-18T22:34:54.8893430Z State: Starting, Action: WaitingForSiteWarmUpProbeSuccess, LastError: ContainerTimeout, LastErrorTimestamp: 03/18/2026 22:33:45, LastErrorDetails: Container did not start within expected time limit of 1800s. Please inspect your container logs for more details., Details: Pinging warmup path to ensure container is ready to receive requests., DetailsLevel: INFO
2026-03-18T22:35:36.4297641Z Container has finished running with exit code: 1.
2026-03-18T22:35:36.4304089Z Container is terminating. Grace period: 5 seconds.
2026-03-18T22:35:36.4320303Z Stop and delete container. Retry count = 0
2026-03-18T22:35:36.4511558Z Stopping container: 6d9fad88d709_careorbit-api-dev.
2026-03-18T22:35:36.5800506Z Deleting container: 6d9fad88d709_careorbit-api-dev. Retry count = 0
2026-03-18T22:35:37.3887560Z Container spec TerminationMessagePolicy  path 
2026-03-18T22:35:37.3977997Z Container is terminated. Total time elapsed: 966 ms.
2026-03-18T22:35:37.3982818Z Site container: careorbit-api-dev terminated during site startup.
2026-03-18T22:35:37.3984159Z State: Stopping, Action: CancellingStartup, LastError: ContainerTimeout, LastErrorTimestamp: 03/18/2026 22:33:45, LastErrorDetails: Container did not start within expected time limit of 1800s. Please inspect your container logs for more details., Details: Site container: careorbit-api-dev terminated during site startup. Cancelling site startup., DetailsLevel: ERR
2026-03-18T22:35:37.9201596Z Site startup probe failed after 43.0218395 seconds.
2026-03-18T22:35:38.6481142Z State: Stopping, Action: CancellingStartup, LastError: ContainerTimeout, LastErrorTimestamp: 03/18/2026 22:35:38, LastErrorDetails: Container did not start within expected time limit of 1800s. Please inspect your container logs for more details., Details: Site container: careorbit-api-dev terminated during site startup. Cancelling site startup., DetailsLevel: ERR
2026-03-18T22:35:38.6591026Z Failed to start site. Revert by stopping site.
2026-03-18T22:35:38.6598986Z State: Stopping, Action: StoppingSite, LastError: ContainerTimeout, LastErrorTimestamp: 03/18/2026 22:35:38, LastErrorDetails: Container did not start within expected time limit of 1800s. Please inspect your container logs for more details., Details: Site container: careorbit-api-dev terminated during site startup. Cancelling site startup., DetailsLevel: ERR
2026-03-18T22:35:38.7277950Z State: Stopping, Action: StoppingSiteContainers, LastError: ContainerTimeout, LastErrorTimestamp: 03/18/2026 22:35:38, LastErrorDetails: Container did not start within expected time limit of 1800s. Please inspect your container logs for more details., Details: Site container: careorbit-api-dev terminated during site startup. Cancelling site startup., DetailsLevel: ERR
2026-03-18T22:35:38.7278209Z Site: careorbit-api-dev stopped.
2026-03-18T22:35:38.8486913Z State: Stopping, Action: UnmountingVolumes, LastError: ContainerTimeout, LastErrorTimestamp: 03/18/2026 22:35:38, LastErrorDetails: Container did not start within expected time limit of 1800s. Please inspect your container logs for more details., Details: Site container: careorbit-api-dev terminated during site startup. Cancelling site startup., DetailsLevel: ERR
2026-03-18T22:35:40.4080446Z State: Stopping, Action: StoppingSiteNetworks, LastError: ContainerTimeout, LastErrorTimestamp: 03/18/2026 22:35:38, LastErrorDetails: Container did not start within expected time limit of 1800s. Please inspect your container logs for more details., Details: Site container: careorbit-api-dev terminated during site startup. Cancelling site startup., DetailsLevel: ERR
2026-03-18T22:35:41.7961626Z Site: careorbit-api-dev will be blocked for 2 minutes till 03/18/2026 22:37:41
2026-03-18T22:35:41.8274324Z State: Blocked, Action: StoppingSiteNetworks, LastError: ContainerTimeout, LastErrorTimestamp: 03/18/2026 22:35:38, LastErrorDetails: Container did not start within expected time limit of 1800s. Please inspect your container logs for more details., Details: Site: careorbit-api-dev will be blocked for 2 minutes till 03/18/2026 22:37:41, DetailsLevel: WARN
2026-03-18T22:35:41.8527709Z State: Stopped, Action: None, LastError: ContainerTimeout, LastErrorTimestamp: 03/18/2026 22:35:38, LastErrorDetails: Container did not start within expected time limit of 1800s. Please inspect your container logs for more details., Details: Site stopped at 03/18/2026 22:35:41 (UTC), DetailsLevel: WARN
2026-03-18T22:35:42.6001475Z State: Stopped, Action: None, LastError: ContainerTimeout, LastErrorTimestamp: 03/18/2026 22:35:38, LastErrorDetails: Container did not start within expected time limit of 1800s. Please inspect your container logs for more details., Details: Site stopped at 03/18/2026 22:35:41 (UTC), DetailsLevel: WARN
2026-03-18T22:35:52.0977542Z State: Blocked, Action: None, LastError: ContainerTimeout, LastErrorTimestamp: 03/18/2026 22:35:38, LastErrorDetails: Container did not start within expected time limit of 1800s. Please inspect your container logs for more details., Details: Site is blocked due to multiple, consecutive cold start failures. Site scheduled to be unblocked at 03/18/2026 22:37:41, DetailsLevel: WARN
2026-03-18T22:35:52.0978763Z Start site prohibitted because the site is being blocked.
2026-03-18T22:36:04.2987035Z State: Blocked, Action: None, LastError: ContainerTimeout, LastErrorTimestamp: 03/18/2026 22:35:38, LastErrorDetails: Container did not start within expected time limit of 1800s. Please inspect your container logs for more details., Details: Site is blocked due to multiple, consecutive cold start failures. Site scheduled to be unblocked at 03/18/2026 22:37:41, DetailsLevel: WARN
2026-03-18T22:36:04.2987611Z Start site prohibitted because the site is being blocked.
2026-03-18T22:36:16.6547355Z State: Blocked, Action: None, LastError: ContainerTimeout, LastErrorTimestamp: 03/18/2026 22:35:38, LastErrorDetails: Container did not start within expected time limit of 1800s. Please inspect your container logs for more details., Details: Site is blocked due to multiple, consecutive cold start failures. Site scheduled to be unblocked at 03/18/2026 22:37:41, DetailsLevel: WARN
2026-03-18T22:36:16.6547969Z Start site prohibitted because the site is being blocked.
2026-03-18T22:36:28.7949842Z State: Blocked, Action: None, LastError: ContainerTimeout, LastErrorTimestamp: 03/18/2026 22:35:38, LastErrorDetails: Container did not start within expected time limit of 1800s. Please inspect your container logs for more details., Details: Site is blocked due to multiple, consecutive cold start failures. Site scheduled to be unblocked at 03/18/2026 22:37:41, DetailsLevel: WARN
2026-03-18T22:36:28.7950210Z Start site prohibitted because the site is being blocked.
2026-03-18T22:37:01.3094009Z State: Blocked, Action: None, LastError: ContainerTimeout, LastErrorTimestamp: 03/18/2026 22:35:38, LastErrorDetails: Container did not start within expected time limit of 1800s. Please inspect your container logs for more details., Details: Site is blocked due to multiple, consecutive cold start failures. Site scheduled to be unblocked at 03/18/2026 22:37:41, DetailsLevel: WARN
2026-03-18T22:37:01.3094876Z Start site prohibitted because the site is being blocked.
2026-03-18T22:37:41.7469173Z Site: careorbit-api-dev is unblocked.
2026-03-18T22:44:33.0675754Z State: Starting, Action: EstablishingSiteNetworks, LastError: ContainerTimeout, LastErrorTimestamp: 03/18/2026 22:35:38, LastErrorDetails: Container did not start within expected time limit of 1800s. Please inspect your container logs for more details., Details: Site is blocked due to multiple, consecutive cold start failures. Site scheduled to be unblocked at 03/18/2026 22:37:41, DetailsLevel: WARN
2026-03-18T22:44:39.0796860Z State: Starting, Action: StartingSiteContainers, LastError: ContainerTimeout, LastErrorTimestamp: 03/18/2026 22:35:38, LastErrorDetails: Container did not start within expected time limit of 1800s. Please inspect your container logs for more details., Details: Site is blocked due to multiple, consecutive cold start failures. Site scheduled to be unblocked at 03/18/2026 22:37:41, DetailsLevel: WARN
2026-03-18T22:44:39.0805405Z Container start method called.
2026-03-18T22:44:39.0814871Z State: Starting, Action: PullingImage, LastError: ContainerTimeout, LastErrorTimestamp: 03/18/2026 22:35:38, LastErrorDetails: Container did not start within expected time limit of 1800s. Please inspect your container logs for more details., Details: Pulling image 10.1.0.4:13209/appsvc/python:3.12_20260203.2.tuxprod for careorbit-api-dev., DetailsLevel: INFO
2026-03-18T22:44:39.2318839Z Establishing network.
2026-03-18T22:44:39.2408258Z Pulling image: appsvc/python:3.12_20260203.2.tuxprod.
2026-03-18T22:44:40.2467458Z Container is starting.
2026-03-18T22:44:40.2564609Z State: Starting, Action: MountingVolumes, LastError: ContainerTimeout, LastErrorTimestamp: 03/18/2026 22:35:38, LastErrorDetails: Container did not start within expected time limit of 1800s. Please inspect your container logs for more details., Details: Mounting volumes for careorbit-api-dev., DetailsLevel: INFO
2026-03-18T22:44:40.2584995Z Establishing user namespace if not established already.
2026-03-18T22:44:40.2684118Z Establishing network if not established already.
2026-03-18T22:44:40.2772957Z Mounting volumes.
2026-03-18T22:44:40.2977579Z Nested mountpoint 
2026-03-18T22:44:40.3674220Z Nested mountpoint volatile/logs
2026-03-18T22:44:40.4790828Z Nested mountpoint 
2026-03-18T22:44:40.6460165Z Nested mountpoint 
2026-03-18T22:44:40.6488912Z Nested mountpoint 
2026-03-18T22:44:41.2969223Z State: Starting, Action: CreatingContainer, LastError: ContainerTimeout, LastErrorTimestamp: 03/18/2026 22:35:38, LastErrorDetails: Container did not start within expected time limit of 1800s. Please inspect your container logs for more details., Details: Finished pulling container image and mounting volumes for careorbit-api-dev. Allocatinng the rest of the container resources to finish container creation., DetailsLevel: INFO
2026-03-18T22:44:41.3045719Z Creating container.
2026-03-18T22:44:41.3049270Z Creating pipes for streaming container io.
2026-03-18T22:44:41.3056622Z Creating stdout named pipe at /podr/container/pipe/c93cd8663bfa_careorbit-api-dev/stdout_020c17e4f74e461e8ac55ef5321f0ebc.
2026-03-18T22:44:41.3160270Z Successfully created stdout named pipe at: /podr/container/pipe/c93cd8663bfa_careorbit-api-dev/stdout_020c17e4f74e461e8ac55ef5321f0ebc.
2026-03-18T22:44:41.3168267Z Opening named pipe /podr/container/pipe/c93cd8663bfa_careorbit-api-dev/stdout_020c17e4f74e461e8ac55ef5321f0ebc for reading in non-blocking mode.
2026-03-18T22:44:41.3173482Z Successfully opened named pipe: /podr/container/pipe/c93cd8663bfa_careorbit-api-dev/stdout_020c17e4f74e461e8ac55ef5321f0ebc.
2026-03-18T22:44:41.3179600Z Successfully removed non-blocking flag from /podr/container/pipe/c93cd8663bfa_careorbit-api-dev/stdout_020c17e4f74e461e8ac55ef5321f0ebc.
2026-03-18T22:44:41.3370791Z Creating stderr named pipe at /podr/container/pipe/c93cd8663bfa_careorbit-api-dev/stderr_620f1cbc9f624fbeaef0f719de3cb546.
2026-03-18T22:44:41.3451920Z Successfully created stderr named pipe at: /podr/container/pipe/c93cd8663bfa_careorbit-api-dev/stderr_620f1cbc9f624fbeaef0f719de3cb546.
2026-03-18T22:44:41.3459118Z Opening named pipe /podr/container/pipe/c93cd8663bfa_careorbit-api-dev/stderr_620f1cbc9f624fbeaef0f719de3cb546 for reading in non-blocking mode.
2026-03-18T22:44:41.3750078Z Successfully opened named pipe: /podr/container/pipe/c93cd8663bfa_careorbit-api-dev/stderr_620f1cbc9f624fbeaef0f719de3cb546.
2026-03-18T22:44:41.3751277Z Successfully removed non-blocking flag from /podr/container/pipe/c93cd8663bfa_careorbit-api-dev/stderr_620f1cbc9f624fbeaef0f719de3cb546.
2026-03-18T22:44:41.3767726Z Creating container with image: appsvc/python:3.12_20260203.2.tuxprod from registry: 10.1.0.4:13209 and fully qualified image name: 10.1.0.4:13209/appsvc/python:3.12_20260203.2.tuxprod
2026-03-18T22:44:42.7994833Z Starting container: c93cd8663bfa_careorbit-api-dev.
2026-03-18T22:44:43.0058345Z Starting watchers and probes.
2026-03-18T22:44:43.0263045Z Starting metrics collection.
2026-03-18T22:44:43.0462300Z Container is running.
2026-03-18T22:44:43.0468021Z State: Starting, Action: CreatingContainer, LastError: ContainerTimeout, LastErrorTimestamp: 03/18/2026 22:35:38, LastErrorDetails: Container did not start within expected time limit of 1800s. Please inspect your container logs for more details., Details: Container careorbit-api-dev successfully created and is running., DetailsLevel: INFO
2026-03-18T22:44:43.6076397Z Container start method finished after 4516 ms.
2026-03-18T22:44:43.7032661Z State: Starting, Action: InitiatingSiteWarmUpProbe, LastError: ContainerTimeout, LastErrorTimestamp: 03/18/2026 22:35:38, LastErrorDetails: Container did not start within expected time limit of 1800s. Please inspect your container logs for more details., Details: Container careorbit-api-dev successfully created and is running., DetailsLevel: INFO
2026-03-18T22:44:43.8331141Z State: Starting, Action: WaitingForSiteWarmUpProbeSuccess, LastError: ContainerTimeout, LastErrorTimestamp: 03/18/2026 22:35:38, LastErrorDetails: Container did not start within expected time limit of 1800s. Please inspect your container logs for more details., Details: Pinging warmup path to ensure container is ready to receive requests., DetailsLevel: INFO
2026-03-18T22:46:40.0609601Z Site startup probe succeeded after 116.1008668 seconds.
2026-03-18T22:46:40.2439851Z State: Starting, Action: WarmUpProbeSucceeded, LastError: ContainerTimeout, LastErrorTimestamp: 03/18/2026 22:35:38, LastErrorDetails: Container did not start within expected time limit of 1800s. Please inspect your container logs for more details., Details: Site startup probe succeeded after 116.1008668 seconds., DetailsLevel: INFO
2026-03-18T22:46:40.3257018Z State: Starting, Action: StartingAuthContainer, LastError: ContainerTimeout, LastErrorTimestamp: 03/18/2026 22:35:38, LastErrorDetails: Container did not start within expected time limit of 1800s. Please inspect your container logs for more details., Details: Site startup probe succeeded after 116.1008668 seconds., DetailsLevel: INFO
2026-03-18T22:46:47.7387551Z Site is running with deployment version: 45db7dad-00c0-46e4-bef0-86bec3fcb2b1
2026-03-18T22:46:47.7490987Z Site started.
2026-03-18T22:46:47.7561227Z State: Started, Action: None, LastError: ContainerTimeout, LastErrorTimestamp: 03/18/2026 22:35:38, LastErrorDetails: Container did not start within expected time limit of 1800s. Please inspect your container logs for more details., Details: Site started at 03/18/2026 22:46:47 (UTC), DetailsLevel: INFO
2026-03-18T22:46:47.9677355Z Site is running with patch version PYTHON 3.12.12
