2026-03-19T05:49:29.7552557Z State: Starting, Action: EstablishingSiteNetworks, LastError: , LastErrorTimestamp: 01/01/0001 00:00:00, LastErrorDetails: , Details: , DetailsLevel: INFO
2026-03-19T05:49:35.3887224Z State: Starting, Action: StartingSiteContainers, LastError: , LastErrorTimestamp: 01/01/0001 00:00:00, LastErrorDetails: , Details: , DetailsLevel: INFO
2026-03-19T05:49:35.3891480Z Container start method called.
2026-03-19T05:49:35.3892030Z State: Starting, Action: PullingImage, LastError: , LastErrorTimestamp: 01/01/0001 00:00:00, LastErrorDetails: , Details: Pulling image 10.1.0.5:13209/appsvc/python:3.12_20260203.2.tuxprod for careorbit-api-dev., DetailsLevel: INFO
2026-03-19T05:49:35.3893022Z Establishing network.
2026-03-19T05:49:35.3894079Z Pulling image: appsvc/python:3.12_20260203.2.tuxprod.
2026-03-19T05:49:36.1386618Z Container is starting.
2026-03-19T05:49:36.1474510Z State: Starting, Action: MountingVolumes, LastError: , LastErrorTimestamp: 01/01/0001 00:00:00, LastErrorDetails: , Details: Mounting volumes for careorbit-api-dev., DetailsLevel: INFO
2026-03-19T05:49:36.1497464Z Establishing user namespace if not established already.
2026-03-19T05:49:36.1580337Z Establishing network if not established already.
2026-03-19T05:49:36.1592388Z Mounting volumes.
2026-03-19T05:49:36.1656713Z Nested mountpoint 
2026-03-19T05:49:36.1857020Z Nested mountpoint volatile/logs
2026-03-19T05:49:36.3331144Z Nested mountpoint 
2026-03-19T05:49:36.3636485Z Nested mountpoint 
2026-03-19T05:49:36.4573316Z Nested mountpoint 
2026-03-19T05:49:37.6358231Z State: Starting, Action: CreatingContainer, LastError: , LastErrorTimestamp: 01/01/0001 00:00:00, LastErrorDetails: , Details: Finished pulling container image and mounting volumes for careorbit-api-dev. Allocatinng the rest of the container resources to finish container creation., DetailsLevel: INFO
2026-03-19T05:49:37.6369884Z Creating container.
2026-03-19T05:49:37.6951159Z Creating pipes for streaming container io.
2026-03-19T05:49:37.6953905Z Creating stdout named pipe at /podr/container/pipe/ba2a584c33c8_careorbit-api-dev/stdout_c30932190904480eaa5b37d31c2e1070.
2026-03-19T05:49:37.7130777Z Successfully created stdout named pipe at: /podr/container/pipe/ba2a584c33c8_careorbit-api-dev/stdout_c30932190904480eaa5b37d31c2e1070.
2026-03-19T05:49:37.7204522Z Opening named pipe /podr/container/pipe/ba2a584c33c8_careorbit-api-dev/stdout_c30932190904480eaa5b37d31c2e1070 for reading in non-blocking mode.
2026-03-19T05:49:37.7772378Z Successfully opened named pipe: /podr/container/pipe/ba2a584c33c8_careorbit-api-dev/stdout_c30932190904480eaa5b37d31c2e1070.
2026-03-19T05:49:37.7776109Z Successfully removed non-blocking flag from /podr/container/pipe/ba2a584c33c8_careorbit-api-dev/stdout_c30932190904480eaa5b37d31c2e1070.
2026-03-19T05:49:37.7777641Z Creating stderr named pipe at /podr/container/pipe/ba2a584c33c8_careorbit-api-dev/stderr_cc8d8aab1a294d5da3b82f5a10128428.
2026-03-19T05:49:37.7779329Z Successfully created stderr named pipe at: /podr/container/pipe/ba2a584c33c8_careorbit-api-dev/stderr_cc8d8aab1a294d5da3b82f5a10128428.
2026-03-19T05:49:37.7780087Z Opening named pipe /podr/container/pipe/ba2a584c33c8_careorbit-api-dev/stderr_cc8d8aab1a294d5da3b82f5a10128428 for reading in non-blocking mode.
2026-03-19T05:49:37.7780991Z Successfully opened named pipe: /podr/container/pipe/ba2a584c33c8_careorbit-api-dev/stderr_cc8d8aab1a294d5da3b82f5a10128428.
2026-03-19T05:49:37.7781773Z Successfully removed non-blocking flag from /podr/container/pipe/ba2a584c33c8_careorbit-api-dev/stderr_cc8d8aab1a294d5da3b82f5a10128428.
2026-03-19T05:49:37.7782831Z Creating container with image: appsvc/python:3.12_20260203.2.tuxprod from registry: 10.1.0.5:13209 and fully qualified image name: 10.1.0.5:13209/appsvc/python:3.12_20260203.2.tuxprod
2026-03-19T05:49:39.9074427Z Starting container: ba2a584c33c8_careorbit-api-dev.
2026-03-19T05:49:40.2009759Z Starting watchers and probes.
2026-03-19T05:49:40.2122119Z Starting metrics collection.
2026-03-19T05:49:40.2212347Z Container is running.
2026-03-19T05:49:40.2213780Z State: Starting, Action: CreatingContainer, LastError: , LastErrorTimestamp: 01/01/0001 00:00:00, LastErrorDetails: , Details: Container careorbit-api-dev successfully created and is running., DetailsLevel: INFO
2026-03-19T05:49:40.5304523Z Container start method finished after 5133 ms.
2026-03-19T05:49:40.5307253Z State: Starting, Action: InitiatingSiteWarmUpProbe, LastError: , LastErrorTimestamp: 01/01/0001 00:00:00, LastErrorDetails: , Details: Container careorbit-api-dev successfully created and is running., DetailsLevel: INFO
2026-03-19T05:49:40.5307693Z State: Starting, Action: WaitingForSiteWarmUpProbeSuccess, LastError: , LastErrorTimestamp: 01/01/0001 00:00:00, LastErrorDetails: , Details: Pinging warmup path to ensure container is ready to receive requests., DetailsLevel: INFO
2026-03-19T05:50:57.4147217Z Site startup probe succeeded after 76.8101564 seconds.
2026-03-19T05:50:57.7165545Z State: Starting, Action: WarmUpProbeSucceeded, LastError: , LastErrorTimestamp: 01/01/0001 00:00:00, LastErrorDetails: , Details: Site startup probe succeeded after 76.8101564 seconds., DetailsLevel: INFO
2026-03-19T05:50:58.1410834Z State: Starting, Action: StartingAuthContainer, LastError: , LastErrorTimestamp: 01/01/0001 00:00:00, LastErrorDetails: , Details: Site startup probe succeeded after 76.8101564 seconds., DetailsLevel: INFO
2026-03-19T05:51:09.9032641Z Site is running with deployment version: 3b819409-ed0c-4d2c-8da4-6543a2bfd2b8
2026-03-19T05:51:09.9055428Z Site started.
2026-03-19T05:51:09.9154044Z State: Started, Action: None, LastError: , LastErrorTimestamp: 01/01/0001 00:00:00, LastErrorDetails: , Details: Site started at 03/19/2026 05:51:09 (UTC), DetailsLevel: INFO
2026-03-19T05:51:09.9452835Z Site is running with patch version PYTHON 3.12.12
2026-03-19T05:51:30.0659061Z State: Stopping, Action: StoppingSite, LastError: ContainerTimeout, LastErrorTimestamp: 03/18/2026 22:35:38, LastErrorDetails: Container did not start within expected time limit of 1800s. Please inspect your container logs for more details., Details: Site started at 03/18/2026 22:46:47 (UTC), DetailsLevel: INFO
2026-03-19T05:51:30.0717140Z State: Stopping, Action: StoppingSiteContainers, LastError: ContainerTimeout, LastErrorTimestamp: 03/18/2026 22:35:38, LastErrorDetails: Container did not start within expected time limit of 1800s. Please inspect your container logs for more details., Details: Site started at 03/18/2026 22:46:47 (UTC), DetailsLevel: INFO
2026-03-19T05:51:30.0721825Z Container is terminating. Grace period: 5 seconds.
2026-03-19T05:51:30.2115371Z Stop and delete container. Retry count = 0
2026-03-19T05:51:30.2119458Z Stopping container: c93cd8663bfa_careorbit-api-dev.
2026-03-19T05:51:35.5450435Z Deleting container: c93cd8663bfa_careorbit-api-dev. Retry count = 0
2026-03-19T05:51:39.4633041Z Container spec TerminationMessagePolicy  path 
2026-03-19T05:51:39.4717726Z Container is terminated. Total time elapsed: 9398 ms.
2026-03-19T05:51:39.4728389Z Site: careorbit-api-dev stopped.
2026-03-19T06:28:06.0453107Z State: Starting, Action: EstablishingSiteNetworks, LastError: , LastErrorTimestamp: 01/01/0001 00:00:00, LastErrorDetails: , Details: , DetailsLevel: INFO
2026-03-19T06:28:12.1169439Z State: Starting, Action: StartingSiteContainers, LastError: , LastErrorTimestamp: 01/01/0001 00:00:00, LastErrorDetails: , Details: , DetailsLevel: INFO
2026-03-19T06:28:12.1248934Z Container start method called.
2026-03-19T06:28:12.1418061Z State: Starting, Action: PullingImage, LastError: , LastErrorTimestamp: 01/01/0001 00:00:00, LastErrorDetails: , Details: Pulling image 10.1.0.4:13209/appsvc/python:3.12_20260203.2.tuxprod for careorbit-api-dev., DetailsLevel: INFO
2026-03-19T06:28:12.1673830Z Establishing network.
2026-03-19T06:28:12.1767873Z Pulling image: appsvc/python:3.12_20260203.2.tuxprod.
2026-03-19T06:28:13.1623773Z Container is starting.
2026-03-19T06:28:13.1704150Z State: Starting, Action: MountingVolumes, LastError: , LastErrorTimestamp: 01/01/0001 00:00:00, LastErrorDetails: , Details: Mounting volumes for careorbit-api-dev., DetailsLevel: INFO
2026-03-19T06:28:13.1721304Z Establishing user namespace if not established already.
2026-03-19T06:28:13.1728562Z Establishing network if not established already.
2026-03-19T06:28:13.1811575Z Mounting volumes.
2026-03-19T06:28:13.1919785Z Nested mountpoint 
2026-03-19T06:28:13.2514530Z Nested mountpoint volatile/logs
2026-03-19T06:28:13.3533345Z Nested mountpoint 
2026-03-19T06:28:13.4735183Z Nested mountpoint 
2026-03-19T06:28:13.5330465Z Nested mountpoint 
2026-03-19T06:28:14.6178971Z State: Starting, Action: CreatingContainer, LastError: , LastErrorTimestamp: 01/01/0001 00:00:00, LastErrorDetails: , Details: Finished pulling container image and mounting volumes for careorbit-api-dev. Allocatinng the rest of the container resources to finish container creation., DetailsLevel: INFO
2026-03-19T06:28:14.6385276Z Creating container.
2026-03-19T06:28:14.6393686Z Creating pipes for streaming container io.
2026-03-19T06:28:14.6489228Z Creating stdout named pipe at /podr/container/pipe/4b5caa875410_careorbit-api-dev/stdout_5989fd9a4df94b6bb28f2beb3e360950.
2026-03-19T06:28:14.6895220Z Successfully created stdout named pipe at: /podr/container/pipe/4b5caa875410_careorbit-api-dev/stdout_5989fd9a4df94b6bb28f2beb3e360950.
2026-03-19T06:28:14.6982540Z Opening named pipe /podr/container/pipe/4b5caa875410_careorbit-api-dev/stdout_5989fd9a4df94b6bb28f2beb3e360950 for reading in non-blocking mode.
2026-03-19T06:28:14.6989447Z Successfully opened named pipe: /podr/container/pipe/4b5caa875410_careorbit-api-dev/stdout_5989fd9a4df94b6bb28f2beb3e360950.
2026-03-19T06:28:14.6996615Z Successfully removed non-blocking flag from /podr/container/pipe/4b5caa875410_careorbit-api-dev/stdout_5989fd9a4df94b6bb28f2beb3e360950.
2026-03-19T06:28:14.7197349Z Creating stderr named pipe at /podr/container/pipe/4b5caa875410_careorbit-api-dev/stderr_b4546126f9d841a5a3b28ed40d27d3d3.
2026-03-19T06:28:14.7273578Z Successfully created stderr named pipe at: /podr/container/pipe/4b5caa875410_careorbit-api-dev/stderr_b4546126f9d841a5a3b28ed40d27d3d3.
2026-03-19T06:28:14.7275512Z Opening named pipe /podr/container/pipe/4b5caa875410_careorbit-api-dev/stderr_b4546126f9d841a5a3b28ed40d27d3d3 for reading in non-blocking mode.
2026-03-19T06:28:14.7280673Z Successfully opened named pipe: /podr/container/pipe/4b5caa875410_careorbit-api-dev/stderr_b4546126f9d841a5a3b28ed40d27d3d3.
2026-03-19T06:28:14.7282440Z Successfully removed non-blocking flag from /podr/container/pipe/4b5caa875410_careorbit-api-dev/stderr_b4546126f9d841a5a3b28ed40d27d3d3.
2026-03-19T06:28:14.7299483Z Creating container with image: appsvc/python:3.12_20260203.2.tuxprod from registry: 10.1.0.4:13209 and fully qualified image name: 10.1.0.4:13209/appsvc/python:3.12_20260203.2.tuxprod
2026-03-19T06:28:16.3566065Z Starting container: 4b5caa875410_careorbit-api-dev.
2026-03-19T06:28:16.5268173Z Starting watchers and probes.
2026-03-19T06:28:16.5665285Z Starting metrics collection.
2026-03-19T06:28:16.5866727Z Container is running.
2026-03-19T06:28:16.5873240Z State: Starting, Action: CreatingContainer, LastError: , LastErrorTimestamp: 01/01/0001 00:00:00, LastErrorDetails: , Details: Container careorbit-api-dev successfully created and is running., DetailsLevel: INFO
2026-03-19T06:28:17.2151923Z Container start method finished after 5089 ms.
2026-03-19T06:28:17.5243191Z State: Starting, Action: InitiatingSiteWarmUpProbe, LastError: , LastErrorTimestamp: 01/01/0001 00:00:00, LastErrorDetails: , Details: Container careorbit-api-dev successfully created and is running., DetailsLevel: INFO
2026-03-19T06:28:17.5251056Z State: Starting, Action: WaitingForSiteWarmUpProbeSuccess, LastError: , LastErrorTimestamp: 01/01/0001 00:00:00, LastErrorDetails: , Details: Pinging warmup path to ensure container is ready to receive requests., DetailsLevel: INFO
2026-03-19T06:30:35.8159733Z Site startup probe succeeded after 138.2159732 seconds.
2026-03-19T06:30:36.0818822Z State: Starting, Action: WarmUpProbeSucceeded, LastError: , LastErrorTimestamp: 01/01/0001 00:00:00, LastErrorDetails: , Details: Site startup probe succeeded after 138.2159732 seconds., DetailsLevel: INFO
2026-03-19T06:30:36.1867168Z State: Starting, Action: StartingAuthContainer, LastError: , LastErrorTimestamp: 01/01/0001 00:00:00, LastErrorDetails: , Details: Site startup probe succeeded after 138.2159732 seconds., DetailsLevel: INFO
2026-03-19T06:30:50.4102982Z Site is running with deployment version: 2d3b7e38-ce7a-49ef-903e-81c5f7ad3b9a
2026-03-19T06:30:50.4131779Z Site started.
2026-03-19T06:30:50.4183062Z State: Started, Action: None, LastError: , LastErrorTimestamp: 01/01/0001 00:00:00, LastErrorDetails: , Details: Site started at 03/19/2026 06:30:50 (UTC), DetailsLevel: INFO
2026-03-19T06:30:50.4205289Z Site is running with patch version PYTHON 3.12.12
2026-03-19T06:31:10.4982471Z State: Stopping, Action: StoppingSite, LastError: ContainerTimeout, LastErrorTimestamp: 03/18/2026 22:35:38, LastErrorDetails: Container did not start within expected time limit of 1800s. Please inspect your container logs for more details., Details: Site started at 03/19/2026 05:51:09 (UTC), DetailsLevel: INFO
2026-03-19T06:31:10.4993407Z State: Stopping, Action: StoppingSiteContainers, LastError: ContainerTimeout, LastErrorTimestamp: 03/18/2026 22:35:38, LastErrorDetails: Container did not start within expected time limit of 1800s. Please inspect your container logs for more details., Details: Site started at 03/19/2026 05:51:09 (UTC), DetailsLevel: INFO
2026-03-19T06:31:10.4997970Z Container is terminating. Grace period: 5 seconds.
2026-03-19T06:31:10.5453237Z Stop and delete container. Retry count = 0
2026-03-19T06:31:10.5458046Z Stopping container: ba2a584c33c8_careorbit-api-dev.
2026-03-19T06:31:16.3491296Z Deleting container: ba2a584c33c8_careorbit-api-dev. Retry count = 0
2026-03-19T06:31:18.3510180Z Container spec TerminationMessagePolicy  path 
2026-03-19T06:31:18.3522117Z Container is terminated. Total time elapsed: 7851 ms.
2026-03-19T06:31:18.3527516Z Site: careorbit-api-dev stopped.
2026-03-19T06:41:52.4889965Z State: Starting, Action: EstablishingSiteNetworks, LastError: , LastErrorTimestamp: 01/01/0001 00:00:00, LastErrorDetails: , Details: , DetailsLevel: INFO
2026-03-19T06:41:57.6910218Z State: Starting, Action: StartingSiteContainers, LastError: , LastErrorTimestamp: 01/01/0001 00:00:00, LastErrorDetails: , Details: , DetailsLevel: INFO
2026-03-19T06:41:57.6911565Z Container start method called.
2026-03-19T06:41:57.6911940Z State: Starting, Action: PullingImage, LastError: , LastErrorTimestamp: 01/01/0001 00:00:00, LastErrorDetails: , Details: Pulling image 10.1.0.4:13209/appsvc/python:3.12_20260203.2.tuxprod for careorbit-api-dev., DetailsLevel: INFO
2026-03-19T06:41:57.6912690Z Establishing network.
2026-03-19T06:41:57.6913554Z Pulling image: appsvc/python:3.12_20260203.2.tuxprod.
2026-03-19T06:41:58.5900820Z Container is starting.
2026-03-19T06:41:58.5914789Z State: Starting, Action: MountingVolumes, LastError: , LastErrorTimestamp: 01/01/0001 00:00:00, LastErrorDetails: , Details: Mounting volumes for careorbit-api-dev., DetailsLevel: INFO
2026-03-19T06:41:58.6008319Z Establishing user namespace if not established already.
2026-03-19T06:41:58.6012027Z Establishing network if not established already.
2026-03-19T06:41:58.6013324Z Mounting volumes.
2026-03-19T06:41:58.6014601Z Nested mountpoint 
2026-03-19T06:41:58.6422522Z Nested mountpoint volatile/logs
2026-03-19T06:41:58.7502357Z Nested mountpoint 
2026-03-19T06:41:58.8487995Z Nested mountpoint 
2026-03-19T06:41:59.1179217Z Nested mountpoint 
2026-03-19T06:41:59.5850301Z State: Starting, Action: CreatingContainer, LastError: , LastErrorTimestamp: 01/01/0001 00:00:00, LastErrorDetails: , Details: Finished pulling container image and mounting volumes for careorbit-api-dev. Allocatinng the rest of the container resources to finish container creation., DetailsLevel: INFO
2026-03-19T06:41:59.5854508Z Creating container.
2026-03-19T06:41:59.5858375Z Creating pipes for streaming container io.
2026-03-19T06:41:59.5861953Z Creating stdout named pipe at /podr/container/pipe/526f3030be8a_careorbit-api-dev/stdout_66f0548d9da847e2b2a9bf1c1c3f7154.
2026-03-19T06:41:59.5964950Z Successfully created stdout named pipe at: /podr/container/pipe/526f3030be8a_careorbit-api-dev/stdout_66f0548d9da847e2b2a9bf1c1c3f7154.
2026-03-19T06:41:59.6064154Z Opening named pipe /podr/container/pipe/526f3030be8a_careorbit-api-dev/stdout_66f0548d9da847e2b2a9bf1c1c3f7154 for reading in non-blocking mode.
2026-03-19T06:41:59.6438660Z Successfully opened named pipe: /podr/container/pipe/526f3030be8a_careorbit-api-dev/stdout_66f0548d9da847e2b2a9bf1c1c3f7154.
2026-03-19T06:41:59.6449470Z Successfully removed non-blocking flag from /podr/container/pipe/526f3030be8a_careorbit-api-dev/stdout_66f0548d9da847e2b2a9bf1c1c3f7154.
2026-03-19T06:41:59.7020950Z Creating stderr named pipe at /podr/container/pipe/526f3030be8a_careorbit-api-dev/stderr_5aab7c0088d1437e9e135b7cb0c4a8b7.
2026-03-19T06:41:59.7247614Z Successfully created stderr named pipe at: /podr/container/pipe/526f3030be8a_careorbit-api-dev/stderr_5aab7c0088d1437e9e135b7cb0c4a8b7.
2026-03-19T06:41:59.7478904Z Opening named pipe /podr/container/pipe/526f3030be8a_careorbit-api-dev/stderr_5aab7c0088d1437e9e135b7cb0c4a8b7 for reading in non-blocking mode.
2026-03-19T06:41:59.7480734Z Successfully opened named pipe: /podr/container/pipe/526f3030be8a_careorbit-api-dev/stderr_5aab7c0088d1437e9e135b7cb0c4a8b7.
2026-03-19T06:41:59.7481484Z Successfully removed non-blocking flag from /podr/container/pipe/526f3030be8a_careorbit-api-dev/stderr_5aab7c0088d1437e9e135b7cb0c4a8b7.
2026-03-19T06:41:59.7985118Z Creating container with image: appsvc/python:3.12_20260203.2.tuxprod from registry: 10.1.0.4:13209 and fully qualified image name: 10.1.0.4:13209/appsvc/python:3.12_20260203.2.tuxprod
2026-03-19T06:42:00.7022573Z Starting container: 526f3030be8a_careorbit-api-dev.
2026-03-19T06:42:00.8725698Z Starting watchers and probes.
2026-03-19T06:42:00.8733055Z Starting metrics collection.
2026-03-19T06:42:00.8734517Z Container is running.
2026-03-19T06:42:00.8735229Z State: Starting, Action: CreatingContainer, LastError: , LastErrorTimestamp: 01/01/0001 00:00:00, LastErrorDetails: , Details: Container careorbit-api-dev successfully created and is running., DetailsLevel: INFO
2026-03-19T06:42:01.2696418Z Container start method finished after 3577 ms.
2026-03-19T06:42:01.2705843Z State: Starting, Action: InitiatingSiteWarmUpProbe, LastError: , LastErrorTimestamp: 01/01/0001 00:00:00, LastErrorDetails: , Details: Container careorbit-api-dev successfully created and is running., DetailsLevel: INFO
2026-03-19T06:42:01.2788852Z State: Starting, Action: WaitingForSiteWarmUpProbeSuccess, LastError: , LastErrorTimestamp: 01/01/0001 00:00:00, LastErrorDetails: , Details: Pinging warmup path to ensure container is ready to receive requests., DetailsLevel: INFO
2026-03-19T06:44:00.2261082Z Site startup probe succeeded after 118.9465211 seconds.
2026-03-19T06:44:00.7277406Z State: Starting, Action: WarmUpProbeSucceeded, LastError: , LastErrorTimestamp: 01/01/0001 00:00:00, LastErrorDetails: , Details: Site startup probe succeeded after 118.9465211 seconds., DetailsLevel: INFO
2026-03-19T06:44:00.9978435Z State: Starting, Action: StartingAuthContainer, LastError: , LastErrorTimestamp: 01/01/0001 00:00:00, LastErrorDetails: , Details: Site startup probe succeeded after 118.9465211 seconds., DetailsLevel: INFO
2026-03-19T06:44:18.7186908Z Site is running with deployment version: 6cc56223-b3ef-4119-b639-cc517f0b165d
2026-03-19T06:44:18.7220859Z Site started.
2026-03-19T06:44:18.7224702Z State: Started, Action: None, LastError: , LastErrorTimestamp: 01/01/0001 00:00:00, LastErrorDetails: , Details: Site started at 03/19/2026 06:44:18 (UTC), DetailsLevel: INFO
2026-03-19T06:44:18.7290236Z Site is running with patch version PYTHON 3.12.12
2026-03-19T06:44:38.8895159Z State: Stopping, Action: StoppingSite, LastError: ContainerTimeout, LastErrorTimestamp: 03/18/2026 22:35:38, LastErrorDetails: Container did not start within expected time limit of 1800s. Please inspect your container logs for more details., Details: Site started at 03/19/2026 06:30:50 (UTC), DetailsLevel: INFO
2026-03-19T06:44:38.9399654Z State: Stopping, Action: StoppingSiteContainers, LastError: ContainerTimeout, LastErrorTimestamp: 03/18/2026 22:35:38, LastErrorDetails: Container did not start within expected time limit of 1800s. Please inspect your container logs for more details., Details: Site started at 03/19/2026 06:30:50 (UTC), DetailsLevel: INFO
2026-03-19T06:44:38.9535815Z Container is terminating. Grace period: 5 seconds.
2026-03-19T06:44:39.1773786Z Stop and delete container. Retry count = 0
2026-03-19T06:44:39.1774888Z Stopping container: 4b5caa875410_careorbit-api-dev.
2026-03-19T06:44:44.7500610Z Deleting container: 4b5caa875410_careorbit-api-dev. Retry count = 0
2026-03-19T06:44:47.8230045Z Container spec TerminationMessagePolicy  path 
2026-03-19T06:44:47.8312518Z Container is terminated. Total time elapsed: 8877 ms.
2026-03-19T06:44:47.8430823Z Site: careorbit-api-dev stopped.
2026-03-19T06:54:28.5081838Z State: Starting, Action: EstablishingSiteNetworks, LastError: , LastErrorTimestamp: 01/01/0001 00:00:00, LastErrorDetails: , Details: , DetailsLevel: INFO
2026-03-19T06:54:33.5824998Z State: Starting, Action: StartingSiteContainers, LastError: , LastErrorTimestamp: 01/01/0001 00:00:00, LastErrorDetails: , Details: , DetailsLevel: INFO
2026-03-19T06:54:33.6034168Z Container start method called.
2026-03-19T06:54:33.6316829Z State: Starting, Action: PullingImage, LastError: , LastErrorTimestamp: 01/01/0001 00:00:00, LastErrorDetails: , Details: Pulling image 10.1.0.5:13209/appsvc/python:3.12_20260203.2.tuxprod for careorbit-api-dev., DetailsLevel: INFO
2026-03-19T06:54:33.6319780Z Establishing network.
2026-03-19T06:54:33.6327263Z Pulling image: appsvc/python:3.12_20260203.2.tuxprod.
2026-03-19T06:54:34.3956590Z Container is starting.
2026-03-19T06:54:34.4059049Z State: Starting, Action: MountingVolumes, LastError: , LastErrorTimestamp: 01/01/0001 00:00:00, LastErrorDetails: , Details: Mounting volumes for careorbit-api-dev., DetailsLevel: INFO
2026-03-19T06:54:34.4260806Z Establishing user namespace if not established already.
2026-03-19T06:54:34.4276830Z Establishing network if not established already.
2026-03-19T06:54:34.4363748Z Mounting volumes.
2026-03-19T06:54:34.4857765Z Nested mountpoint 
2026-03-19T06:54:34.6378742Z Nested mountpoint volatile/logs
2026-03-19T06:54:34.6582448Z Nested mountpoint 
2026-03-19T06:54:34.9393218Z Nested mountpoint 
2026-03-19T06:54:34.9481327Z Nested mountpoint 
2026-03-19T06:54:36.4746921Z State: Starting, Action: CreatingContainer, LastError: , LastErrorTimestamp: 01/01/0001 00:00:00, LastErrorDetails: , Details: Finished pulling container image and mounting volumes for careorbit-api-dev. Allocatinng the rest of the container resources to finish container creation., DetailsLevel: INFO
2026-03-19T06:54:36.5141147Z Creating container.
2026-03-19T06:54:36.5708667Z Creating pipes for streaming container io.
2026-03-19T06:54:36.5872482Z Creating stdout named pipe at /podr/container/pipe/be044f2c1be6_careorbit-api-dev/stdout_bd6ac2d5785840ffbe61d64b4f6fb426.
2026-03-19T06:54:36.6016594Z Successfully created stdout named pipe at: /podr/container/pipe/be044f2c1be6_careorbit-api-dev/stdout_bd6ac2d5785840ffbe61d64b4f6fb426.
2026-03-19T06:54:36.6038629Z Opening named pipe /podr/container/pipe/be044f2c1be6_careorbit-api-dev/stdout_bd6ac2d5785840ffbe61d64b4f6fb426 for reading in non-blocking mode.
2026-03-19T06:54:36.6110562Z Successfully opened named pipe: /podr/container/pipe/be044f2c1be6_careorbit-api-dev/stdout_bd6ac2d5785840ffbe61d64b4f6fb426.
2026-03-19T06:54:36.6168594Z Successfully removed non-blocking flag from /podr/container/pipe/be044f2c1be6_careorbit-api-dev/stdout_bd6ac2d5785840ffbe61d64b4f6fb426.
2026-03-19T06:54:36.6183024Z Creating stderr named pipe at /podr/container/pipe/be044f2c1be6_careorbit-api-dev/stderr_df24ab4fc8484d39aa6502ee4a37abdb.
2026-03-19T06:54:36.6252151Z Successfully created stderr named pipe at: /podr/container/pipe/be044f2c1be6_careorbit-api-dev/stderr_df24ab4fc8484d39aa6502ee4a37abdb.
2026-03-19T06:54:36.6256992Z Opening named pipe /podr/container/pipe/be044f2c1be6_careorbit-api-dev/stderr_df24ab4fc8484d39aa6502ee4a37abdb for reading in non-blocking mode.
2026-03-19T06:54:36.6264276Z Successfully opened named pipe: /podr/container/pipe/be044f2c1be6_careorbit-api-dev/stderr_df24ab4fc8484d39aa6502ee4a37abdb.
2026-03-19T06:54:36.6413690Z Successfully removed non-blocking flag from /podr/container/pipe/be044f2c1be6_careorbit-api-dev/stderr_df24ab4fc8484d39aa6502ee4a37abdb.
2026-03-19T06:54:36.6501943Z Creating container with image: appsvc/python:3.12_20260203.2.tuxprod from registry: 10.1.0.5:13209 and fully qualified image name: 10.1.0.5:13209/appsvc/python:3.12_20260203.2.tuxprod
2026-03-19T06:54:38.7747375Z Starting container: be044f2c1be6_careorbit-api-dev.
2026-03-19T06:54:39.0936666Z Starting watchers and probes.
2026-03-19T06:54:39.1191869Z Starting metrics collection.
2026-03-19T06:54:39.1474838Z Container is running.
2026-03-19T06:54:39.1547116Z State: Starting, Action: CreatingContainer, LastError: , LastErrorTimestamp: 01/01/0001 00:00:00, LastErrorDetails: , Details: Container careorbit-api-dev successfully created and is running., DetailsLevel: INFO
2026-03-19T06:54:39.5677377Z Container start method finished after 5963 ms.
2026-03-19T06:54:39.6256731Z State: Starting, Action: InitiatingSiteWarmUpProbe, LastError: , LastErrorTimestamp: 01/01/0001 00:00:00, LastErrorDetails: , Details: Container careorbit-api-dev successfully created and is running., DetailsLevel: INFO
2026-03-19T06:54:39.6342043Z State: Starting, Action: WaitingForSiteWarmUpProbeSuccess, LastError: , LastErrorTimestamp: 01/01/0001 00:00:00, LastErrorDetails: , Details: Pinging warmup path to ensure container is ready to receive requests., DetailsLevel: INFO
2026-03-19T06:57:05.8998526Z Site startup probe succeeded after 146.2029106 seconds.
2026-03-19T06:57:06.9760234Z State: Starting, Action: WarmUpProbeSucceeded, LastError: , LastErrorTimestamp: 01/01/0001 00:00:00, LastErrorDetails: , Details: Site startup probe succeeded after 146.2029106 seconds., DetailsLevel: INFO
2026-03-19T06:57:07.2752246Z State: Starting, Action: StartingAuthContainer, LastError: , LastErrorTimestamp: 01/01/0001 00:00:00, LastErrorDetails: , Details: Site startup probe succeeded after 146.2029106 seconds., DetailsLevel: INFO
2026-03-19T06:57:31.7915073Z Site is running with deployment version: 5ae23745-e3d4-49f1-96ee-5df50c9deb61
2026-03-19T06:57:31.9955181Z Site started.
2026-03-19T06:57:31.9961585Z State: Started, Action: None, LastError: , LastErrorTimestamp: 01/01/0001 00:00:00, LastErrorDetails: , Details: Site started at 03/19/2026 06:57:31 (UTC), DetailsLevel: INFO
2026-03-19T06:57:32.0511121Z Site is running with patch version PYTHON 3.12.12
2026-03-19T06:57:52.2786985Z State: Stopping, Action: StoppingSite, LastError: ContainerTimeout, LastErrorTimestamp: 03/18/2026 22:35:38, LastErrorDetails: Container did not start within expected time limit of 1800s. Please inspect your container logs for more details., Details: Site started at 03/19/2026 06:44:18 (UTC), DetailsLevel: INFO
2026-03-19T06:57:52.2800118Z State: Stopping, Action: StoppingSiteContainers, LastError: ContainerTimeout, LastErrorTimestamp: 03/18/2026 22:35:38, LastErrorDetails: Container did not start within expected time limit of 1800s. Please inspect your container logs for more details., Details: Site started at 03/19/2026 06:44:18 (UTC), DetailsLevel: INFO
2026-03-19T06:57:52.2803913Z Container is terminating. Grace period: 5 seconds.
2026-03-19T06:57:52.4670834Z Stop and delete container. Retry count = 0
2026-03-19T06:57:52.4956646Z Stopping container: 526f3030be8a_careorbit-api-dev.
2026-03-19T06:57:57.6371752Z Deleting container: 526f3030be8a_careorbit-api-dev. Retry count = 0
2026-03-19T06:57:59.1817154Z Container spec TerminationMessagePolicy  path 
2026-03-19T06:57:59.2081506Z Container is terminated. Total time elapsed: 6919 ms.
2026-03-19T06:57:59.2184956Z Site: careorbit-api-dev stopped.
2026-03-19T07:04:33.9963782Z State: Starting, Action: EstablishingSiteNetworks, LastError: , LastErrorTimestamp: 01/01/0001 00:00:00, LastErrorDetails: , Details: , DetailsLevel: INFO
2026-03-19T07:04:40.2847650Z State: Starting, Action: StartingSiteContainers, LastError: , LastErrorTimestamp: 01/01/0001 00:00:00, LastErrorDetails: , Details: , DetailsLevel: INFO
2026-03-19T07:04:40.2910730Z Container start method called.
2026-03-19T07:04:40.2923177Z State: Starting, Action: PullingImage, LastError: , LastErrorTimestamp: 01/01/0001 00:00:00, LastErrorDetails: , Details: Pulling image 10.1.0.4:13209/appsvc/python:3.12_20260203.2.tuxprod for careorbit-api-dev., DetailsLevel: INFO
2026-03-19T07:04:40.2925848Z Establishing network.
2026-03-19T07:04:40.2926963Z Pulling image: appsvc/python:3.12_20260203.2.tuxprod.
2026-03-19T07:04:41.0259313Z Container is starting.
2026-03-19T07:04:41.0261006Z State: Starting, Action: MountingVolumes, LastError: , LastErrorTimestamp: 01/01/0001 00:00:00, LastErrorDetails: , Details: Mounting volumes for careorbit-api-dev., DetailsLevel: INFO
2026-03-19T07:04:41.0271018Z Establishing user namespace if not established already.
2026-03-19T07:04:41.0273728Z Establishing network if not established already.
2026-03-19T07:04:41.0275685Z Mounting volumes.
2026-03-19T07:04:41.0434779Z Nested mountpoint 
2026-03-19T07:04:41.1096957Z Nested mountpoint volatile/logs
2026-03-19T07:04:41.2098598Z Nested mountpoint 
2026-03-19T07:04:41.4725986Z Nested mountpoint 
2026-03-19T07:04:41.5605200Z Nested mountpoint 
2026-03-19T07:04:42.6388435Z State: Starting, Action: CreatingContainer, LastError: , LastErrorTimestamp: 01/01/0001 00:00:00, LastErrorDetails: , Details: Finished pulling container image and mounting volumes for careorbit-api-dev. Allocatinng the rest of the container resources to finish container creation., DetailsLevel: INFO
2026-03-19T07:04:42.6630090Z Creating container.
2026-03-19T07:04:42.6700267Z Creating pipes for streaming container io.
2026-03-19T07:04:42.6768578Z Creating stdout named pipe at /podr/container/pipe/d0d49692b793_careorbit-api-dev/stdout_57bcf05410f2429ebb4a860f80a0f762.
2026-03-19T07:04:42.7095246Z Successfully created stdout named pipe at: /podr/container/pipe/d0d49692b793_careorbit-api-dev/stdout_57bcf05410f2429ebb4a860f80a0f762.
2026-03-19T07:04:42.7176995Z Opening named pipe /podr/container/pipe/d0d49692b793_careorbit-api-dev/stdout_57bcf05410f2429ebb4a860f80a0f762 for reading in non-blocking mode.
2026-03-19T07:04:42.7234867Z Successfully opened named pipe: /podr/container/pipe/d0d49692b793_careorbit-api-dev/stdout_57bcf05410f2429ebb4a860f80a0f762.
2026-03-19T07:04:42.7242209Z Successfully removed non-blocking flag from /podr/container/pipe/d0d49692b793_careorbit-api-dev/stdout_57bcf05410f2429ebb4a860f80a0f762.
2026-03-19T07:04:42.7245408Z Creating stderr named pipe at /podr/container/pipe/d0d49692b793_careorbit-api-dev/stderr_cd43e988c4e34944acf091b61cd78f00.
2026-03-19T07:04:42.7247022Z Successfully created stderr named pipe at: /podr/container/pipe/d0d49692b793_careorbit-api-dev/stderr_cd43e988c4e34944acf091b61cd78f00.
2026-03-19T07:04:42.7247795Z Opening named pipe /podr/container/pipe/d0d49692b793_careorbit-api-dev/stderr_cd43e988c4e34944acf091b61cd78f00 for reading in non-blocking mode.
2026-03-19T07:04:42.7248653Z Successfully opened named pipe: /podr/container/pipe/d0d49692b793_careorbit-api-dev/stderr_cd43e988c4e34944acf091b61cd78f00.
2026-03-19T07:04:42.7249332Z Successfully removed non-blocking flag from /podr/container/pipe/d0d49692b793_careorbit-api-dev/stderr_cd43e988c4e34944acf091b61cd78f00.
2026-03-19T07:04:42.7458765Z Creating container with image: appsvc/python:3.12_20260203.2.tuxprod from registry: 10.1.0.4:13209 and fully qualified image name: 10.1.0.4:13209/appsvc/python:3.12_20260203.2.tuxprod
2026-03-19T07:04:44.4588796Z Starting container: d0d49692b793_careorbit-api-dev.
2026-03-19T07:04:44.5885292Z Starting watchers and probes.
2026-03-19T07:04:44.6155067Z Starting metrics collection.
2026-03-19T07:04:44.6220795Z Container is running.
2026-03-19T07:04:44.6261374Z State: Starting, Action: CreatingContainer, LastError: , LastErrorTimestamp: 01/01/0001 00:00:00, LastErrorDetails: , Details: Container careorbit-api-dev successfully created and is running., DetailsLevel: INFO
2026-03-19T07:04:44.8533317Z Container start method finished after 4562 ms.
2026-03-19T07:04:44.8535041Z State: Starting, Action: InitiatingSiteWarmUpProbe, LastError: , LastErrorTimestamp: 01/01/0001 00:00:00, LastErrorDetails: , Details: Container careorbit-api-dev successfully created and is running., DetailsLevel: INFO
2026-03-19T07:04:44.8535227Z State: Starting, Action: WaitingForSiteWarmUpProbeSuccess, LastError: , LastErrorTimestamp: 01/01/0001 00:00:00, LastErrorDetails: , Details: Pinging warmup path to ensure container is ready to receive requests., DetailsLevel: INFO
2026-03-19T07:06:12.8850939Z Site startup probe succeeded after 87.4069341 seconds.
2026-03-19T07:06:13.2289570Z State: Starting, Action: WarmUpProbeSucceeded, LastError: , LastErrorTimestamp: 01/01/0001 00:00:00, LastErrorDetails: , Details: Site startup probe succeeded after 87.4069341 seconds., DetailsLevel: INFO
2026-03-19T07:06:13.4461418Z State: Starting, Action: StartingAuthContainer, LastError: , LastErrorTimestamp: 01/01/0001 00:00:00, LastErrorDetails: , Details: Site startup probe succeeded after 87.4069341 seconds., DetailsLevel: INFO
2026-03-19T07:06:27.2505862Z Site is running with deployment version: 9f711c9c-60ae-4d50-8846-8517711b1810
2026-03-19T07:06:27.2587718Z Site started.
2026-03-19T07:06:27.2985013Z State: Started, Action: None, LastError: , LastErrorTimestamp: 01/01/0001 00:00:00, LastErrorDetails: , Details: Site started at 03/19/2026 07:06:27 (UTC), DetailsLevel: INFO
2026-03-19T07:06:27.3492956Z Site is running with patch version PYTHON 3.12.12
2026-03-19T07:06:47.9470197Z State: Stopping, Action: StoppingSite, LastError: ContainerTimeout, LastErrorTimestamp: 03/18/2026 22:35:38, LastErrorDetails: Container did not start within expected time limit of 1800s. Please inspect your container logs for more details., Details: Site started at 03/19/2026 06:57:31 (UTC), DetailsLevel: INFO
2026-03-19T07:06:47.9555798Z State: Stopping, Action: StoppingSiteContainers, LastError: ContainerTimeout, LastErrorTimestamp: 03/18/2026 22:35:38, LastErrorDetails: Container did not start within expected time limit of 1800s. Please inspect your container logs for more details., Details: Site started at 03/19/2026 06:57:31 (UTC), DetailsLevel: INFO
2026-03-19T07:06:47.9617808Z Container is terminating. Grace period: 5 seconds.
2026-03-19T07:06:48.1758400Z Stop and delete container. Retry count = 0
2026-03-19T07:06:48.1765497Z Stopping container: be044f2c1be6_careorbit-api-dev.
2026-03-19T07:06:53.5888609Z Deleting container: be044f2c1be6_careorbit-api-dev. Retry count = 0
2026-03-19T07:06:56.9551206Z Container spec TerminationMessagePolicy  path 
2026-03-19T07:06:56.9582801Z Container is terminated. Total time elapsed: 8995 ms.
2026-03-19T07:06:56.9656224Z Site: careorbit-api-dev stopped.
2026-03-19T07:11:11.9541806Z State: Starting, Action: EstablishingSiteNetworks, LastError: , LastErrorTimestamp: 01/01/0001 00:00:00, LastErrorDetails: , Details: , DetailsLevel: INFO
2026-03-19T07:11:21.0365041Z State: Starting, Action: StartingSiteContainers, LastError: , LastErrorTimestamp: 01/01/0001 00:00:00, LastErrorDetails: , Details: , DetailsLevel: INFO
2026-03-19T07:11:21.0446295Z Container start method called.
2026-03-19T07:11:21.0452787Z State: Starting, Action: PullingImage, LastError: , LastErrorTimestamp: 01/01/0001 00:00:00, LastErrorDetails: , Details: Pulling image 10.1.0.4:13209/appsvc/python:3.12_20260203.2.tuxprod for careorbit-api-dev., DetailsLevel: INFO
2026-03-19T07:11:21.0454719Z Establishing network.
2026-03-19T07:11:21.0455898Z Pulling image: appsvc/python:3.12_20260203.2.tuxprod.
2026-03-19T07:11:22.5102649Z Container is starting.
2026-03-19T07:11:22.5104414Z State: Starting, Action: MountingVolumes, LastError: , LastErrorTimestamp: 01/01/0001 00:00:00, LastErrorDetails: , Details: Mounting volumes for careorbit-api-dev., DetailsLevel: INFO
2026-03-19T07:11:22.5117311Z Establishing user namespace if not established already.
2026-03-19T07:11:22.5284999Z Establishing network if not established already.
2026-03-19T07:11:22.5299584Z Mounting volumes.
2026-03-19T07:11:22.5391870Z Nested mountpoint 
2026-03-19T07:11:22.6753438Z Nested mountpoint volatile/logs
2026-03-19T07:11:22.9309605Z Nested mountpoint 
2026-03-19T07:11:22.9647974Z Nested mountpoint 
2026-03-19T07:11:23.1142303Z Nested mountpoint 
2026-03-19T07:11:24.9848780Z State: Starting, Action: CreatingContainer, LastError: , LastErrorTimestamp: 01/01/0001 00:00:00, LastErrorDetails: , Details: Finished pulling container image and mounting volumes for careorbit-api-dev. Allocatinng the rest of the container resources to finish container creation., DetailsLevel: INFO
2026-03-19T07:11:25.0117183Z Creating container.
2026-03-19T07:11:25.0124911Z Creating pipes for streaming container io.
2026-03-19T07:11:25.0278124Z Creating stdout named pipe at /podr/container/pipe/8427e5790502_careorbit-api-dev/stdout_b45fc9fc1f43442e9e351f37b1a81d69.
2026-03-19T07:11:25.0460908Z Successfully created stdout named pipe at: /podr/container/pipe/8427e5790502_careorbit-api-dev/stdout_b45fc9fc1f43442e9e351f37b1a81d69.
2026-03-19T07:11:25.0463371Z Opening named pipe /podr/container/pipe/8427e5790502_careorbit-api-dev/stdout_b45fc9fc1f43442e9e351f37b1a81d69 for reading in non-blocking mode.
2026-03-19T07:11:25.0464948Z Successfully opened named pipe: /podr/container/pipe/8427e5790502_careorbit-api-dev/stdout_b45fc9fc1f43442e9e351f37b1a81d69.
2026-03-19T07:11:25.0540515Z Successfully removed non-blocking flag from /podr/container/pipe/8427e5790502_careorbit-api-dev/stdout_b45fc9fc1f43442e9e351f37b1a81d69.
2026-03-19T07:11:25.0730374Z Creating stderr named pipe at /podr/container/pipe/8427e5790502_careorbit-api-dev/stderr_abb228e92af7476fa4fc1598c7d8cfab.
2026-03-19T07:11:25.0733446Z Successfully created stderr named pipe at: /podr/container/pipe/8427e5790502_careorbit-api-dev/stderr_abb228e92af7476fa4fc1598c7d8cfab.
2026-03-19T07:11:25.0734781Z Opening named pipe /podr/container/pipe/8427e5790502_careorbit-api-dev/stderr_abb228e92af7476fa4fc1598c7d8cfab for reading in non-blocking mode.
2026-03-19T07:11:25.0736077Z Successfully opened named pipe: /podr/container/pipe/8427e5790502_careorbit-api-dev/stderr_abb228e92af7476fa4fc1598c7d8cfab.
2026-03-19T07:11:25.0737074Z Successfully removed non-blocking flag from /podr/container/pipe/8427e5790502_careorbit-api-dev/stderr_abb228e92af7476fa4fc1598c7d8cfab.
2026-03-19T07:11:25.0921770Z Creating container with image: appsvc/python:3.12_20260203.2.tuxprod from registry: 10.1.0.4:13209 and fully qualified image name: 10.1.0.4:13209/appsvc/python:3.12_20260203.2.tuxprod
2026-03-19T07:11:27.3931996Z Starting container: 8427e5790502_careorbit-api-dev.
2026-03-19T07:11:27.5174684Z Starting watchers and probes.
2026-03-19T07:11:27.5415980Z Starting metrics collection.
2026-03-19T07:11:27.5496176Z Container is running.
2026-03-19T07:11:27.5498341Z State: Starting, Action: CreatingContainer, LastError: , LastErrorTimestamp: 01/01/0001 00:00:00, LastErrorDetails: , Details: Container careorbit-api-dev successfully created and is running., DetailsLevel: INFO
2026-03-19T07:11:28.0056273Z Container start method finished after 6960 ms.
2026-03-19T07:11:28.1817682Z State: Starting, Action: InitiatingSiteWarmUpProbe, LastError: , LastErrorTimestamp: 01/01/0001 00:00:00, LastErrorDetails: , Details: Container careorbit-api-dev successfully created and is running., DetailsLevel: INFO
2026-03-19T07:11:28.1826378Z State: Starting, Action: WaitingForSiteWarmUpProbeSuccess, LastError: , LastErrorTimestamp: 01/01/0001 00:00:00, LastErrorDetails: , Details: Pinging warmup path to ensure container is ready to receive requests., DetailsLevel: INFO
2026-03-19T07:14:23.8675481Z Site startup probe succeeded after 175.6015509 seconds.
2026-03-19T07:14:26.0930385Z State: Starting, Action: WarmUpProbeSucceeded, LastError: , LastErrorTimestamp: 01/01/0001 00:00:00, LastErrorDetails: , Details: Site startup probe succeeded after 175.6015509 seconds., DetailsLevel: INFO
2026-03-19T07:14:26.7015390Z State: Starting, Action: StartingAuthContainer, LastError: , LastErrorTimestamp: 01/01/0001 00:00:00, LastErrorDetails: , Details: Site startup probe succeeded after 175.6015509 seconds., DetailsLevel: INFO
2026-03-19T07:15:00.9134121Z Site is running with deployment version: 8bbe3fbd-f872-45de-a383-e0c302021519
2026-03-19T07:15:01.0015121Z Site started.
2026-03-19T07:15:01.0418527Z State: Started, Action: None, LastError: , LastErrorTimestamp: 01/01/0001 00:00:00, LastErrorDetails: , Details: Site started at 03/19/2026 07:15:01 (UTC), DetailsLevel: INFO
2026-03-19T07:15:01.0840860Z Site is running with patch version PYTHON 3.12.12
2026-03-19T07:15:21.6354639Z State: Stopping, Action: StoppingSite, LastError: ContainerTimeout, LastErrorTimestamp: 03/18/2026 22:35:38, LastErrorDetails: Container did not start within expected time limit of 1800s. Please inspect your container logs for more details., Details: Site started at 03/19/2026 07:06:27 (UTC), DetailsLevel: INFO
2026-03-19T07:15:21.6584711Z State: Stopping, Action: StoppingSiteContainers, LastError: ContainerTimeout, LastErrorTimestamp: 03/18/2026 22:35:38, LastErrorDetails: Container did not start within expected time limit of 1800s. Please inspect your container logs for more details., Details: Site started at 03/19/2026 07:06:27 (UTC), DetailsLevel: INFO
2026-03-19T07:15:21.6700104Z Container is terminating. Grace period: 5 seconds.
2026-03-19T07:15:23.0528611Z Stop and delete container. Retry count = 0
2026-03-19T07:15:23.0529902Z Stopping container: d0d49692b793_careorbit-api-dev.
2026-03-19T07:15:30.0608347Z Deleting container: d0d49692b793_careorbit-api-dev. Retry count = 0
2026-03-19T07:15:34.4233919Z Container spec TerminationMessagePolicy  path 
2026-03-19T07:15:34.4335850Z Container is terminated. Total time elapsed: 12757 ms.
2026-03-19T07:15:34.4517812Z Site: careorbit-api-dev stopped.
2026-03-19T08:07:02.9722257Z State: Starting, Action: EstablishingSiteNetworks, LastError: , LastErrorTimestamp: 01/01/0001 00:00:00, LastErrorDetails: , Details: , DetailsLevel: INFO
2026-03-19T08:07:10.3476696Z State: Starting, Action: StartingSiteContainers, LastError: , LastErrorTimestamp: 01/01/0001 00:00:00, LastErrorDetails: , Details: , DetailsLevel: INFO
2026-03-19T08:07:10.3624545Z Container start method called.
2026-03-19T08:07:10.3625690Z State: Starting, Action: PullingImage, LastError: , LastErrorTimestamp: 01/01/0001 00:00:00, LastErrorDetails: , Details: Pulling image 10.1.0.4:13209/appsvc/python:3.12_20260203.2.tuxprod for careorbit-api-dev., DetailsLevel: INFO
2026-03-19T08:07:10.3626719Z Establishing network.
2026-03-19T08:07:10.3628115Z Pulling image: appsvc/python:3.12_20260203.2.tuxprod.
2026-03-19T08:07:11.0890239Z Container is starting.
2026-03-19T08:07:11.0899838Z State: Starting, Action: MountingVolumes, LastError: , LastErrorTimestamp: 01/01/0001 00:00:00, LastErrorDetails: , Details: Mounting volumes for careorbit-api-dev., DetailsLevel: INFO
2026-03-19T08:07:11.0911793Z Establishing user namespace if not established already.
2026-03-19T08:07:11.0915686Z Establishing network if not established already.
2026-03-19T08:07:11.0999100Z Mounting volumes.
2026-03-19T08:07:11.1029288Z Nested mountpoint 
2026-03-19T08:07:11.1904732Z Nested mountpoint volatile/logs
2026-03-19T08:07:11.2693999Z Nested mountpoint 
2026-03-19T08:07:11.4354553Z Nested mountpoint 
2026-03-19T08:07:11.6038251Z Nested mountpoint 
2026-03-19T08:07:13.6405920Z State: Starting, Action: CreatingContainer, LastError: , LastErrorTimestamp: 01/01/0001 00:00:00, LastErrorDetails: , Details: Finished pulling container image and mounting volumes for careorbit-api-dev. Allocatinng the rest of the container resources to finish container creation., DetailsLevel: INFO
2026-03-19T08:07:13.6409510Z Creating container.
2026-03-19T08:07:13.6417235Z Creating pipes for streaming container io.
2026-03-19T08:07:13.6427925Z Creating stdout named pipe at /podr/container/pipe/e185d5fe90b9_careorbit-api-dev/stdout_4a01e66677b742698a3f7a8ff7da13a3.
2026-03-19T08:07:13.6911581Z Successfully created stdout named pipe at: /podr/container/pipe/e185d5fe90b9_careorbit-api-dev/stdout_4a01e66677b742698a3f7a8ff7da13a3.
2026-03-19T08:07:13.6928434Z Opening named pipe /podr/container/pipe/e185d5fe90b9_careorbit-api-dev/stdout_4a01e66677b742698a3f7a8ff7da13a3 for reading in non-blocking mode.
2026-03-19T08:07:13.7020685Z Successfully opened named pipe: /podr/container/pipe/e185d5fe90b9_careorbit-api-dev/stdout_4a01e66677b742698a3f7a8ff7da13a3.
2026-03-19T08:07:13.7035159Z Successfully removed non-blocking flag from /podr/container/pipe/e185d5fe90b9_careorbit-api-dev/stdout_4a01e66677b742698a3f7a8ff7da13a3.
2026-03-19T08:07:13.7310470Z Creating stderr named pipe at /podr/container/pipe/e185d5fe90b9_careorbit-api-dev/stderr_7b07dc963d7c4f1fb0923a9a227210be.
2026-03-19T08:07:13.7322473Z Successfully created stderr named pipe at: /podr/container/pipe/e185d5fe90b9_careorbit-api-dev/stderr_7b07dc963d7c4f1fb0923a9a227210be.
2026-03-19T08:07:13.7514173Z Opening named pipe /podr/container/pipe/e185d5fe90b9_careorbit-api-dev/stderr_7b07dc963d7c4f1fb0923a9a227210be for reading in non-blocking mode.
2026-03-19T08:07:13.7526372Z Successfully opened named pipe: /podr/container/pipe/e185d5fe90b9_careorbit-api-dev/stderr_7b07dc963d7c4f1fb0923a9a227210be.
2026-03-19T08:07:13.7536453Z Successfully removed non-blocking flag from /podr/container/pipe/e185d5fe90b9_careorbit-api-dev/stderr_7b07dc963d7c4f1fb0923a9a227210be.
2026-03-19T08:07:13.7623406Z Creating container with image: appsvc/python:3.12_20260203.2.tuxprod from registry: 10.1.0.4:13209 and fully qualified image name: 10.1.0.4:13209/appsvc/python:3.12_20260203.2.tuxprod
2026-03-19T08:07:16.0108832Z Starting container: e185d5fe90b9_careorbit-api-dev.
2026-03-19T08:07:16.2631507Z Starting watchers and probes.
2026-03-19T08:07:16.2814286Z Starting metrics collection.
2026-03-19T08:07:16.3026968Z Container is running.
2026-03-19T08:07:16.3029834Z State: Starting, Action: CreatingContainer, LastError: , LastErrorTimestamp: 01/01/0001 00:00:00, LastErrorDetails: , Details: Container careorbit-api-dev successfully created and is running., DetailsLevel: INFO
2026-03-19T08:07:16.8137420Z Container start method finished after 6451 ms.
2026-03-19T08:07:16.8728622Z State: Starting, Action: InitiatingSiteWarmUpProbe, LastError: , LastErrorTimestamp: 01/01/0001 00:00:00, LastErrorDetails: , Details: Container careorbit-api-dev successfully created and is running., DetailsLevel: INFO
2026-03-19T08:07:16.8739775Z State: Starting, Action: WaitingForSiteWarmUpProbeSuccess, LastError: , LastErrorTimestamp: 01/01/0001 00:00:00, LastErrorDetails: , Details: Pinging warmup path to ensure container is ready to receive requests., DetailsLevel: INFO
2026-03-19T08:09:43.9230144Z Container has finished running with exit code: 3.
2026-03-19T08:09:43.9602170Z Container is terminating. Grace period: 5 seconds.
2026-03-19T08:09:43.9822416Z Stop and delete container. Retry count = 0
2026-03-19T08:09:44.0510508Z Stopping container: e185d5fe90b9_careorbit-api-dev.
2026-03-19T08:09:44.1919136Z Deleting container: e185d5fe90b9_careorbit-api-dev. Retry count = 0
2026-03-19T08:09:46.8840920Z Container spec TerminationMessagePolicy  path 
2026-03-19T08:09:46.9013876Z Container is terminated. Total time elapsed: 2940 ms.
2026-03-19T08:09:46.9019348Z Site container: careorbit-api-dev terminated during site startup.
2026-03-19T08:09:46.9508808Z State: Stopping, Action: CancellingStartup, LastError: , LastErrorTimestamp: 01/01/0001 00:00:00, LastErrorDetails: , Details: Site container: careorbit-api-dev terminated during site startup. Cancelling site startup., DetailsLevel: ERR
2026-03-19T08:09:48.0170884Z Site startup probe failed after 151.104134 seconds.
2026-03-19T08:09:48.6984868Z State: Stopping, Action: CancellingStartup, LastError: ContainerTimeout, LastErrorTimestamp: 03/19/2026 08:09:48, LastErrorDetails: Container did not start within expected time limit of 1800s. Please inspect your container logs for more details., Details: Site container: careorbit-api-dev terminated during site startup. Cancelling site startup., DetailsLevel: ERR
2026-03-19T08:09:48.7996074Z Failed to start site. Revert by stopping site.
2026-03-19T08:09:48.8172619Z State: Stopping, Action: StoppingSite, LastError: ContainerTimeout, LastErrorTimestamp: 03/19/2026 08:09:48, LastErrorDetails: Container did not start within expected time limit of 1800s. Please inspect your container logs for more details., Details: Site container: careorbit-api-dev terminated during site startup. Cancelling site startup., DetailsLevel: ERR
2026-03-19T08:09:48.8400798Z State: Stopping, Action: StoppingSiteContainers, LastError: ContainerTimeout, LastErrorTimestamp: 03/19/2026 08:09:48, LastErrorDetails: Container did not start within expected time limit of 1800s. Please inspect your container logs for more details., Details: Site container: careorbit-api-dev terminated during site startup. Cancelling site startup., DetailsLevel: ERR
2026-03-19T08:09:48.8400989Z Site: careorbit-api-dev stopped.
2026-03-19T08:10:12.4729886Z State: Stopping, Action: StoppingSite, LastError: ContainerTimeout, LastErrorTimestamp: 03/18/2026 22:35:38, LastErrorDetails: Container did not start within expected time limit of 1800s. Please inspect your container logs for more details., Details: Site started at 03/19/2026 07:15:01 (UTC), DetailsLevel: INFO
2026-03-19T08:10:12.4828413Z State: Stopping, Action: StoppingSiteContainers, LastError: ContainerTimeout, LastErrorTimestamp: 03/18/2026 22:35:38, LastErrorDetails: Container did not start within expected time limit of 1800s. Please inspect your container logs for more details., Details: Site started at 03/19/2026 07:15:01 (UTC), DetailsLevel: INFO
2026-03-19T08:10:12.4894033Z Container is terminating. Grace period: 5 seconds.
2026-03-19T08:10:12.5498281Z Stop and delete container. Retry count = 0
2026-03-19T08:10:12.5509407Z Stopping container: 8427e5790502_careorbit-api-dev.
2026-03-19T08:10:17.7056923Z Deleting container: 8427e5790502_careorbit-api-dev. Retry count = 0
2026-03-19T08:10:19.2904463Z Container spec TerminationMessagePolicy  path 
2026-03-19T08:10:19.2908005Z Container is terminated. Total time elapsed: 6800 ms.
2026-03-19T08:10:19.3001186Z Site: careorbit-api-dev stopped.
2026-03-19T08:09:48.9086428Z State: Stopping, Action: UnmountingVolumes, LastError: ContainerTimeout, LastErrorTimestamp: 03/19/2026 08:09:48, LastErrorDetails: Container did not start within expected time limit of 1800s. Please inspect your container logs for more details., Details: Site container: careorbit-api-dev terminated during site startup. Cancelling site startup., DetailsLevel: ERR
2026-03-19T08:09:50.5024363Z State: Stopping, Action: StoppingSiteNetworks, LastError: ContainerTimeout, LastErrorTimestamp: 03/19/2026 08:09:48, LastErrorDetails: Container did not start within expected time limit of 1800s. Please inspect your container logs for more details., Details: Site container: careorbit-api-dev terminated during site startup. Cancelling site startup., DetailsLevel: ERR
2026-03-19T08:09:51.5654696Z State: Stopped, Action: None, LastError: ContainerTimeout, LastErrorTimestamp: 03/19/2026 08:09:48, LastErrorDetails: Container did not start within expected time limit of 1800s. Please inspect your container logs for more details., Details: Site stopped at 03/19/2026 08:09:51 (UTC), DetailsLevel: ERR
2026-03-19T08:09:51.6300386Z State: Stopped, Action: None, LastError: ContainerTimeout, LastErrorTimestamp: 03/19/2026 08:09:48, LastErrorDetails: Container did not start within expected time limit of 1800s. Please inspect your container logs for more details., Details: Site stopped at 03/19/2026 08:09:51 (UTC), DetailsLevel: ERR
2026-03-19T08:13:42.5561882Z State: Starting, Action: EstablishingSiteNetworks, LastError: ContainerTimeout, LastErrorTimestamp: 03/19/2026 08:09:48, LastErrorDetails: Container did not start within expected time limit of 1800s. Please inspect your container logs for more details., Details: Site stopped at 03/19/2026 08:09:51 (UTC), DetailsLevel: ERR
2026-03-19T08:13:47.5008779Z State: Starting, Action: StartingSiteContainers, LastError: ContainerTimeout, LastErrorTimestamp: 03/19/2026 08:09:48, LastErrorDetails: Container did not start within expected time limit of 1800s. Please inspect your container logs for more details., Details: Site stopped at 03/19/2026 08:09:51 (UTC), DetailsLevel: ERR
2026-03-19T08:13:47.5013045Z Container start method called.
2026-03-19T08:13:47.5092626Z State: Starting, Action: PullingImage, LastError: ContainerTimeout, LastErrorTimestamp: 03/19/2026 08:09:48, LastErrorDetails: Container did not start within expected time limit of 1800s. Please inspect your container logs for more details., Details: Pulling image 10.1.0.4:13209/appsvc/python:3.12_20260203.2.tuxprod for careorbit-api-dev., DetailsLevel: INFO
2026-03-19T08:13:47.5094656Z Establishing network.
2026-03-19T08:13:47.5096062Z Pulling image: appsvc/python:3.12_20260203.2.tuxprod.
2026-03-19T08:13:48.1088842Z Container is starting.
2026-03-19T08:13:48.1134342Z State: Starting, Action: MountingVolumes, LastError: ContainerTimeout, LastErrorTimestamp: 03/19/2026 08:09:48, LastErrorDetails: Container did not start within expected time limit of 1800s. Please inspect your container logs for more details., Details: Mounting volumes for careorbit-api-dev., DetailsLevel: INFO
2026-03-19T08:13:48.1144467Z Establishing user namespace if not established already.
2026-03-19T08:13:48.1148139Z Establishing network if not established already.
2026-03-19T08:13:48.1157391Z Mounting volumes.
2026-03-19T08:13:48.1212091Z Nested mountpoint 
2026-03-19T08:13:48.1650468Z Nested mountpoint volatile/logs
2026-03-19T08:13:48.2039896Z Nested mountpoint 
2026-03-19T08:13:48.2560299Z Nested mountpoint 
2026-03-19T08:13:48.2852864Z Nested mountpoint 
2026-03-19T08:13:49.5688241Z State: Starting, Action: CreatingContainer, LastError: ContainerTimeout, LastErrorTimestamp: 03/19/2026 08:09:48, LastErrorDetails: Container did not start within expected time limit of 1800s. Please inspect your container logs for more details., Details: Finished pulling container image and mounting volumes for careorbit-api-dev. Allocatinng the rest of the container resources to finish container creation., DetailsLevel: INFO
2026-03-19T08:13:49.5691225Z Creating container.
2026-03-19T08:13:49.5765521Z Creating pipes for streaming container io.
2026-03-19T08:13:49.5769042Z Creating stdout named pipe at /podr/container/pipe/f134af79933c_careorbit-api-dev/stdout_8a7ddfef832e458cbe778ae02547aa55.
2026-03-19T08:13:49.5888973Z Successfully created stdout named pipe at: /podr/container/pipe/f134af79933c_careorbit-api-dev/stdout_8a7ddfef832e458cbe778ae02547aa55.
2026-03-19T08:13:49.5890342Z Opening named pipe /podr/container/pipe/f134af79933c_careorbit-api-dev/stdout_8a7ddfef832e458cbe778ae02547aa55 for reading in non-blocking mode.
2026-03-19T08:13:49.6132524Z Successfully opened named pipe: /podr/container/pipe/f134af79933c_careorbit-api-dev/stdout_8a7ddfef832e458cbe778ae02547aa55.
2026-03-19T08:13:49.6225636Z Successfully removed non-blocking flag from /podr/container/pipe/f134af79933c_careorbit-api-dev/stdout_8a7ddfef832e458cbe778ae02547aa55.
2026-03-19T08:13:49.6411736Z Creating stderr named pipe at /podr/container/pipe/f134af79933c_careorbit-api-dev/stderr_83a2ab139010437197786c297a1af1e4.
2026-03-19T08:13:49.6413827Z Successfully created stderr named pipe at: /podr/container/pipe/f134af79933c_careorbit-api-dev/stderr_83a2ab139010437197786c297a1af1e4.
2026-03-19T08:13:49.6414544Z Opening named pipe /podr/container/pipe/f134af79933c_careorbit-api-dev/stderr_83a2ab139010437197786c297a1af1e4 for reading in non-blocking mode.
2026-03-19T08:13:49.6415474Z Successfully opened named pipe: /podr/container/pipe/f134af79933c_careorbit-api-dev/stderr_83a2ab139010437197786c297a1af1e4.
2026-03-19T08:13:49.6416185Z Successfully removed non-blocking flag from /podr/container/pipe/f134af79933c_careorbit-api-dev/stderr_83a2ab139010437197786c297a1af1e4.
2026-03-19T08:13:49.6609748Z Creating container with image: appsvc/python:3.12_20260203.2.tuxprod from registry: 10.1.0.4:13209 and fully qualified image name: 10.1.0.4:13209/appsvc/python:3.12_20260203.2.tuxprod
2026-03-19T08:13:51.4054667Z Starting container: f134af79933c_careorbit-api-dev.
2026-03-19T08:13:51.5154526Z Starting watchers and probes.
2026-03-19T08:13:51.5358153Z Starting metrics collection.
2026-03-19T08:13:51.5451315Z Container is running.
2026-03-19T08:13:51.5656758Z State: Starting, Action: CreatingContainer, LastError: ContainerTimeout, LastErrorTimestamp: 03/19/2026 08:09:48, LastErrorDetails: Container did not start within expected time limit of 1800s. Please inspect your container logs for more details., Details: Container careorbit-api-dev successfully created and is running., DetailsLevel: INFO
2026-03-19T08:13:51.8672299Z Container start method finished after 4365 ms.
2026-03-19T08:13:51.9073156Z State: Starting, Action: InitiatingSiteWarmUpProbe, LastError: ContainerTimeout, LastErrorTimestamp: 03/19/2026 08:09:48, LastErrorDetails: Container did not start within expected time limit of 1800s. Please inspect your container logs for more details., Details: Container careorbit-api-dev successfully created and is running., DetailsLevel: INFO
2026-03-19T08:13:51.9259587Z State: Starting, Action: WaitingForSiteWarmUpProbeSuccess, LastError: ContainerTimeout, LastErrorTimestamp: 03/19/2026 08:09:48, LastErrorDetails: Container did not start within expected time limit of 1800s. Please inspect your container logs for more details., Details: Pinging warmup path to ensure container is ready to receive requests., DetailsLevel: INFO
2026-03-19T08:16:10.2986796Z Container has finished running with exit code: 3.
2026-03-19T08:16:10.2998019Z Container is terminating. Grace period: 5 seconds.
2026-03-19T08:16:10.3007117Z Stop and delete container. Retry count = 0
2026-03-19T08:16:10.3007906Z Stopping container: f134af79933c_careorbit-api-dev.
2026-03-19T08:16:10.3809014Z Deleting container: f134af79933c_careorbit-api-dev. Retry count = 0
2026-03-19T08:16:11.7554699Z Container spec TerminationMessagePolicy  path 
2026-03-19T08:16:11.7651586Z Container is terminated. Total time elapsed: 1464 ms.
2026-03-19T08:16:11.7806389Z Site container: careorbit-api-dev terminated during site startup.
2026-03-19T08:16:11.7960959Z State: Stopping, Action: CancellingStartup, LastError: ContainerTimeout, LastErrorTimestamp: 03/19/2026 08:09:48, LastErrorDetails: Container did not start within expected time limit of 1800s. Please inspect your container logs for more details., Details: Site container: careorbit-api-dev terminated during site startup. Cancelling site startup., DetailsLevel: ERR
2026-03-19T08:16:12.0140580Z Site startup probe failed after 140.0049546 seconds.
2026-03-19T08:16:12.6077902Z State: Stopping, Action: CancellingStartup, LastError: ContainerTimeout, LastErrorTimestamp: 03/19/2026 08:16:12, LastErrorDetails: Container did not start within expected time limit of 1800s. Please inspect your container logs for more details., Details: Site container: careorbit-api-dev terminated during site startup. Cancelling site startup., DetailsLevel: ERR
2026-03-19T08:16:12.6486813Z Failed to start site. Revert by stopping site.
2026-03-19T08:16:12.6558853Z State: Stopping, Action: StoppingSite, LastError: ContainerTimeout, LastErrorTimestamp: 03/19/2026 08:16:12, LastErrorDetails: Container did not start within expected time limit of 1800s. Please inspect your container logs for more details., Details: Site container: careorbit-api-dev terminated during site startup. Cancelling site startup., DetailsLevel: ERR
2026-03-19T08:16:12.6715214Z State: Stopping, Action: StoppingSiteContainers, LastError: ContainerTimeout, LastErrorTimestamp: 03/19/2026 08:16:12, LastErrorDetails: Container did not start within expected time limit of 1800s. Please inspect your container logs for more details., Details: Site container: careorbit-api-dev terminated during site startup. Cancelling site startup., DetailsLevel: ERR
2026-03-19T08:16:12.6724871Z Site: careorbit-api-dev stopped.
2026-03-19T08:16:12.6804124Z State: Stopping, Action: UnmountingVolumes, LastError: ContainerTimeout, LastErrorTimestamp: 03/19/2026 08:16:12, LastErrorDetails: Container did not start within expected time limit of 1800s. Please inspect your container logs for more details., Details: Site container: careorbit-api-dev terminated during site startup. Cancelling site startup., DetailsLevel: ERR
2026-03-19T08:16:13.5589529Z State: Stopping, Action: StoppingSiteNetworks, LastError: ContainerTimeout, LastErrorTimestamp: 03/19/2026 08:16:12, LastErrorDetails: Container did not start within expected time limit of 1800s. Please inspect your container logs for more details., Details: Site container: careorbit-api-dev terminated during site startup. Cancelling site startup., DetailsLevel: ERR
2026-03-19T08:16:14.4039591Z Site: careorbit-api-dev will be blocked for 1 minutes till 03/19/2026 08:17:14
2026-03-19T08:16:14.4044207Z State: Blocked, Action: StoppingSiteNetworks, LastError: ContainerTimeout, LastErrorTimestamp: 03/19/2026 08:16:12, LastErrorDetails: Container did not start within expected time limit of 1800s. Please inspect your container logs for more details., Details: Site: careorbit-api-dev will be blocked for 1 minutes till 03/19/2026 08:17:14, DetailsLevel: WARN
2026-03-19T08:16:14.4240034Z State: Stopped, Action: None, LastError: ContainerTimeout, LastErrorTimestamp: 03/19/2026 08:16:12, LastErrorDetails: Container did not start within expected time limit of 1800s. Please inspect your container logs for more details., Details: Site stopped at 03/19/2026 08:16:14 (UTC), DetailsLevel: WARN
2026-03-19T08:16:14.7557316Z State: Stopped, Action: None, LastError: ContainerTimeout, LastErrorTimestamp: 03/19/2026 08:16:12, LastErrorDetails: Container did not start within expected time limit of 1800s. Please inspect your container logs for more details., Details: Site stopped at 03/19/2026 08:16:14 (UTC), DetailsLevel: WARN
2026-03-19T08:17:14.4246769Z Site: careorbit-api-dev is unblocked.
2026-03-19T08:17:34.2074195Z State: Starting, Action: EstablishingSiteNetworks, LastError: ContainerTimeout, LastErrorTimestamp: 03/19/2026 08:16:12, LastErrorDetails: Container did not start within expected time limit of 1800s. Please inspect your container logs for more details., Details: Site stopped at 03/19/2026 08:16:14 (UTC), DetailsLevel: WARN
2026-03-19T08:17:39.3025040Z State: Starting, Action: StartingSiteContainers, LastError: ContainerTimeout, LastErrorTimestamp: 03/19/2026 08:16:12, LastErrorDetails: Container did not start within expected time limit of 1800s. Please inspect your container logs for more details., Details: Site stopped at 03/19/2026 08:16:14 (UTC), DetailsLevel: WARN
2026-03-19T08:17:39.3107553Z Container start method called.
2026-03-19T08:17:39.3115554Z State: Starting, Action: PullingImage, LastError: ContainerTimeout, LastErrorTimestamp: 03/19/2026 08:16:12, LastErrorDetails: Container did not start within expected time limit of 1800s. Please inspect your container logs for more details., Details: Pulling image 10.1.0.4:13209/appsvc/python:3.12_20260203.2.tuxprod for careorbit-api-dev., DetailsLevel: INFO
2026-03-19T08:17:39.3117327Z Establishing network.
2026-03-19T08:17:39.3217618Z Pulling image: appsvc/python:3.12_20260203.2.tuxprod.
2026-03-19T08:17:39.9896019Z Container is starting.
2026-03-19T08:17:39.9910240Z State: Starting, Action: MountingVolumes, LastError: ContainerTimeout, LastErrorTimestamp: 03/19/2026 08:16:12, LastErrorDetails: Container did not start within expected time limit of 1800s. Please inspect your container logs for more details., Details: Mounting volumes for careorbit-api-dev., DetailsLevel: INFO
2026-03-19T08:17:39.9987777Z Establishing user namespace if not established already.
2026-03-19T08:17:39.9996883Z Establishing network if not established already.
2026-03-19T08:17:40.0006437Z Mounting volumes.
2026-03-19T08:17:40.0087961Z Nested mountpoint 
2026-03-19T08:17:40.1566162Z Nested mountpoint volatile/logs
2026-03-19T08:17:40.1776449Z Nested mountpoint 
2026-03-19T08:17:40.4242922Z Nested mountpoint 
2026-03-19T08:17:40.5238490Z Nested mountpoint 
2026-03-19T08:17:40.9355219Z State: Starting, Action: CreatingContainer, LastError: ContainerTimeout, LastErrorTimestamp: 03/19/2026 08:16:12, LastErrorDetails: Container did not start within expected time limit of 1800s. Please inspect your container logs for more details., Details: Finished pulling container image and mounting volumes for careorbit-api-dev. Allocatinng the rest of the container resources to finish container creation., DetailsLevel: INFO
2026-03-19T08:17:40.9444971Z Creating container.
2026-03-19T08:17:40.9456918Z Creating pipes for streaming container io.
2026-03-19T08:17:40.9538312Z Creating stdout named pipe at /podr/container/pipe/7b4b66558310_careorbit-api-dev/stdout_01a704e278e3460cb7810500687db42f.
2026-03-19T08:17:40.9594196Z Successfully created stdout named pipe at: /podr/container/pipe/7b4b66558310_careorbit-api-dev/stdout_01a704e278e3460cb7810500687db42f.
2026-03-19T08:17:40.9628591Z Opening named pipe /podr/container/pipe/7b4b66558310_careorbit-api-dev/stdout_01a704e278e3460cb7810500687db42f for reading in non-blocking mode.
2026-03-19T08:17:40.9640075Z Successfully opened named pipe: /podr/container/pipe/7b4b66558310_careorbit-api-dev/stdout_01a704e278e3460cb7810500687db42f.
2026-03-19T08:17:40.9649179Z Successfully removed non-blocking flag from /podr/container/pipe/7b4b66558310_careorbit-api-dev/stdout_01a704e278e3460cb7810500687db42f.
2026-03-19T08:17:40.9658825Z Creating stderr named pipe at /podr/container/pipe/7b4b66558310_careorbit-api-dev/stderr_6485f6e7e3de442e8dbe0a58a0611b6c.
2026-03-19T08:17:40.9735700Z Successfully created stderr named pipe at: /podr/container/pipe/7b4b66558310_careorbit-api-dev/stderr_6485f6e7e3de442e8dbe0a58a0611b6c.
2026-03-19T08:17:40.9749946Z Opening named pipe /podr/container/pipe/7b4b66558310_careorbit-api-dev/stderr_6485f6e7e3de442e8dbe0a58a0611b6c for reading in non-blocking mode.
2026-03-19T08:17:40.9838473Z Successfully opened named pipe: /podr/container/pipe/7b4b66558310_careorbit-api-dev/stderr_6485f6e7e3de442e8dbe0a58a0611b6c.
2026-03-19T08:17:40.9853106Z Successfully removed non-blocking flag from /podr/container/pipe/7b4b66558310_careorbit-api-dev/stderr_6485f6e7e3de442e8dbe0a58a0611b6c.
2026-03-19T08:17:40.9950021Z Creating container with image: appsvc/python:3.12_20260203.2.tuxprod from registry: 10.1.0.4:13209 and fully qualified image name: 10.1.0.4:13209/appsvc/python:3.12_20260203.2.tuxprod
2026-03-19T08:17:41.8280185Z Starting container: 7b4b66558310_careorbit-api-dev.
2026-03-19T08:17:41.9117428Z Starting watchers and probes.
2026-03-19T08:17:41.9129002Z Starting metrics collection.
2026-03-19T08:17:41.9130423Z Container is running.
2026-03-19T08:17:41.9131089Z State: Starting, Action: CreatingContainer, LastError: ContainerTimeout, LastErrorTimestamp: 03/19/2026 08:16:12, LastErrorDetails: Container did not start within expected time limit of 1800s. Please inspect your container logs for more details., Details: Container careorbit-api-dev successfully created and is running., DetailsLevel: INFO
2026-03-19T08:17:42.1555416Z Container start method finished after 2844 ms.
2026-03-19T08:17:42.1557225Z State: Starting, Action: InitiatingSiteWarmUpProbe, LastError: ContainerTimeout, LastErrorTimestamp: 03/19/2026 08:16:12, LastErrorDetails: Container did not start within expected time limit of 1800s. Please inspect your container logs for more details., Details: Container careorbit-api-dev successfully created and is running., DetailsLevel: INFO
2026-03-19T08:17:42.1557422Z State: Starting, Action: WaitingForSiteWarmUpProbeSuccess, LastError: ContainerTimeout, LastErrorTimestamp: 03/19/2026 08:16:12, LastErrorDetails: Container did not start within expected time limit of 1800s. Please inspect your container logs for more details., Details: Pinging warmup path to ensure container is ready to receive requests., DetailsLevel: INFO
2026-03-19T08:18:59.0283502Z Container has finished running with exit code: 3.
2026-03-19T08:18:59.0354431Z Container is terminating. Grace period: 5 seconds.
2026-03-19T08:18:59.0533910Z Stop and delete container. Retry count = 0
2026-03-19T08:18:59.0545619Z Stopping container: 7b4b66558310_careorbit-api-dev.
2026-03-19T08:18:59.1791039Z Deleting container: 7b4b66558310_careorbit-api-dev. Retry count = 0
2026-03-19T08:19:00.2805779Z Container spec TerminationMessagePolicy  path 
2026-03-19T08:19:00.3010175Z Container is terminated. Total time elapsed: 1263 ms.
2026-03-19T08:19:00.3024155Z Site container: careorbit-api-dev terminated during site startup.
2026-03-19T08:19:00.3084791Z State: Stopping, Action: CancellingStartup, LastError: ContainerTimeout, LastErrorTimestamp: 03/19/2026 08:16:12, LastErrorDetails: Container did not start within expected time limit of 1800s. Please inspect your container logs for more details., Details: Site container: careorbit-api-dev terminated during site startup. Cancelling site startup., DetailsLevel: ERR
2026-03-19T08:19:00.6485779Z Site startup probe failed after 78.3324595 seconds.
2026-03-19T08:19:01.1903659Z State: Stopping, Action: CancellingStartup, LastError: ContainerTimeout, LastErrorTimestamp: 03/19/2026 08:19:01, LastErrorDetails: Container did not start within expected time limit of 1800s. Please inspect your container logs for more details., Details: Site container: careorbit-api-dev terminated during site startup. Cancelling site startup., DetailsLevel: ERR
2026-03-19T08:19:01.2104802Z Failed to start site. Revert by stopping site.
2026-03-19T08:19:01.2110238Z State: Stopping, Action: StoppingSite, LastError: ContainerTimeout, LastErrorTimestamp: 03/19/2026 08:19:01, LastErrorDetails: Container did not start within expected time limit of 1800s. Please inspect your container logs for more details., Details: Site container: careorbit-api-dev terminated during site startup. Cancelling site startup., DetailsLevel: ERR
2026-03-19T08:19:01.2205392Z State: Stopping, Action: StoppingSiteContainers, LastError: ContainerTimeout, LastErrorTimestamp: 03/19/2026 08:19:01, LastErrorDetails: Container did not start within expected time limit of 1800s. Please inspect your container logs for more details., Details: Site container: careorbit-api-dev terminated during site startup. Cancelling site startup., DetailsLevel: ERR
2026-03-19T08:19:01.2209887Z Site: careorbit-api-dev stopped.
2026-03-19T08:19:01.2326731Z State: Stopping, Action: UnmountingVolumes, LastError: ContainerTimeout, LastErrorTimestamp: 03/19/2026 08:19:01, LastErrorDetails: Container did not start within expected time limit of 1800s. Please inspect your container logs for more details., Details: Site container: careorbit-api-dev terminated during site startup. Cancelling site startup., DetailsLevel: ERR
2026-03-19T08:19:02.2346798Z State: Stopping, Action: StoppingSiteNetworks, LastError: ContainerTimeout, LastErrorTimestamp: 03/19/2026 08:19:01, LastErrorDetails: Container did not start within expected time limit of 1800s. Please inspect your container logs for more details., Details: Site container: careorbit-api-dev terminated during site startup. Cancelling site startup., DetailsLevel: ERR
2026-03-19T08:19:03.1088573Z Site: careorbit-api-dev will be blocked for 1 minutes till 03/19/2026 08:20:03
2026-03-19T08:19:03.1103456Z State: Blocked, Action: StoppingSiteNetworks, LastError: ContainerTimeout, LastErrorTimestamp: 03/19/2026 08:19:01, LastErrorDetails: Container did not start within expected time limit of 1800s. Please inspect your container logs for more details., Details: Site: careorbit-api-dev will be blocked for 1 minutes till 03/19/2026 08:20:03, DetailsLevel: WARN
2026-03-19T08:19:03.1113864Z State: Stopped, Action: None, LastError: ContainerTimeout, LastErrorTimestamp: 03/19/2026 08:19:01, LastErrorDetails: Container did not start within expected time limit of 1800s. Please inspect your container logs for more details., Details: Site stopped at 03/19/2026 08:19:03 (UTC), DetailsLevel: WARN
2026-03-19T08:19:03.6896834Z State: Stopped, Action: None, LastError: ContainerTimeout, LastErrorTimestamp: 03/19/2026 08:19:01, LastErrorDetails: Container did not start within expected time limit of 1800s. Please inspect your container logs for more details., Details: Site stopped at 03/19/2026 08:19:03 (UTC), DetailsLevel: WARN
2026-03-19T08:20:03.1038120Z Site: careorbit-api-dev is unblocked.
2026-03-19T08:21:38.0577702Z State: Starting, Action: EstablishingSiteNetworks, LastError: ContainerTimeout, LastErrorTimestamp: 03/19/2026 08:19:01, LastErrorDetails: Container did not start within expected time limit of 1800s. Please inspect your container logs for more details., Details: Site stopped at 03/19/2026 08:19:03 (UTC), DetailsLevel: WARN
2026-03-19T08:21:42.7662594Z State: Starting, Action: StartingSiteContainers, LastError: ContainerTimeout, LastErrorTimestamp: 03/19/2026 08:19:01, LastErrorDetails: Container did not start within expected time limit of 1800s. Please inspect your container logs for more details., Details: Site stopped at 03/19/2026 08:19:03 (UTC), DetailsLevel: WARN
2026-03-19T08:21:42.7665519Z Container start method called.
2026-03-19T08:21:42.7747487Z State: Starting, Action: PullingImage, LastError: ContainerTimeout, LastErrorTimestamp: 03/19/2026 08:19:01, LastErrorDetails: Container did not start within expected time limit of 1800s. Please inspect your container logs for more details., Details: Pulling image 10.1.0.4:13209/appsvc/python:3.12_20260203.2.tuxprod for careorbit-api-dev., DetailsLevel: INFO
2026-03-19T08:21:42.7750176Z Establishing network.
2026-03-19T08:21:42.7752238Z Pulling image: appsvc/python:3.12_20260203.2.tuxprod.
2026-03-19T08:21:43.2058098Z Container is starting.
2026-03-19T08:21:43.2058987Z State: Starting, Action: MountingVolumes, LastError: ContainerTimeout, LastErrorTimestamp: 03/19/2026 08:19:01, LastErrorDetails: Container did not start within expected time limit of 1800s. Please inspect your container logs for more details., Details: Mounting volumes for careorbit-api-dev., DetailsLevel: INFO
2026-03-19T08:21:43.2059699Z Establishing user namespace if not established already.
2026-03-19T08:21:43.2060491Z Establishing network if not established already.
2026-03-19T08:21:43.2061423Z Mounting volumes.
2026-03-19T08:21:43.2062716Z Nested mountpoint 
2026-03-19T08:21:43.2457588Z Nested mountpoint volatile/logs
2026-03-19T08:21:43.3349167Z Nested mountpoint 
2026-03-19T08:21:43.3355004Z Nested mountpoint 
2026-03-19T08:21:43.4900450Z Nested mountpoint 
2026-03-19T08:21:44.1238796Z State: Starting, Action: CreatingContainer, LastError: ContainerTimeout, LastErrorTimestamp: 03/19/2026 08:19:01, LastErrorDetails: Container did not start within expected time limit of 1800s. Please inspect your container logs for more details., Details: Finished pulling container image and mounting volumes for careorbit-api-dev. Allocatinng the rest of the container resources to finish container creation., DetailsLevel: INFO
2026-03-19T08:21:44.1247494Z Creating container.
2026-03-19T08:21:44.1249201Z Creating pipes for streaming container io.
2026-03-19T08:21:44.1250395Z Creating stdout named pipe at /podr/container/pipe/0b5cc5f44b36_careorbit-api-dev/stdout_88d86d3308c14b3590805dbf7fdcd6af.
2026-03-19T08:21:44.1321490Z Successfully created stdout named pipe at: /podr/container/pipe/0b5cc5f44b36_careorbit-api-dev/stdout_88d86d3308c14b3590805dbf7fdcd6af.
2026-03-19T08:21:44.1324361Z Opening named pipe /podr/container/pipe/0b5cc5f44b36_careorbit-api-dev/stdout_88d86d3308c14b3590805dbf7fdcd6af for reading in non-blocking mode.
2026-03-19T08:21:44.1325896Z Successfully opened named pipe: /podr/container/pipe/0b5cc5f44b36_careorbit-api-dev/stdout_88d86d3308c14b3590805dbf7fdcd6af.
2026-03-19T08:21:44.1326969Z Successfully removed non-blocking flag from /podr/container/pipe/0b5cc5f44b36_careorbit-api-dev/stdout_88d86d3308c14b3590805dbf7fdcd6af.
2026-03-19T08:21:44.1423167Z Creating stderr named pipe at /podr/container/pipe/0b5cc5f44b36_careorbit-api-dev/stderr_3a172d6619304a04b43a3a24baf55e9e.
2026-03-19T08:21:44.1503783Z Successfully created stderr named pipe at: /podr/container/pipe/0b5cc5f44b36_careorbit-api-dev/stderr_3a172d6619304a04b43a3a24baf55e9e.
2026-03-19T08:21:44.1508165Z Opening named pipe /podr/container/pipe/0b5cc5f44b36_careorbit-api-dev/stderr_3a172d6619304a04b43a3a24baf55e9e for reading in non-blocking mode.
2026-03-19T08:21:44.1514697Z Successfully opened named pipe: /podr/container/pipe/0b5cc5f44b36_careorbit-api-dev/stderr_3a172d6619304a04b43a3a24baf55e9e.
2026-03-19T08:21:44.1517982Z Successfully removed non-blocking flag from /podr/container/pipe/0b5cc5f44b36_careorbit-api-dev/stderr_3a172d6619304a04b43a3a24baf55e9e.
2026-03-19T08:21:44.1583337Z Creating container with image: appsvc/python:3.12_20260203.2.tuxprod from registry: 10.1.0.4:13209 and fully qualified image name: 10.1.0.4:13209/appsvc/python:3.12_20260203.2.tuxprod
2026-03-19T08:21:45.0950140Z Starting container: 0b5cc5f44b36_careorbit-api-dev.
2026-03-19T08:21:45.2475642Z Starting watchers and probes.
2026-03-19T08:21:45.2579959Z Starting metrics collection.
2026-03-19T08:21:45.2581442Z Container is running.
2026-03-19T08:21:45.2914828Z State: Starting, Action: CreatingContainer, LastError: ContainerTimeout, LastErrorTimestamp: 03/19/2026 08:19:01, LastErrorDetails: Container did not start within expected time limit of 1800s. Please inspect your container logs for more details., Details: Container careorbit-api-dev successfully created and is running., DetailsLevel: INFO
2026-03-19T08:21:45.7189084Z Container start method finished after 2863 ms.
2026-03-19T08:21:45.7193058Z State: Starting, Action: InitiatingSiteWarmUpProbe, LastError: ContainerTimeout, LastErrorTimestamp: 03/19/2026 08:19:01, LastErrorDetails: Container did not start within expected time limit of 1800s. Please inspect your container logs for more details., Details: Container careorbit-api-dev successfully created and is running., DetailsLevel: INFO
2026-03-19T08:21:45.7193547Z State: Starting, Action: WaitingForSiteWarmUpProbeSuccess, LastError: ContainerTimeout, LastErrorTimestamp: 03/19/2026 08:19:01, LastErrorDetails: Container did not start within expected time limit of 1800s. Please inspect your container logs for more details., Details: Pinging warmup path to ensure container is ready to receive requests., DetailsLevel: INFO
2026-03-19T08:23:07.6518318Z Container has finished running with exit code: 3.
2026-03-19T08:23:07.6526063Z Container is terminating. Grace period: 5 seconds.
2026-03-19T08:23:07.6850006Z Stop and delete container. Retry count = 0
2026-03-19T08:23:07.6927260Z Stopping container: 0b5cc5f44b36_careorbit-api-dev.
2026-03-19T08:23:07.9368915Z Deleting container: 0b5cc5f44b36_careorbit-api-dev. Retry count = 0
2026-03-19T08:23:09.4327461Z Container spec TerminationMessagePolicy  path 
2026-03-19T08:23:09.4403616Z Container is terminated. Total time elapsed: 1766 ms.
2026-03-19T08:23:09.4409766Z Site container: careorbit-api-dev terminated during site startup.
2026-03-19T08:23:09.4413191Z State: Stopping, Action: CancellingStartup, LastError: ContainerTimeout, LastErrorTimestamp: 03/19/2026 08:19:01, LastErrorDetails: Container did not start within expected time limit of 1800s. Please inspect your container logs for more details., Details: Site container: careorbit-api-dev terminated during site startup. Cancelling site startup., DetailsLevel: ERR
2026-03-19T08:23:09.6811324Z Site startup probe failed after 83.9609362 seconds.
2026-03-19T08:23:10.3636359Z State: Stopping, Action: CancellingStartup, LastError: ContainerTimeout, LastErrorTimestamp: 03/19/2026 08:23:10, LastErrorDetails: Container did not start within expected time limit of 1800s. Please inspect your container logs for more details., Details: Site container: careorbit-api-dev terminated during site startup. Cancelling site startup., DetailsLevel: ERR
2026-03-19T08:23:10.3894462Z Failed to start site. Revert by stopping site.
2026-03-19T08:23:10.3979034Z State: Stopping, Action: StoppingSite, LastError: ContainerTimeout, LastErrorTimestamp: 03/19/2026 08:23:10, LastErrorDetails: Container did not start within expected time limit of 1800s. Please inspect your container logs for more details., Details: Site container: careorbit-api-dev terminated during site startup. Cancelling site startup., DetailsLevel: ERR
2026-03-19T08:23:10.4076423Z State: Stopping, Action: StoppingSiteContainers, LastError: ContainerTimeout, LastErrorTimestamp: 03/19/2026 08:23:10, LastErrorDetails: Container did not start within expected time limit of 1800s. Please inspect your container logs for more details., Details: Site container: careorbit-api-dev terminated during site startup. Cancelling site startup., DetailsLevel: ERR
2026-03-19T08:23:10.4084603Z Site: careorbit-api-dev stopped.
2026-03-19T08:23:10.4189607Z State: Stopping, Action: UnmountingVolumes, LastError: ContainerTimeout, LastErrorTimestamp: 03/19/2026 08:23:10, LastErrorDetails: Container did not start within expected time limit of 1800s. Please inspect your container logs for more details., Details: Site container: careorbit-api-dev terminated during site startup. Cancelling site startup., DetailsLevel: ERR
2026-03-19T08:23:11.1356737Z State: Stopping, Action: StoppingSiteNetworks, LastError: ContainerTimeout, LastErrorTimestamp: 03/19/2026 08:23:10, LastErrorDetails: Container did not start within expected time limit of 1800s. Please inspect your container logs for more details., Details: Site container: careorbit-api-dev terminated during site startup. Cancelling site startup., DetailsLevel: ERR
2026-03-19T08:23:12.2252418Z Site: careorbit-api-dev will be blocked for 2 minutes till 03/19/2026 08:25:12
2026-03-19T08:23:12.2253990Z State: Blocked, Action: StoppingSiteNetworks, LastError: ContainerTimeout, LastErrorTimestamp: 03/19/2026 08:23:10, LastErrorDetails: Container did not start within expected time limit of 1800s. Please inspect your container logs for more details., Details: Site: careorbit-api-dev will be blocked for 2 minutes till 03/19/2026 08:25:12, DetailsLevel: WARN
2026-03-19T08:23:12.3091566Z State: Stopped, Action: None, LastError: ContainerTimeout, LastErrorTimestamp: 03/19/2026 08:23:10, LastErrorDetails: Container did not start within expected time limit of 1800s. Please inspect your container logs for more details., Details: Site stopped at 03/19/2026 08:23:12 (UTC), DetailsLevel: WARN
2026-03-19T08:23:12.6827344Z State: Stopped, Action: None, LastError: ContainerTimeout, LastErrorTimestamp: 03/19/2026 08:23:10, LastErrorDetails: Container did not start within expected time limit of 1800s. Please inspect your container logs for more details., Details: Site stopped at 03/19/2026 08:23:12 (UTC), DetailsLevel: WARN
2026-03-19T08:23:43.1965366Z State: Blocked, Action: None, LastError: ContainerTimeout, LastErrorTimestamp: 03/19/2026 08:23:10, LastErrorDetails: Container did not start within expected time limit of 1800s. Please inspect your container logs for more details., Details: Site is blocked due to multiple, consecutive cold start failures. Site scheduled to be unblocked at 03/19/2026 08:25:12, DetailsLevel: WARN
2026-03-19T08:23:43.1966136Z Start site prohibitted because the site is being blocked.
2026-03-19T08:25:12.2320071Z Site: careorbit-api-dev is unblocked.
2026-03-19T08:27:05.1538209Z State: Starting, Action: EstablishingSiteNetworks, LastError: ContainerTimeout, LastErrorTimestamp: 03/19/2026 08:23:10, LastErrorDetails: Container did not start within expected time limit of 1800s. Please inspect your container logs for more details., Details: Site is blocked due to multiple, consecutive cold start failures. Site scheduled to be unblocked at 03/19/2026 08:25:12, DetailsLevel: WARN
2026-03-19T08:27:10.6569106Z State: Starting, Action: StartingSiteContainers, LastError: ContainerTimeout, LastErrorTimestamp: 03/19/2026 08:23:10, LastErrorDetails: Container did not start within expected time limit of 1800s. Please inspect your container logs for more details., Details: Site is blocked due to multiple, consecutive cold start failures. Site scheduled to be unblocked at 03/19/2026 08:25:12, DetailsLevel: WARN
2026-03-19T08:27:10.6572815Z Container start method called.
2026-03-19T08:27:10.6573431Z State: Starting, Action: PullingImage, LastError: ContainerTimeout, LastErrorTimestamp: 03/19/2026 08:23:10, LastErrorDetails: Container did not start within expected time limit of 1800s. Please inspect your container logs for more details., Details: Pulling image 10.1.0.4:13209/appsvc/python:3.12_20260203.2.tuxprod for careorbit-api-dev., DetailsLevel: INFO
2026-03-19T08:27:10.6574176Z Establishing network.
2026-03-19T08:27:10.6967904Z Pulling image: appsvc/python:3.12_20260203.2.tuxprod.
2026-03-19T08:27:11.9674175Z Container is starting.
2026-03-19T08:27:11.9683447Z State: Starting, Action: MountingVolumes, LastError: ContainerTimeout, LastErrorTimestamp: 03/19/2026 08:23:10, LastErrorDetails: Container did not start within expected time limit of 1800s. Please inspect your container logs for more details., Details: Mounting volumes for careorbit-api-dev., DetailsLevel: INFO
2026-03-19T08:27:11.9685655Z Establishing user namespace if not established already.
2026-03-19T08:27:11.9874668Z Establishing network if not established already.
2026-03-19T08:27:11.9876630Z Mounting volumes.
2026-03-19T08:27:11.9879061Z Nested mountpoint 
2026-03-19T08:27:12.0230014Z Nested mountpoint volatile/logs
2026-03-19T08:27:12.1461868Z Nested mountpoint 
2026-03-19T08:27:12.1692666Z Nested mountpoint 
2026-03-19T08:27:12.2296731Z Nested mountpoint 
2026-03-19T08:27:13.7841692Z State: Starting, Action: CreatingContainer, LastError: ContainerTimeout, LastErrorTimestamp: 03/19/2026 08:23:10, LastErrorDetails: Container did not start within expected time limit of 1800s. Please inspect your container logs for more details., Details: Finished pulling container image and mounting volumes for careorbit-api-dev. Allocatinng the rest of the container resources to finish container creation., DetailsLevel: INFO
2026-03-19T08:27:13.7936936Z Creating container.
2026-03-19T08:27:13.7939703Z Creating pipes for streaming container io.
2026-03-19T08:27:13.7940986Z Creating stdout named pipe at /podr/container/pipe/7fcffa6a67e1_careorbit-api-dev/stdout_a81a8a9f9d834439a51bba39d2618ab5.
2026-03-19T08:27:13.8417237Z Successfully created stdout named pipe at: /podr/container/pipe/7fcffa6a67e1_careorbit-api-dev/stdout_a81a8a9f9d834439a51bba39d2618ab5.
2026-03-19T08:27:13.8422332Z Opening named pipe /podr/container/pipe/7fcffa6a67e1_careorbit-api-dev/stdout_a81a8a9f9d834439a51bba39d2618ab5 for reading in non-blocking mode.
2026-03-19T08:27:13.8719909Z Successfully opened named pipe: /podr/container/pipe/7fcffa6a67e1_careorbit-api-dev/stdout_a81a8a9f9d834439a51bba39d2618ab5.
2026-03-19T08:27:13.8721645Z Successfully removed non-blocking flag from /podr/container/pipe/7fcffa6a67e1_careorbit-api-dev/stdout_a81a8a9f9d834439a51bba39d2618ab5.
2026-03-19T08:27:13.9269239Z Creating stderr named pipe at /podr/container/pipe/7fcffa6a67e1_careorbit-api-dev/stderr_6b11dba506ab42eb8ffddaa1f31902be.
2026-03-19T08:27:13.9353359Z Successfully created stderr named pipe at: /podr/container/pipe/7fcffa6a67e1_careorbit-api-dev/stderr_6b11dba506ab42eb8ffddaa1f31902be.
2026-03-19T08:27:13.9359362Z Opening named pipe /podr/container/pipe/7fcffa6a67e1_careorbit-api-dev/stderr_6b11dba506ab42eb8ffddaa1f31902be for reading in non-blocking mode.
2026-03-19T08:27:13.9361943Z Successfully opened named pipe: /podr/container/pipe/7fcffa6a67e1_careorbit-api-dev/stderr_6b11dba506ab42eb8ffddaa1f31902be.
2026-03-19T08:27:13.9363431Z Successfully removed non-blocking flag from /podr/container/pipe/7fcffa6a67e1_careorbit-api-dev/stderr_6b11dba506ab42eb8ffddaa1f31902be.
2026-03-19T08:27:14.0184565Z Creating container with image: appsvc/python:3.12_20260203.2.tuxprod from registry: 10.1.0.4:13209 and fully qualified image name: 10.1.0.4:13209/appsvc/python:3.12_20260203.2.tuxprod
2026-03-19T08:27:16.1328388Z Starting container: 7fcffa6a67e1_careorbit-api-dev.
2026-03-19T08:27:16.2943268Z Starting watchers and probes.
2026-03-19T08:27:16.2951644Z Starting metrics collection.
2026-03-19T08:27:16.2953368Z Container is running.
2026-03-19T08:27:16.2954016Z State: Starting, Action: CreatingContainer, LastError: ContainerTimeout, LastErrorTimestamp: 03/19/2026 08:23:10, LastErrorDetails: Container did not start within expected time limit of 1800s. Please inspect your container logs for more details., Details: Container careorbit-api-dev successfully created and is running., DetailsLevel: INFO
2026-03-19T08:27:16.7966216Z Container start method finished after 6137 ms.
2026-03-19T08:27:16.8741491Z State: Starting, Action: InitiatingSiteWarmUpProbe, LastError: ContainerTimeout, LastErrorTimestamp: 03/19/2026 08:23:10, LastErrorDetails: Container did not start within expected time limit of 1800s. Please inspect your container logs for more details., Details: Container careorbit-api-dev successfully created and is running., DetailsLevel: INFO
2026-03-19T08:27:16.8742101Z State: Starting, Action: WaitingForSiteWarmUpProbeSuccess, LastError: ContainerTimeout, LastErrorTimestamp: 03/19/2026 08:23:10, LastErrorDetails: Container did not start within expected time limit of 1800s. Please inspect your container logs for more details., Details: Pinging warmup path to ensure container is ready to receive requests., DetailsLevel: INFO
2026-03-19T08:28:45.1585176Z Site startup probe succeeded after 88.2833207 seconds.
2026-03-19T08:28:45.3431984Z State: Starting, Action: WarmUpProbeSucceeded, LastError: ContainerTimeout, LastErrorTimestamp: 03/19/2026 08:23:10, LastErrorDetails: Container did not start within expected time limit of 1800s. Please inspect your container logs for more details., Details: Site startup probe succeeded after 88.2833207 seconds., DetailsLevel: INFO
2026-03-19T08:28:45.4443945Z State: Starting, Action: StartingAuthContainer, LastError: ContainerTimeout, LastErrorTimestamp: 03/19/2026 08:23:10, LastErrorDetails: Container did not start within expected time limit of 1800s. Please inspect your container logs for more details., Details: Site startup probe succeeded after 88.2833207 seconds., DetailsLevel: INFO
2026-03-19T08:28:54.5527012Z Site is running with deployment version: 69285b1b-a63b-463e-b8a5-d55bf4515b77
2026-03-19T08:28:54.5544181Z Site started.
2026-03-19T08:28:54.5545911Z State: Started, Action: None, LastError: ContainerTimeout, LastErrorTimestamp: 03/19/2026 08:23:10, LastErrorDetails: Container did not start within expected time limit of 1800s. Please inspect your container logs for more details., Details: Site started at 03/19/2026 08:28:54 (UTC), DetailsLevel: INFO
2026-03-19T08:28:54.6334696Z Site is running with patch version PYTHON 3.12.12
2026-03-19T08:53:31.4736514Z State: Starting, Action: EstablishingSiteNetworks, LastError: , LastErrorTimestamp: 01/01/0001 00:00:00, LastErrorDetails: , Details: , DetailsLevel: INFO
2026-03-19T08:53:38.1730461Z State: Starting, Action: StartingSiteContainers, LastError: , LastErrorTimestamp: 01/01/0001 00:00:00, LastErrorDetails: , Details: , DetailsLevel: INFO
2026-03-19T08:53:38.1830266Z Container start method called.
2026-03-19T08:53:38.2035813Z State: Starting, Action: PullingImage, LastError: , LastErrorTimestamp: 01/01/0001 00:00:00, LastErrorDetails: , Details: Pulling image 10.1.0.4:13209/appsvc/python:3.12_20260203.2.tuxprod for careorbit-api-dev., DetailsLevel: INFO
2026-03-19T08:53:38.2050574Z Establishing network.
2026-03-19T08:53:38.2129416Z Pulling image: appsvc/python:3.12_20260203.2.tuxprod.
2026-03-19T08:53:39.2229799Z Container is starting.
2026-03-19T08:53:39.2238424Z State: Starting, Action: MountingVolumes, LastError: , LastErrorTimestamp: 01/01/0001 00:00:00, LastErrorDetails: , Details: Mounting volumes for careorbit-api-dev., DetailsLevel: INFO
2026-03-19T08:53:39.2328986Z Establishing user namespace if not established already.
2026-03-19T08:53:39.2341335Z Establishing network if not established already.
2026-03-19T08:53:39.2528615Z Mounting volumes.
2026-03-19T08:53:39.2635812Z Nested mountpoint 
2026-03-19T08:53:39.3834748Z Nested mountpoint volatile/logs
2026-03-19T08:53:39.4602975Z Nested mountpoint 
2026-03-19T08:53:39.8498113Z Nested mountpoint 
2026-03-19T08:53:39.8711473Z Nested mountpoint 
2026-03-19T08:53:41.2076407Z State: Starting, Action: CreatingContainer, LastError: , LastErrorTimestamp: 01/01/0001 00:00:00, LastErrorDetails: , Details: Finished pulling container image and mounting volumes for careorbit-api-dev. Allocatinng the rest of the container resources to finish container creation., DetailsLevel: INFO
2026-03-19T08:53:41.2408215Z Creating container.
2026-03-19T08:53:41.2413207Z Creating pipes for streaming container io.
2026-03-19T08:53:41.2490201Z Creating stdout named pipe at /podr/container/pipe/b4064ecd0902_careorbit-api-dev/stdout_3bfb276b00e44e52a5e1db3011376b5b.
2026-03-19T08:53:41.2688026Z Successfully created stdout named pipe at: /podr/container/pipe/b4064ecd0902_careorbit-api-dev/stdout_3bfb276b00e44e52a5e1db3011376b5b.
2026-03-19T08:53:41.2689185Z Opening named pipe /podr/container/pipe/b4064ecd0902_careorbit-api-dev/stdout_3bfb276b00e44e52a5e1db3011376b5b for reading in non-blocking mode.
2026-03-19T08:53:41.2690122Z Successfully opened named pipe: /podr/container/pipe/b4064ecd0902_careorbit-api-dev/stdout_3bfb276b00e44e52a5e1db3011376b5b.
2026-03-19T08:53:41.2690936Z Successfully removed non-blocking flag from /podr/container/pipe/b4064ecd0902_careorbit-api-dev/stdout_3bfb276b00e44e52a5e1db3011376b5b.
2026-03-19T08:53:41.2692230Z Creating stderr named pipe at /podr/container/pipe/b4064ecd0902_careorbit-api-dev/stderr_903036234503402b8e9dc3214bb0a2be.
2026-03-19T08:53:41.2693362Z Successfully created stderr named pipe at: /podr/container/pipe/b4064ecd0902_careorbit-api-dev/stderr_903036234503402b8e9dc3214bb0a2be.
2026-03-19T08:53:41.2694138Z Opening named pipe /podr/container/pipe/b4064ecd0902_careorbit-api-dev/stderr_903036234503402b8e9dc3214bb0a2be for reading in non-blocking mode.
2026-03-19T08:53:41.2701732Z Successfully opened named pipe: /podr/container/pipe/b4064ecd0902_careorbit-api-dev/stderr_903036234503402b8e9dc3214bb0a2be.
2026-03-19T08:53:41.2702709Z Successfully removed non-blocking flag from /podr/container/pipe/b4064ecd0902_careorbit-api-dev/stderr_903036234503402b8e9dc3214bb0a2be.
2026-03-19T08:53:41.3195480Z Creating container with image: appsvc/python:3.12_20260203.2.tuxprod from registry: 10.1.0.4:13209 and fully qualified image name: 10.1.0.4:13209/appsvc/python:3.12_20260203.2.tuxprod
2026-03-19T08:53:43.6340674Z Starting container: b4064ecd0902_careorbit-api-dev.
2026-03-19T08:53:43.8353912Z Starting watchers and probes.
2026-03-19T08:53:43.8539405Z Starting metrics collection.
2026-03-19T08:53:43.8557669Z Container is running.
2026-03-19T08:53:43.8564024Z State: Starting, Action: CreatingContainer, LastError: , LastErrorTimestamp: 01/01/0001 00:00:00, LastErrorDetails: , Details: Container careorbit-api-dev successfully created and is running., DetailsLevel: INFO
2026-03-19T08:53:44.1632059Z Container start method finished after 5979 ms.
2026-03-19T08:53:44.1986758Z State: Starting, Action: InitiatingSiteWarmUpProbe, LastError: , LastErrorTimestamp: 01/01/0001 00:00:00, LastErrorDetails: , Details: Container careorbit-api-dev successfully created and is running., DetailsLevel: INFO
2026-03-19T08:53:44.2066062Z State: Starting, Action: WaitingForSiteWarmUpProbeSuccess, LastError: , LastErrorTimestamp: 01/01/0001 00:00:00, LastErrorDetails: , Details: Pinging warmup path to ensure container is ready to receive requests., DetailsLevel: INFO
2026-03-19T08:55:26.8829482Z Site startup probe succeeded after 102.5698594 seconds.
2026-03-19T08:55:27.6413585Z State: Starting, Action: WarmUpProbeSucceeded, LastError: , LastErrorTimestamp: 01/01/0001 00:00:00, LastErrorDetails: , Details: Site startup probe succeeded after 102.5698594 seconds., DetailsLevel: INFO
2026-03-19T08:55:28.1205091Z State: Starting, Action: StartingAuthContainer, LastError: , LastErrorTimestamp: 01/01/0001 00:00:00, LastErrorDetails: , Details: Site startup probe succeeded after 102.5698594 seconds., DetailsLevel: INFO
2026-03-19T08:55:42.2747004Z Site is running with deployment version: ab6163de-9512-42bd-bec4-33a2b241a044
2026-03-19T08:55:42.3031738Z Site started.
2026-03-19T08:55:42.3043928Z State: Started, Action: None, LastError: , LastErrorTimestamp: 01/01/0001 00:00:00, LastErrorDetails: , Details: Site started at 03/19/2026 08:55:42 (UTC), DetailsLevel: INFO
2026-03-19T08:55:42.3157745Z Site is running with patch version PYTHON 3.12.12
2026-03-19T08:56:02.5616724Z State: Stopping, Action: StoppingSite, LastError: ContainerTimeout, LastErrorTimestamp: 03/19/2026 08:23:10, LastErrorDetails: Container did not start within expected time limit of 1800s. Please inspect your container logs for more details., Details: Site started at 03/19/2026 08:28:54 (UTC), DetailsLevel: INFO
2026-03-19T08:56:02.6005926Z State: Stopping, Action: StoppingSiteContainers, LastError: ContainerTimeout, LastErrorTimestamp: 03/19/2026 08:23:10, LastErrorDetails: Container did not start within expected time limit of 1800s. Please inspect your container logs for more details., Details: Site started at 03/19/2026 08:28:54 (UTC), DetailsLevel: INFO
2026-03-19T08:56:02.6028673Z Container is terminating. Grace period: 5 seconds.
2026-03-19T08:56:02.9601659Z Stop and delete container. Retry count = 0
2026-03-19T08:56:02.9603386Z Stopping container: 7fcffa6a67e1_careorbit-api-dev.
2026-03-19T08:56:11.2974790Z Deleting container: 7fcffa6a67e1_careorbit-api-dev. Retry count = 0
2026-03-19T08:56:20.4016963Z Container spec TerminationMessagePolicy  path 
2026-03-19T08:56:20.4107841Z Container is terminated. Total time elapsed: 17807 ms.
2026-03-19T08:56:20.4125856Z Site: careorbit-api-dev stopped.
2026-03-19T09:02:31.6316115Z State: Starting, Action: EstablishingSiteNetworks, LastError: , LastErrorTimestamp: 01/01/0001 00:00:00, LastErrorDetails: , Details: , DetailsLevel: INFO
2026-03-19T09:02:47.6041545Z State: Starting, Action: StartingSiteContainers, LastError: , LastErrorTimestamp: 01/01/0001 00:00:00, LastErrorDetails: , Details: , DetailsLevel: INFO
2026-03-19T09:02:47.6386229Z Container start method called.
2026-03-19T09:02:47.7940141Z State: Starting, Action: PullingImage, LastError: , LastErrorTimestamp: 01/01/0001 00:00:00, LastErrorDetails: , Details: Pulling image 10.1.0.5:13209/appsvc/python:3.12_20260203.2.tuxprod for careorbit-api-dev., DetailsLevel: INFO
2026-03-19T09:02:47.9967505Z Establishing network.
2026-03-19T09:02:47.9971992Z Pulling image: appsvc/python:3.12_20260203.2.tuxprod.
2026-03-19T09:02:50.3499719Z Container is starting.
2026-03-19T09:02:50.3603501Z State: Starting, Action: MountingVolumes, LastError: , LastErrorTimestamp: 01/01/0001 00:00:00, LastErrorDetails: , Details: Mounting volumes for careorbit-api-dev., DetailsLevel: INFO
2026-03-19T09:02:50.3726905Z Establishing user namespace if not established already.
2026-03-19T09:02:50.3729770Z Establishing network if not established already.
2026-03-19T09:02:50.3731403Z Mounting volumes.
2026-03-19T09:02:50.3732873Z Nested mountpoint 
2026-03-19T09:02:50.5213179Z Nested mountpoint volatile/logs
2026-03-19T09:02:50.5426786Z Nested mountpoint 
2026-03-19T09:02:50.7266368Z Nested mountpoint 
2026-03-19T09:02:50.8855192Z Nested mountpoint 
2026-03-19T09:02:53.9062799Z State: Starting, Action: CreatingContainer, LastError: , LastErrorTimestamp: 01/01/0001 00:00:00, LastErrorDetails: , Details: Finished pulling container image and mounting volumes for careorbit-api-dev. Allocatinng the rest of the container resources to finish container creation., DetailsLevel: INFO
2026-03-19T09:02:53.9065321Z Creating container.
2026-03-19T09:02:53.9066157Z Creating pipes for streaming container io.
2026-03-19T09:02:53.9067016Z Creating stdout named pipe at /podr/container/pipe/1550df279c6d_careorbit-api-dev/stdout_2fb46450aa63481685517943fa755e86.
2026-03-19T09:02:53.9355911Z Successfully created stdout named pipe at: /podr/container/pipe/1550df279c6d_careorbit-api-dev/stdout_2fb46450aa63481685517943fa755e86.
2026-03-19T09:02:53.9365707Z Opening named pipe /podr/container/pipe/1550df279c6d_careorbit-api-dev/stdout_2fb46450aa63481685517943fa755e86 for reading in non-blocking mode.
2026-03-19T09:02:53.9368437Z Successfully opened named pipe: /podr/container/pipe/1550df279c6d_careorbit-api-dev/stdout_2fb46450aa63481685517943fa755e86.
2026-03-19T09:02:53.9369493Z Successfully removed non-blocking flag from /podr/container/pipe/1550df279c6d_careorbit-api-dev/stdout_2fb46450aa63481685517943fa755e86.
2026-03-19T09:02:53.9370899Z Creating stderr named pipe at /podr/container/pipe/1550df279c6d_careorbit-api-dev/stderr_28453533cb934398ac13b87251b93f88.
2026-03-19T09:02:53.9372246Z Successfully created stderr named pipe at: /podr/container/pipe/1550df279c6d_careorbit-api-dev/stderr_28453533cb934398ac13b87251b93f88.
2026-03-19T09:02:53.9372942Z Opening named pipe /podr/container/pipe/1550df279c6d_careorbit-api-dev/stderr_28453533cb934398ac13b87251b93f88 for reading in non-blocking mode.
2026-03-19T09:02:53.9373812Z Successfully opened named pipe: /podr/container/pipe/1550df279c6d_careorbit-api-dev/stderr_28453533cb934398ac13b87251b93f88.
2026-03-19T09:02:53.9374557Z Successfully removed non-blocking flag from /podr/container/pipe/1550df279c6d_careorbit-api-dev/stderr_28453533cb934398ac13b87251b93f88.
2026-03-19T09:02:53.9375481Z Creating container with image: appsvc/python:3.12_20260203.2.tuxprod from registry: 10.1.0.5:13209 and fully qualified image name: 10.1.0.5:13209/appsvc/python:3.12_20260203.2.tuxprod
2026-03-19T09:02:58.4161603Z Starting container: 1550df279c6d_careorbit-api-dev.
2026-03-19T09:02:58.7586574Z Starting watchers and probes.
2026-03-19T09:02:58.7750971Z Starting metrics collection.
2026-03-19T09:02:58.8278969Z Container is running.
2026-03-19T09:02:58.8281060Z State: Starting, Action: CreatingContainer, LastError: , LastErrorTimestamp: 01/01/0001 00:00:00, LastErrorDetails: , Details: Container careorbit-api-dev successfully created and is running., DetailsLevel: INFO
2026-03-19T09:02:59.3498916Z Container start method finished after 11710 ms.
2026-03-19T09:02:59.3502775Z State: Starting, Action: InitiatingSiteWarmUpProbe, LastError: , LastErrorTimestamp: 01/01/0001 00:00:00, LastErrorDetails: , Details: Container careorbit-api-dev successfully created and is running., DetailsLevel: INFO
2026-03-19T09:02:59.3503039Z State: Starting, Action: WaitingForSiteWarmUpProbeSuccess, LastError: , LastErrorTimestamp: 01/01/0001 00:00:00, LastErrorDetails: , Details: Pinging warmup path to ensure container is ready to receive requests., DetailsLevel: INFO
2026-03-19T09:04:38.2096107Z Site startup probe succeeded after 98.7673436 seconds.
2026-03-19T09:04:38.6865752Z State: Starting, Action: WarmUpProbeSucceeded, LastError: , LastErrorTimestamp: 01/01/0001 00:00:00, LastErrorDetails: , Details: Site startup probe succeeded after 98.7673436 seconds., DetailsLevel: INFO
2026-03-19T09:04:38.8562713Z State: Starting, Action: StartingAuthContainer, LastError: , LastErrorTimestamp: 01/01/0001 00:00:00, LastErrorDetails: , Details: Site startup probe succeeded after 98.7673436 seconds., DetailsLevel: INFO
2026-03-19T09:04:51.5834255Z Site is running with deployment version: 30d70f67-9b61-44a4-b682-6ab7a0b15799
2026-03-19T09:04:51.6814404Z Site started.
2026-03-19T09:04:51.6839709Z State: Started, Action: None, LastError: , LastErrorTimestamp: 01/01/0001 00:00:00, LastErrorDetails: , Details: Site started at 03/19/2026 09:04:51 (UTC), DetailsLevel: INFO
2026-03-19T09:04:51.7043609Z Site is running with patch version PYTHON 3.12.12
2026-03-19T09:05:11.9598432Z State: Stopping, Action: StoppingSite, LastError: ContainerTimeout, LastErrorTimestamp: 03/19/2026 08:23:10, LastErrorDetails: Container did not start within expected time limit of 1800s. Please inspect your container logs for more details., Details: Site started at 03/19/2026 08:55:42 (UTC), DetailsLevel: INFO
2026-03-19T09:05:11.9800388Z State: Stopping, Action: StoppingSiteContainers, LastError: ContainerTimeout, LastErrorTimestamp: 03/19/2026 08:23:10, LastErrorDetails: Container did not start within expected time limit of 1800s. Please inspect your container logs for more details., Details: Site started at 03/19/2026 08:55:42 (UTC), DetailsLevel: INFO
2026-03-19T09:05:11.9826638Z Container is terminating. Grace period: 5 seconds.
2026-03-19T09:05:12.1727864Z Stop and delete container. Retry count = 0
2026-03-19T09:05:12.1743620Z Stopping container: b4064ecd0902_careorbit-api-dev.
2026-03-19T09:05:17.3705968Z Deleting container: b4064ecd0902_careorbit-api-dev. Retry count = 0
2026-03-19T09:05:19.3449201Z Container spec TerminationMessagePolicy  path 
2026-03-19T09:05:19.3542447Z Container is terminated. Total time elapsed: 7371 ms.
2026-03-19T09:05:19.3560628Z Site: careorbit-api-dev stopped.
2026-03-19T09:49:47.9408840Z State: Starting, Action: EstablishingSiteNetworks, LastError: , LastErrorTimestamp: 01/01/0001 00:00:00, LastErrorDetails: , Details: , DetailsLevel: INFO
2026-03-19T09:49:54.0066992Z State: Starting, Action: StartingSiteContainers, LastError: , LastErrorTimestamp: 01/01/0001 00:00:00, LastErrorDetails: , Details: , DetailsLevel: INFO
2026-03-19T09:49:54.1224869Z Container start method called.
2026-03-19T09:49:54.1435972Z State: Starting, Action: PullingImage, LastError: , LastErrorTimestamp: 01/01/0001 00:00:00, LastErrorDetails: , Details: Pulling image 10.1.0.4:13209/appsvc/python:3.12_20260203.2.tuxprod for careorbit-api-dev., DetailsLevel: INFO
2026-03-19T09:49:54.1438722Z Establishing network.
2026-03-19T09:49:54.1932504Z Pulling image: appsvc/python:3.12_20260203.2.tuxprod.
2026-03-19T09:49:58.3659976Z Container is starting.
2026-03-19T09:49:58.3909872Z State: Starting, Action: MountingVolumes, LastError: , LastErrorTimestamp: 01/01/0001 00:00:00, LastErrorDetails: , Details: Mounting volumes for careorbit-api-dev., DetailsLevel: INFO
2026-03-19T09:49:58.3919122Z Establishing user namespace if not established already.
2026-03-19T09:49:58.3920489Z Establishing network if not established already.
2026-03-19T09:49:58.3921489Z Mounting volumes.
2026-03-19T09:49:58.4139676Z Nested mountpoint 
2026-03-19T09:49:58.6065596Z Nested mountpoint volatile/logs
2026-03-19T09:49:58.7486752Z Nested mountpoint 
2026-03-19T09:49:58.9588280Z Nested mountpoint 
2026-03-19T09:49:59.0891832Z Nested mountpoint 
2026-03-19T09:50:00.8108882Z State: Starting, Action: CreatingContainer, LastError: , LastErrorTimestamp: 01/01/0001 00:00:00, LastErrorDetails: , Details: Finished pulling container image and mounting volumes for careorbit-api-dev. Allocatinng the rest of the container resources to finish container creation., DetailsLevel: INFO
2026-03-19T09:50:00.8222051Z Creating container.
2026-03-19T09:50:00.8228108Z Creating pipes for streaming container io.
2026-03-19T09:50:00.8466790Z Creating stdout named pipe at /podr/container/pipe/670f2d9f8b8f_careorbit-api-dev/stdout_554ba318234c406db1068487f36fff00.
2026-03-19T09:50:00.8626756Z Successfully created stdout named pipe at: /podr/container/pipe/670f2d9f8b8f_careorbit-api-dev/stdout_554ba318234c406db1068487f36fff00.
2026-03-19T09:50:00.8630031Z Opening named pipe /podr/container/pipe/670f2d9f8b8f_careorbit-api-dev/stdout_554ba318234c406db1068487f36fff00 for reading in non-blocking mode.
2026-03-19T09:50:00.8634191Z Successfully opened named pipe: /podr/container/pipe/670f2d9f8b8f_careorbit-api-dev/stdout_554ba318234c406db1068487f36fff00.
2026-03-19T09:50:00.8778438Z Successfully removed non-blocking flag from /podr/container/pipe/670f2d9f8b8f_careorbit-api-dev/stdout_554ba318234c406db1068487f36fff00.
2026-03-19T09:50:00.8878948Z Creating stderr named pipe at /podr/container/pipe/670f2d9f8b8f_careorbit-api-dev/stderr_6c35356934bf4c6da58e30ce02583128.
2026-03-19T09:50:00.8942998Z Successfully created stderr named pipe at: /podr/container/pipe/670f2d9f8b8f_careorbit-api-dev/stderr_6c35356934bf4c6da58e30ce02583128.
2026-03-19T09:50:00.9023516Z Opening named pipe /podr/container/pipe/670f2d9f8b8f_careorbit-api-dev/stderr_6c35356934bf4c6da58e30ce02583128 for reading in non-blocking mode.
2026-03-19T09:50:00.9034763Z Successfully opened named pipe: /podr/container/pipe/670f2d9f8b8f_careorbit-api-dev/stderr_6c35356934bf4c6da58e30ce02583128.
2026-03-19T09:50:00.9042203Z Successfully removed non-blocking flag from /podr/container/pipe/670f2d9f8b8f_careorbit-api-dev/stderr_6c35356934bf4c6da58e30ce02583128.
2026-03-19T09:50:00.9194476Z Creating container with image: appsvc/python:3.12_20260203.2.tuxprod from registry: 10.1.0.4:13209 and fully qualified image name: 10.1.0.4:13209/appsvc/python:3.12_20260203.2.tuxprod
2026-03-19T09:50:07.3832643Z Starting container: 670f2d9f8b8f_careorbit-api-dev.
2026-03-19T09:50:08.7625970Z Starting watchers and probes.
2026-03-19T09:50:08.7917707Z Starting metrics collection.
2026-03-19T09:50:08.8461274Z Container is running.
2026-03-19T09:50:08.8462671Z State: Starting, Action: CreatingContainer, LastError: , LastErrorTimestamp: 01/01/0001 00:00:00, LastErrorDetails: , Details: Container careorbit-api-dev successfully created and is running., DetailsLevel: INFO
2026-03-19T09:50:10.4903456Z Container start method finished after 16367 ms.
2026-03-19T09:50:10.4909632Z State: Starting, Action: InitiatingSiteWarmUpProbe, LastError: , LastErrorTimestamp: 01/01/0001 00:00:00, LastErrorDetails: , Details: Container careorbit-api-dev successfully created and is running., DetailsLevel: INFO
2026-03-19T09:50:10.5191750Z State: Starting, Action: WaitingForSiteWarmUpProbeSuccess, LastError: , LastErrorTimestamp: 01/01/0001 00:00:00, LastErrorDetails: , Details: Pinging warmup path to ensure container is ready to receive requests., DetailsLevel: INFO
2026-03-19T09:52:10.7768546Z Site startup probe succeeded after 120.2559198 seconds.
2026-03-19T09:52:11.3232727Z State: Starting, Action: WarmUpProbeSucceeded, LastError: , LastErrorTimestamp: 01/01/0001 00:00:00, LastErrorDetails: , Details: Site startup probe succeeded after 120.2559198 seconds., DetailsLevel: INFO
2026-03-19T09:52:11.5547735Z State: Starting, Action: StartingAuthContainer, LastError: , LastErrorTimestamp: 01/01/0001 00:00:00, LastErrorDetails: , Details: Site startup probe succeeded after 120.2559198 seconds., DetailsLevel: INFO
2026-03-19T09:52:32.7073983Z Site is running with deployment version: 78a8fecd-c676-4cb4-91b8-b7c41b597312
2026-03-19T09:52:32.7363730Z Site started.
2026-03-19T09:52:32.9217634Z State: Started, Action: None, LastError: , LastErrorTimestamp: 01/01/0001 00:00:00, LastErrorDetails: , Details: Site started at 03/19/2026 09:52:32 (UTC), DetailsLevel: INFO
2026-03-19T09:52:33.0412756Z Site is running with patch version PYTHON 3.12.12
2026-03-19T09:52:54.2270574Z State: Stopping, Action: StoppingSite, LastError: ContainerTimeout, LastErrorTimestamp: 03/19/2026 08:23:10, LastErrorDetails: Container did not start within expected time limit of 1800s. Please inspect your container logs for more details., Details: Site started at 03/19/2026 09:04:51 (UTC), DetailsLevel: INFO
2026-03-19T09:52:54.2279834Z State: Stopping, Action: StoppingSiteContainers, LastError: ContainerTimeout, LastErrorTimestamp: 03/19/2026 08:23:10, LastErrorDetails: Container did not start within expected time limit of 1800s. Please inspect your container logs for more details., Details: Site started at 03/19/2026 09:04:51 (UTC), DetailsLevel: INFO
2026-03-19T09:52:54.2282448Z Container is terminating. Grace period: 5 seconds.
2026-03-19T09:52:54.5698353Z Stop and delete container. Retry count = 0
2026-03-19T09:52:54.5699857Z Stopping container: 1550df279c6d_careorbit-api-dev.
2026-03-19T09:53:00.2305652Z Deleting container: 1550df279c6d_careorbit-api-dev. Retry count = 0
2026-03-19T09:53:02.1339994Z Container spec TerminationMessagePolicy  path 
2026-03-19T09:53:02.1346584Z Container is terminated. Total time elapsed: 7906 ms.
2026-03-19T09:53:02.1357541Z Site: careorbit-api-dev stopped.
2026-03-19T10:53:36.3238964Z State: Starting, Action: EstablishingSiteNetworks, LastError: , LastErrorTimestamp: 01/01/0001 00:00:00, LastErrorDetails: , Details: , DetailsLevel: INFO
2026-03-19T10:53:45.2153517Z State: Starting, Action: StartingSiteContainers, LastError: , LastErrorTimestamp: 01/01/0001 00:00:00, LastErrorDetails: , Details: , DetailsLevel: INFO
2026-03-19T10:53:45.2169075Z Container start method called.
2026-03-19T10:53:45.3353659Z State: Starting, Action: PullingImage, LastError: , LastErrorTimestamp: 01/01/0001 00:00:00, LastErrorDetails: , Details: Pulling image 10.1.0.4:13209/appsvc/python:3.12_20260203.2.tuxprod for careorbit-api-dev., DetailsLevel: INFO
2026-03-19T10:53:45.3358650Z Establishing network.
2026-03-19T10:53:45.3367776Z Pulling image: appsvc/python:3.12_20260203.2.tuxprod.
2026-03-19T10:53:46.3586534Z Container is starting.
2026-03-19T10:53:46.3597166Z State: Starting, Action: MountingVolumes, LastError: , LastErrorTimestamp: 01/01/0001 00:00:00, LastErrorDetails: , Details: Mounting volumes for careorbit-api-dev., DetailsLevel: INFO
2026-03-19T10:53:46.3774571Z Establishing user namespace if not established already.
2026-03-19T10:53:46.3783031Z Establishing network if not established already.
2026-03-19T10:53:46.3786415Z Mounting volumes.
2026-03-19T10:53:46.3975238Z Nested mountpoint 
2026-03-19T10:53:46.5272857Z Nested mountpoint volatile/logs
2026-03-19T10:53:46.5477085Z Nested mountpoint 
2026-03-19T10:53:46.5770249Z Nested mountpoint 
2026-03-19T10:53:46.5872182Z Nested mountpoint 
2026-03-19T10:53:47.5744739Z State: Starting, Action: CreatingContainer, LastError: , LastErrorTimestamp: 01/01/0001 00:00:00, LastErrorDetails: , Details: Finished pulling container image and mounting volumes for careorbit-api-dev. Allocatinng the rest of the container resources to finish container creation., DetailsLevel: INFO
2026-03-19T10:53:47.5830673Z Creating container.
2026-03-19T10:53:47.5839698Z Creating pipes for streaming container io.
2026-03-19T10:53:47.5855926Z Creating stdout named pipe at /podr/container/pipe/903b7a80cce1_careorbit-api-dev/stdout_9d8538fe1cc44ca58138a002b46171ad.
2026-03-19T10:53:47.6239355Z Successfully created stdout named pipe at: /podr/container/pipe/903b7a80cce1_careorbit-api-dev/stdout_9d8538fe1cc44ca58138a002b46171ad.
2026-03-19T10:53:47.6258087Z Opening named pipe /podr/container/pipe/903b7a80cce1_careorbit-api-dev/stdout_9d8538fe1cc44ca58138a002b46171ad for reading in non-blocking mode.
2026-03-19T10:53:47.6341264Z Successfully opened named pipe: /podr/container/pipe/903b7a80cce1_careorbit-api-dev/stdout_9d8538fe1cc44ca58138a002b46171ad.
2026-03-19T10:53:47.6353477Z Successfully removed non-blocking flag from /podr/container/pipe/903b7a80cce1_careorbit-api-dev/stdout_9d8538fe1cc44ca58138a002b46171ad.
2026-03-19T10:53:47.6433261Z Creating stderr named pipe at /podr/container/pipe/903b7a80cce1_careorbit-api-dev/stderr_bcf51f5fd1e2403394b0508ae5a6b30f.
2026-03-19T10:53:47.6440273Z Successfully created stderr named pipe at: /podr/container/pipe/903b7a80cce1_careorbit-api-dev/stderr_bcf51f5fd1e2403394b0508ae5a6b30f.
2026-03-19T10:53:47.6444387Z Opening named pipe /podr/container/pipe/903b7a80cce1_careorbit-api-dev/stderr_bcf51f5fd1e2403394b0508ae5a6b30f for reading in non-blocking mode.
2026-03-19T10:53:47.6447528Z Successfully opened named pipe: /podr/container/pipe/903b7a80cce1_careorbit-api-dev/stderr_bcf51f5fd1e2403394b0508ae5a6b30f.
2026-03-19T10:53:47.6449882Z Successfully removed non-blocking flag from /podr/container/pipe/903b7a80cce1_careorbit-api-dev/stderr_bcf51f5fd1e2403394b0508ae5a6b30f.
2026-03-19T10:53:47.6453023Z Creating container with image: appsvc/python:3.12_20260203.2.tuxprod from registry: 10.1.0.4:13209 and fully qualified image name: 10.1.0.4:13209/appsvc/python:3.12_20260203.2.tuxprod
2026-03-19T10:53:48.6867519Z Starting container: 903b7a80cce1_careorbit-api-dev.
2026-03-19T10:53:48.8585186Z Starting watchers and probes.
2026-03-19T10:53:48.8760202Z Starting metrics collection.
2026-03-19T10:53:48.8776530Z Container is running.
2026-03-19T10:53:48.8778161Z State: Starting, Action: CreatingContainer, LastError: , LastErrorTimestamp: 01/01/0001 00:00:00, LastErrorDetails: , Details: Container careorbit-api-dev successfully created and is running., DetailsLevel: INFO
2026-03-19T10:53:49.0918285Z Container start method finished after 3760 ms.
2026-03-19T10:53:49.1130576Z State: Starting, Action: InitiatingSiteWarmUpProbe, LastError: , LastErrorTimestamp: 01/01/0001 00:00:00, LastErrorDetails: , Details: Container careorbit-api-dev successfully created and is running., DetailsLevel: INFO
2026-03-19T10:53:49.1139925Z State: Starting, Action: WaitingForSiteWarmUpProbeSuccess, LastError: , LastErrorTimestamp: 01/01/0001 00:00:00, LastErrorDetails: , Details: Pinging warmup path to ensure container is ready to receive requests., DetailsLevel: INFO
2026-03-19T10:55:14.9054056Z Site startup probe succeeded after 85.7255641 seconds.
2026-03-19T10:55:15.7421637Z State: Starting, Action: WarmUpProbeSucceeded, LastError: , LastErrorTimestamp: 01/01/0001 00:00:00, LastErrorDetails: , Details: Site startup probe succeeded after 85.7255641 seconds., DetailsLevel: INFO
2026-03-19T10:55:15.9212774Z State: Starting, Action: StartingAuthContainer, LastError: , LastErrorTimestamp: 01/01/0001 00:00:00, LastErrorDetails: , Details: Site startup probe succeeded after 85.7255641 seconds., DetailsLevel: INFO
2026-03-19T10:55:30.7235164Z Site is running with deployment version: ec1cb47e-7166-4903-85f1-cb54069d2c0d
2026-03-19T10:55:30.7817188Z Site started.
2026-03-19T10:55:30.7932620Z State: Started, Action: None, LastError: , LastErrorTimestamp: 01/01/0001 00:00:00, LastErrorDetails: , Details: Site started at 03/19/2026 10:55:30 (UTC), DetailsLevel: INFO
2026-03-19T10:55:30.8737244Z Site is running with patch version PYTHON 3.12.12
2026-03-19T10:55:51.4972106Z State: Stopping, Action: StoppingSite, LastError: ContainerTimeout, LastErrorTimestamp: 03/19/2026 08:23:10, LastErrorDetails: Container did not start within expected time limit of 1800s. Please inspect your container logs for more details., Details: Site started at 03/19/2026 09:52:32 (UTC), DetailsLevel: INFO
2026-03-19T10:55:51.5092016Z State: Stopping, Action: StoppingSiteContainers, LastError: ContainerTimeout, LastErrorTimestamp: 03/19/2026 08:23:10, LastErrorDetails: Container did not start within expected time limit of 1800s. Please inspect your container logs for more details., Details: Site started at 03/19/2026 09:52:32 (UTC), DetailsLevel: INFO
2026-03-19T10:55:51.5198764Z Container is terminating. Grace period: 5 seconds.
2026-03-19T10:55:52.0631100Z Stop and delete container. Retry count = 0
2026-03-19T10:55:52.1006165Z Stopping container: 670f2d9f8b8f_careorbit-api-dev.
2026-03-19T10:55:57.5345566Z Deleting container: 670f2d9f8b8f_careorbit-api-dev. Retry count = 0
2026-03-19T10:56:09.9439933Z Container spec TerminationMessagePolicy  path 
2026-03-19T10:56:10.0015250Z Container is terminated. Total time elapsed: 18481 ms.
2026-03-19T10:56:10.0034059Z Site: careorbit-api-dev stopped.
2026-03-19T11:16:10.9057967Z State: Starting, Action: EstablishingSiteNetworks, LastError: , LastErrorTimestamp: 01/01/0001 00:00:00, LastErrorDetails: , Details: , DetailsLevel: INFO
2026-03-19T11:16:24.5930817Z State: Starting, Action: StartingSiteContainers, LastError: , LastErrorTimestamp: 01/01/0001 00:00:00, LastErrorDetails: , Details: , DetailsLevel: INFO
2026-03-19T11:16:24.5931985Z Container start method called.
2026-03-19T11:16:24.5932338Z State: Starting, Action: PullingImage, LastError: , LastErrorTimestamp: 01/01/0001 00:00:00, LastErrorDetails: , Details: Pulling image 10.1.0.5:13209/appsvc/python:3.12_20260203.2.tuxprod for careorbit-api-dev., DetailsLevel: INFO
2026-03-19T11:16:24.5933066Z Establishing network.
2026-03-19T11:16:24.5933950Z Pulling image: appsvc/python:3.12_20260203.2.tuxprod.
2026-03-19T11:16:26.9863157Z Container is starting.
2026-03-19T11:16:26.9864126Z State: Starting, Action: MountingVolumes, LastError: , LastErrorTimestamp: 01/01/0001 00:00:00, LastErrorDetails: , Details: Mounting volumes for careorbit-api-dev., DetailsLevel: INFO
2026-03-19T11:16:26.9864867Z Establishing user namespace if not established already.
2026-03-19T11:16:26.9873807Z Establishing network if not established already.
2026-03-19T11:16:26.9874976Z Mounting volumes.
2026-03-19T11:16:27.0680378Z Nested mountpoint 
2026-03-19T11:16:27.3578924Z Nested mountpoint volatile/logs
2026-03-19T11:16:27.6606528Z Nested mountpoint 
2026-03-19T11:16:27.6894494Z Nested mountpoint 
2026-03-19T11:16:27.6908533Z Nested mountpoint 
2026-03-19T11:16:31.8134341Z State: Starting, Action: CreatingContainer, LastError: , LastErrorTimestamp: 01/01/0001 00:00:00, LastErrorDetails: , Details: Finished pulling container image and mounting volumes for careorbit-api-dev. Allocatinng the rest of the container resources to finish container creation., DetailsLevel: INFO
2026-03-19T11:16:31.8937588Z Creating container.
2026-03-19T11:16:31.8938708Z Creating pipes for streaming container io.
2026-03-19T11:16:31.8939567Z Creating stdout named pipe at /podr/container/pipe/863c2d2e313a_careorbit-api-dev/stdout_07063f9f88174af387f0d99c9865dc81.
2026-03-19T11:16:32.1034321Z Successfully created stdout named pipe at: /podr/container/pipe/863c2d2e313a_careorbit-api-dev/stdout_07063f9f88174af387f0d99c9865dc81.
2026-03-19T11:16:32.1110722Z Opening named pipe /podr/container/pipe/863c2d2e313a_careorbit-api-dev/stdout_07063f9f88174af387f0d99c9865dc81 for reading in non-blocking mode.
2026-03-19T11:16:32.1883078Z Successfully opened named pipe: /podr/container/pipe/863c2d2e313a_careorbit-api-dev/stdout_07063f9f88174af387f0d99c9865dc81.
2026-03-19T11:16:32.1988486Z Successfully removed non-blocking flag from /podr/container/pipe/863c2d2e313a_careorbit-api-dev/stdout_07063f9f88174af387f0d99c9865dc81.
2026-03-19T11:16:32.2006155Z Creating stderr named pipe at /podr/container/pipe/863c2d2e313a_careorbit-api-dev/stderr_b45425e6fb7d4cafb989121cb2caf717.
2026-03-19T11:16:32.2008158Z Successfully created stderr named pipe at: /podr/container/pipe/863c2d2e313a_careorbit-api-dev/stderr_b45425e6fb7d4cafb989121cb2caf717.
2026-03-19T11:16:32.2008911Z Opening named pipe /podr/container/pipe/863c2d2e313a_careorbit-api-dev/stderr_b45425e6fb7d4cafb989121cb2caf717 for reading in non-blocking mode.
2026-03-19T11:16:32.2009779Z Successfully opened named pipe: /podr/container/pipe/863c2d2e313a_careorbit-api-dev/stderr_b45425e6fb7d4cafb989121cb2caf717.
2026-03-19T11:16:32.2010535Z Successfully removed non-blocking flag from /podr/container/pipe/863c2d2e313a_careorbit-api-dev/stderr_b45425e6fb7d4cafb989121cb2caf717.
2026-03-19T11:16:32.2011470Z Creating container with image: appsvc/python:3.12_20260203.2.tuxprod from registry: 10.1.0.5:13209 and fully qualified image name: 10.1.0.5:13209/appsvc/python:3.12_20260203.2.tuxprod
2026-03-19T11:16:35.4446998Z Starting container: 863c2d2e313a_careorbit-api-dev.
2026-03-19T11:16:36.1399507Z Starting watchers and probes.
2026-03-19T11:16:36.2008700Z Starting metrics collection.
2026-03-19T11:16:36.2219933Z Container is running.
2026-03-19T11:16:36.2696422Z State: Starting, Action: CreatingContainer, LastError: , LastErrorTimestamp: 01/01/0001 00:00:00, LastErrorDetails: , Details: Container careorbit-api-dev successfully created and is running., DetailsLevel: INFO
2026-03-19T11:16:36.7055307Z Container start method finished after 12112 ms.
2026-03-19T11:16:36.7067375Z State: Starting, Action: InitiatingSiteWarmUpProbe, LastError: , LastErrorTimestamp: 01/01/0001 00:00:00, LastErrorDetails: , Details: Container careorbit-api-dev successfully created and is running., DetailsLevel: INFO
2026-03-19T11:16:36.7068171Z State: Starting, Action: WaitingForSiteWarmUpProbeSuccess, LastError: , LastErrorTimestamp: 01/01/0001 00:00:00, LastErrorDetails: , Details: Pinging warmup path to ensure container is ready to receive requests., DetailsLevel: INFO
2026-03-19T11:19:10.3180413Z Site startup probe succeeded after 153.5278262 seconds.
2026-03-19T11:19:10.5282121Z State: Starting, Action: WarmUpProbeSucceeded, LastError: , LastErrorTimestamp: 01/01/0001 00:00:00, LastErrorDetails: , Details: Site startup probe succeeded after 153.5278262 seconds., DetailsLevel: INFO
2026-03-19T11:19:10.6905615Z State: Starting, Action: StartingAuthContainer, LastError: , LastErrorTimestamp: 01/01/0001 00:00:00, LastErrorDetails: , Details: Site startup probe succeeded after 153.5278262 seconds., DetailsLevel: INFO
2026-03-19T11:19:21.2736665Z Site is running with deployment version: 6d94f89c-3521-4f55-bc2e-26b14ccc964e
2026-03-19T11:19:21.2815461Z Site started.
2026-03-19T11:19:21.2859194Z State: Started, Action: None, LastError: , LastErrorTimestamp: 01/01/0001 00:00:00, LastErrorDetails: , Details: Site started at 03/19/2026 11:19:21 (UTC), DetailsLevel: INFO
2026-03-19T11:19:21.2866409Z Site is running with patch version PYTHON 3.12.12
2026-03-19T11:19:41.3581747Z State: Stopping, Action: StoppingSite, LastError: ContainerTimeout, LastErrorTimestamp: 03/19/2026 08:23:10, LastErrorDetails: Container did not start within expected time limit of 1800s. Please inspect your container logs for more details., Details: Site started at 03/19/2026 10:55:30 (UTC), DetailsLevel: INFO
2026-03-19T11:19:41.3759899Z State: Stopping, Action: StoppingSiteContainers, LastError: ContainerTimeout, LastErrorTimestamp: 03/19/2026 08:23:10, LastErrorDetails: Container did not start within expected time limit of 1800s. Please inspect your container logs for more details., Details: Site started at 03/19/2026 10:55:30 (UTC), DetailsLevel: INFO
2026-03-19T11:19:41.3886160Z Container is terminating. Grace period: 5 seconds.
2026-03-19T11:19:41.6176575Z Stop and delete container. Retry count = 0
2026-03-19T11:19:41.6186381Z Stopping container: 903b7a80cce1_careorbit-api-dev.
2026-03-19T11:19:46.6745609Z Deleting container: 903b7a80cce1_careorbit-api-dev. Retry count = 0
2026-03-19T11:19:47.9028421Z Container spec TerminationMessagePolicy  path 
2026-03-19T11:19:47.9056598Z Container is terminated. Total time elapsed: 6516 ms.
2026-03-19T11:19:47.9157677Z Site: careorbit-api-dev stopped.
2026-03-19T11:29:55.4111895Z State: Starting, Action: EstablishingSiteNetworks, LastError: , LastErrorTimestamp: 01/01/0001 00:00:00, LastErrorDetails: , Details: , DetailsLevel: INFO
2026-03-19T11:30:01.1812620Z State: Starting, Action: StartingSiteContainers, LastError: , LastErrorTimestamp: 01/01/0001 00:00:00, LastErrorDetails: , Details: , DetailsLevel: INFO
2026-03-19T11:30:01.2192515Z Container start method called.
2026-03-19T11:30:01.2284204Z State: Starting, Action: PullingImage, LastError: , LastErrorTimestamp: 01/01/0001 00:00:00, LastErrorDetails: , Details: Pulling image 10.1.0.4:13209/appsvc/python:3.12_20260203.2.tuxprod for careorbit-api-dev., DetailsLevel: INFO
2026-03-19T11:30:01.2287013Z Establishing network.
2026-03-19T11:30:01.2596509Z Pulling image: appsvc/python:3.12_20260203.2.tuxprod.
2026-03-19T11:30:04.6680662Z Container is starting.
2026-03-19T11:30:04.6683282Z State: Starting, Action: MountingVolumes, LastError: , LastErrorTimestamp: 01/01/0001 00:00:00, LastErrorDetails: , Details: Mounting volumes for careorbit-api-dev., DetailsLevel: INFO
2026-03-19T11:30:04.6691285Z Establishing user namespace if not established already.
2026-03-19T11:30:04.6692613Z Establishing network if not established already.
2026-03-19T11:30:04.6693822Z Mounting volumes.
2026-03-19T11:30:04.6766225Z Nested mountpoint 
2026-03-19T11:30:04.8252527Z Nested mountpoint volatile/logs
2026-03-19T11:30:04.9397669Z Nested mountpoint 
2026-03-19T11:30:04.9923718Z Nested mountpoint 
2026-03-19T11:30:05.0127012Z Nested mountpoint 
2026-03-19T11:30:06.5726017Z State: Starting, Action: CreatingContainer, LastError: , LastErrorTimestamp: 01/01/0001 00:00:00, LastErrorDetails: , Details: Finished pulling container image and mounting volumes for careorbit-api-dev. Allocatinng the rest of the container resources to finish container creation., DetailsLevel: INFO
2026-03-19T11:30:06.5737521Z Creating container.
2026-03-19T11:30:06.5738794Z Creating pipes for streaming container io.
2026-03-19T11:30:06.5816641Z Creating stdout named pipe at /podr/container/pipe/91dc4d0237ce_careorbit-api-dev/stdout_c6b3e3d60ce74be098865f232360afb4.
2026-03-19T11:30:06.6575819Z Successfully created stdout named pipe at: /podr/container/pipe/91dc4d0237ce_careorbit-api-dev/stdout_c6b3e3d60ce74be098865f232360afb4.
2026-03-19T11:30:06.6580162Z Opening named pipe /podr/container/pipe/91dc4d0237ce_careorbit-api-dev/stdout_c6b3e3d60ce74be098865f232360afb4 for reading in non-blocking mode.
2026-03-19T11:30:06.6582021Z Successfully opened named pipe: /podr/container/pipe/91dc4d0237ce_careorbit-api-dev/stdout_c6b3e3d60ce74be098865f232360afb4.
2026-03-19T11:30:06.6589522Z Successfully removed non-blocking flag from /podr/container/pipe/91dc4d0237ce_careorbit-api-dev/stdout_c6b3e3d60ce74be098865f232360afb4.
2026-03-19T11:30:06.6699451Z Creating stderr named pipe at /podr/container/pipe/91dc4d0237ce_careorbit-api-dev/stderr_4ddf86a228474e029fe131746d3c064d.
2026-03-19T11:30:06.6701584Z Successfully created stderr named pipe at: /podr/container/pipe/91dc4d0237ce_careorbit-api-dev/stderr_4ddf86a228474e029fe131746d3c064d.
2026-03-19T11:30:06.6702326Z Opening named pipe /podr/container/pipe/91dc4d0237ce_careorbit-api-dev/stderr_4ddf86a228474e029fe131746d3c064d for reading in non-blocking mode.
2026-03-19T11:30:06.6703325Z Successfully opened named pipe: /podr/container/pipe/91dc4d0237ce_careorbit-api-dev/stderr_4ddf86a228474e029fe131746d3c064d.
2026-03-19T11:30:06.6704040Z Successfully removed non-blocking flag from /podr/container/pipe/91dc4d0237ce_careorbit-api-dev/stderr_4ddf86a228474e029fe131746d3c064d.
2026-03-19T11:30:06.7036486Z Creating container with image: appsvc/python:3.12_20260203.2.tuxprod from registry: 10.1.0.4:13209 and fully qualified image name: 10.1.0.4:13209/appsvc/python:3.12_20260203.2.tuxprod
2026-03-19T11:30:10.6847427Z Starting container: 91dc4d0237ce_careorbit-api-dev.
2026-03-19T11:30:11.0815772Z Starting watchers and probes.
2026-03-19T11:30:11.1018666Z Starting metrics collection.
2026-03-19T11:30:11.1038362Z Container is running.
2026-03-19T11:30:11.1039900Z State: Starting, Action: CreatingContainer, LastError: , LastErrorTimestamp: 01/01/0001 00:00:00, LastErrorDetails: , Details: Container careorbit-api-dev successfully created and is running., DetailsLevel: INFO
2026-03-19T11:30:11.5069074Z Container start method finished after 10287 ms.
2026-03-19T11:30:11.5467948Z State: Starting, Action: InitiatingSiteWarmUpProbe, LastError: , LastErrorTimestamp: 01/01/0001 00:00:00, LastErrorDetails: , Details: Container careorbit-api-dev successfully created and is running., DetailsLevel: INFO
2026-03-19T11:30:11.5493000Z State: Starting, Action: WaitingForSiteWarmUpProbeSuccess, LastError: , LastErrorTimestamp: 01/01/0001 00:00:00, LastErrorDetails: , Details: Pinging warmup path to ensure container is ready to receive requests., DetailsLevel: INFO
2026-03-19T11:34:17.5979832Z Site startup probe succeeded after 245.800263 seconds.
2026-03-19T11:34:18.2840552Z State: Starting, Action: WarmUpProbeSucceeded, LastError: , LastErrorTimestamp: 01/01/0001 00:00:00, LastErrorDetails: , Details: Site startup probe succeeded after 245.800263 seconds., DetailsLevel: INFO
2026-03-19T11:34:18.7473763Z State: Starting, Action: StartingAuthContainer, LastError: , LastErrorTimestamp: 01/01/0001 00:00:00, LastErrorDetails: , Details: Site startup probe succeeded after 245.800263 seconds., DetailsLevel: INFO
2026-03-19T11:34:37.3801305Z Site is running with deployment version: f0177b27-7503-4811-b77f-be0120541c46
2026-03-19T11:34:37.3986740Z Site started.
2026-03-19T11:34:37.3996263Z State: Started, Action: None, LastError: , LastErrorTimestamp: 01/01/0001 00:00:00, LastErrorDetails: , Details: Site started at 03/19/2026 11:34:37 (UTC), DetailsLevel: INFO
2026-03-19T11:34:37.4090205Z Site is running with patch version PYTHON 3.12.12
2026-03-19T11:34:57.8942777Z State: Stopping, Action: StoppingSite, LastError: ContainerTimeout, LastErrorTimestamp: 03/19/2026 08:23:10, LastErrorDetails: Container did not start within expected time limit of 1800s. Please inspect your container logs for more details., Details: Site started at 03/19/2026 11:19:21 (UTC), DetailsLevel: INFO
2026-03-19T11:34:57.8954881Z State: Stopping, Action: StoppingSiteContainers, LastError: ContainerTimeout, LastErrorTimestamp: 03/19/2026 08:23:10, LastErrorDetails: Container did not start within expected time limit of 1800s. Please inspect your container logs for more details., Details: Site started at 03/19/2026 11:19:21 (UTC), DetailsLevel: INFO
2026-03-19T11:34:57.9236058Z Container is terminating. Grace period: 5 seconds.
2026-03-19T11:34:58.3450133Z Stop and delete container. Retry count = 0
2026-03-19T11:34:58.3451573Z Stopping container: 863c2d2e313a_careorbit-api-dev.
2026-03-19T11:35:06.8918391Z Deleting container: 863c2d2e313a_careorbit-api-dev. Retry count = 0
2026-03-19T11:35:14.0148606Z Container spec TerminationMessagePolicy  path 
2026-03-19T11:35:14.0345837Z Container is terminated. Total time elapsed: 16103 ms.
2026-03-19T11:35:14.0549999Z Site: careorbit-api-dev stopped.
2026-03-19T11:36:31.8740078Z State: Starting, Action: EstablishingSiteNetworks, LastError: , LastErrorTimestamp: 01/01/0001 00:00:00, LastErrorDetails: , Details: , DetailsLevel: INFO
2026-03-19T11:36:39.1849127Z State: Starting, Action: StartingSiteContainers, LastError: , LastErrorTimestamp: 01/01/0001 00:00:00, LastErrorDetails: , Details: , DetailsLevel: INFO
2026-03-19T11:36:39.2024774Z Container start method called.
2026-03-19T11:36:39.2391568Z State: Starting, Action: PullingImage, LastError: , LastErrorTimestamp: 01/01/0001 00:00:00, LastErrorDetails: , Details: Pulling image 10.1.0.4:13209/appsvc/python:3.12_20260203.2.tuxprod for careorbit-api-dev., DetailsLevel: INFO
2026-03-19T11:36:39.3068665Z Establishing network.
2026-03-19T11:36:39.3071353Z Pulling image: appsvc/python:3.12_20260203.2.tuxprod.
2026-03-19T11:36:40.2624058Z Container is starting.
2026-03-19T11:36:40.2687549Z State: Starting, Action: MountingVolumes, LastError: , LastErrorTimestamp: 01/01/0001 00:00:00, LastErrorDetails: , Details: Mounting volumes for careorbit-api-dev., DetailsLevel: INFO
2026-03-19T11:36:40.2765329Z Establishing user namespace if not established already.
2026-03-19T11:36:40.2855702Z Establishing network if not established already.
2026-03-19T11:36:40.2875173Z Mounting volumes.
2026-03-19T11:36:40.2973022Z Nested mountpoint 
2026-03-19T11:36:40.3774940Z Nested mountpoint volatile/logs
2026-03-19T11:36:40.4443094Z Nested mountpoint 
2026-03-19T11:36:40.6070745Z Nested mountpoint 
2026-03-19T11:36:40.8225294Z Nested mountpoint 
2026-03-19T11:36:41.9826361Z State: Starting, Action: CreatingContainer, LastError: , LastErrorTimestamp: 01/01/0001 00:00:00, LastErrorDetails: , Details: Finished pulling container image and mounting volumes for careorbit-api-dev. Allocatinng the rest of the container resources to finish container creation., DetailsLevel: INFO
2026-03-19T11:36:41.9853492Z Creating container.
2026-03-19T11:36:42.0464045Z Creating pipes for streaming container io.
2026-03-19T11:36:42.0534604Z Creating stdout named pipe at /podr/container/pipe/4bd2bed544f2_careorbit-api-dev/stdout_cd0d30c1f53c415a978ee30bfe8432fd.
2026-03-19T11:36:42.0620168Z Successfully created stdout named pipe at: /podr/container/pipe/4bd2bed544f2_careorbit-api-dev/stdout_cd0d30c1f53c415a978ee30bfe8432fd.
2026-03-19T11:36:42.0681038Z Opening named pipe /podr/container/pipe/4bd2bed544f2_careorbit-api-dev/stdout_cd0d30c1f53c415a978ee30bfe8432fd for reading in non-blocking mode.
2026-03-19T11:36:42.0691342Z Successfully opened named pipe: /podr/container/pipe/4bd2bed544f2_careorbit-api-dev/stdout_cd0d30c1f53c415a978ee30bfe8432fd.
2026-03-19T11:36:42.0698375Z Successfully removed non-blocking flag from /podr/container/pipe/4bd2bed544f2_careorbit-api-dev/stdout_cd0d30c1f53c415a978ee30bfe8432fd.
2026-03-19T11:36:42.0783326Z Creating stderr named pipe at /podr/container/pipe/4bd2bed544f2_careorbit-api-dev/stderr_59b1e15b3b5e4dc5a870efa13ef61355.
2026-03-19T11:36:42.0871399Z Successfully created stderr named pipe at: /podr/container/pipe/4bd2bed544f2_careorbit-api-dev/stderr_59b1e15b3b5e4dc5a870efa13ef61355.
2026-03-19T11:36:42.0940347Z Opening named pipe /podr/container/pipe/4bd2bed544f2_careorbit-api-dev/stderr_59b1e15b3b5e4dc5a870efa13ef61355 for reading in non-blocking mode.
2026-03-19T11:36:42.0950485Z Successfully opened named pipe: /podr/container/pipe/4bd2bed544f2_careorbit-api-dev/stderr_59b1e15b3b5e4dc5a870efa13ef61355.
2026-03-19T11:36:42.0957390Z Successfully removed non-blocking flag from /podr/container/pipe/4bd2bed544f2_careorbit-api-dev/stderr_59b1e15b3b5e4dc5a870efa13ef61355.
2026-03-19T11:36:42.1033583Z Creating container with image: appsvc/python:3.12_20260203.2.tuxprod from registry: 10.1.0.4:13209 and fully qualified image name: 10.1.0.4:13209/appsvc/python:3.12_20260203.2.tuxprod
2026-03-19T11:36:42.8179136Z Starting container: 4bd2bed544f2_careorbit-api-dev.
2026-03-19T11:36:43.0086697Z Starting watchers and probes.
2026-03-19T11:36:43.0184846Z Starting metrics collection.
2026-03-19T11:36:43.0187223Z Container is running.
2026-03-19T11:36:43.0188333Z State: Starting, Action: CreatingContainer, LastError: , LastErrorTimestamp: 01/01/0001 00:00:00, LastErrorDetails: , Details: Container careorbit-api-dev successfully created and is running., DetailsLevel: INFO
2026-03-19T11:36:43.4019106Z Container start method finished after 4199 ms.
2026-03-19T11:36:43.4020729Z State: Starting, Action: InitiatingSiteWarmUpProbe, LastError: , LastErrorTimestamp: 01/01/0001 00:00:00, LastErrorDetails: , Details: Container careorbit-api-dev successfully created and is running., DetailsLevel: INFO
2026-03-19T11:36:43.4341605Z State: Starting, Action: WaitingForSiteWarmUpProbeSuccess, LastError: , LastErrorTimestamp: 01/01/0001 00:00:00, LastErrorDetails: , Details: Pinging warmup path to ensure container is ready to receive requests., DetailsLevel: INFO
2026-03-19T11:40:13.5058176Z Site startup probe succeeded after 209.9412301 seconds.
2026-03-19T11:40:13.7491977Z State: Starting, Action: WarmUpProbeSucceeded, LastError: , LastErrorTimestamp: 01/01/0001 00:00:00, LastErrorDetails: , Details: Site startup probe succeeded after 209.9412301 seconds., DetailsLevel: INFO
2026-03-19T11:40:13.8792036Z State: Starting, Action: StartingAuthContainer, LastError: , LastErrorTimestamp: 01/01/0001 00:00:00, LastErrorDetails: , Details: Site startup probe succeeded after 209.9412301 seconds., DetailsLevel: INFO
2026-03-19T11:40:28.7292071Z Site is running with deployment version: 84f5f59a-4b63-4dfa-8ff8-d95a624b2f81
2026-03-19T11:40:28.8390978Z Site started.
2026-03-19T11:40:28.8392229Z State: Started, Action: None, LastError: , LastErrorTimestamp: 01/01/0001 00:00:00, LastErrorDetails: , Details: Site started at 03/19/2026 11:40:28 (UTC), DetailsLevel: INFO
2026-03-19T11:40:28.8500740Z Site is running with patch version PYTHON 3.12.12
2026-03-19T11:40:49.1334067Z State: Stopping, Action: StoppingSite, LastError: ContainerTimeout, LastErrorTimestamp: 03/19/2026 08:23:10, LastErrorDetails: Container did not start within expected time limit of 1800s. Please inspect your container logs for more details., Details: Site started at 03/19/2026 11:34:37 (UTC), DetailsLevel: INFO
2026-03-19T11:40:49.1482424Z State: Stopping, Action: StoppingSiteContainers, LastError: ContainerTimeout, LastErrorTimestamp: 03/19/2026 08:23:10, LastErrorDetails: Container did not start within expected time limit of 1800s. Please inspect your container logs for more details., Details: Site started at 03/19/2026 11:34:37 (UTC), DetailsLevel: INFO
2026-03-19T11:40:49.1488798Z Container is terminating. Grace period: 5 seconds.
2026-03-19T11:40:49.2255132Z Stop and delete container. Retry count = 0
2026-03-19T11:40:49.2256157Z Stopping container: 91dc4d0237ce_careorbit-api-dev.
2026-03-19T11:40:54.5029924Z Deleting container: 91dc4d0237ce_careorbit-api-dev. Retry count = 0
2026-03-19T11:40:56.4412660Z Container spec TerminationMessagePolicy  path 
2026-03-19T11:40:56.4484414Z Container is terminated. Total time elapsed: 7293 ms.
2026-03-19T11:40:56.4486151Z Site: careorbit-api-dev stopped.
2026-03-19T13:26:20.7170576Z State: Starting, Action: EstablishingSiteNetworks, LastError: , LastErrorTimestamp: 01/01/0001 00:00:00, LastErrorDetails: , Details: , DetailsLevel: INFO
2026-03-19T13:26:28.5537876Z State: Starting, Action: StartingSiteContainers, LastError: , LastErrorTimestamp: 01/01/0001 00:00:00, LastErrorDetails: , Details: , DetailsLevel: INFO
2026-03-19T13:26:28.5540202Z Container start method called.
2026-03-19T13:26:28.5540616Z State: Starting, Action: PullingImage, LastError: , LastErrorTimestamp: 01/01/0001 00:00:00, LastErrorDetails: , Details: Pulling image 10.1.0.5:13209/appsvc/python:3.12_20260203.2.tuxprod for careorbit-api-dev., DetailsLevel: INFO
2026-03-19T13:26:28.5541523Z Establishing network.
2026-03-19T13:26:28.5542486Z Pulling image: appsvc/python:3.12_20260203.2.tuxprod.
2026-03-19T13:26:29.3470428Z Container is starting.
2026-03-19T13:26:29.3474278Z State: Starting, Action: MountingVolumes, LastError: , LastErrorTimestamp: 01/01/0001 00:00:00, LastErrorDetails: , Details: Mounting volumes for careorbit-api-dev., DetailsLevel: INFO
2026-03-19T13:26:29.3475801Z Establishing user namespace if not established already.
2026-03-19T13:26:29.3476933Z Establishing network if not established already.
2026-03-19T13:26:29.3478748Z Mounting volumes.
2026-03-19T13:26:29.3494698Z Nested mountpoint 
2026-03-19T13:26:29.4937559Z Nested mountpoint volatile/logs
2026-03-19T13:26:29.5241359Z Nested mountpoint 
2026-03-19T13:26:29.6475376Z Nested mountpoint 
2026-03-19T13:26:29.7891837Z Nested mountpoint 
2026-03-19T13:26:30.7926462Z State: Starting, Action: CreatingContainer, LastError: , LastErrorTimestamp: 01/01/0001 00:00:00, LastErrorDetails: , Details: Finished pulling container image and mounting volumes for careorbit-api-dev. Allocatinng the rest of the container resources to finish container creation., DetailsLevel: INFO
2026-03-19T13:26:30.8212866Z Creating container.
2026-03-19T13:26:30.8214732Z Creating pipes for streaming container io.
2026-03-19T13:26:30.8218690Z Creating stdout named pipe at /podr/container/pipe/f4509be1ebaf_careorbit-api-dev/stdout_65d8d644533841fb909f8a1dc4633d71.
2026-03-19T13:26:30.8726939Z Successfully created stdout named pipe at: /podr/container/pipe/f4509be1ebaf_careorbit-api-dev/stdout_65d8d644533841fb909f8a1dc4633d71.
2026-03-19T13:26:30.8732243Z Opening named pipe /podr/container/pipe/f4509be1ebaf_careorbit-api-dev/stdout_65d8d644533841fb909f8a1dc4633d71 for reading in non-blocking mode.
2026-03-19T13:26:30.8737086Z Successfully opened named pipe: /podr/container/pipe/f4509be1ebaf_careorbit-api-dev/stdout_65d8d644533841fb909f8a1dc4633d71.
2026-03-19T13:26:30.8740931Z Successfully removed non-blocking flag from /podr/container/pipe/f4509be1ebaf_careorbit-api-dev/stdout_65d8d644533841fb909f8a1dc4633d71.
2026-03-19T13:26:30.8887853Z Creating stderr named pipe at /podr/container/pipe/f4509be1ebaf_careorbit-api-dev/stderr_f7b689715b8b466097b3b6972ec1c536.
2026-03-19T13:26:30.8889731Z Successfully created stderr named pipe at: /podr/container/pipe/f4509be1ebaf_careorbit-api-dev/stderr_f7b689715b8b466097b3b6972ec1c536.
2026-03-19T13:26:30.8890588Z Opening named pipe /podr/container/pipe/f4509be1ebaf_careorbit-api-dev/stderr_f7b689715b8b466097b3b6972ec1c536 for reading in non-blocking mode.
2026-03-19T13:26:30.8891557Z Successfully opened named pipe: /podr/container/pipe/f4509be1ebaf_careorbit-api-dev/stderr_f7b689715b8b466097b3b6972ec1c536.
2026-03-19T13:26:30.8892251Z Successfully removed non-blocking flag from /podr/container/pipe/f4509be1ebaf_careorbit-api-dev/stderr_f7b689715b8b466097b3b6972ec1c536.
2026-03-19T13:26:30.8966731Z Creating container with image: appsvc/python:3.12_20260203.2.tuxprod from registry: 10.1.0.5:13209 and fully qualified image name: 10.1.0.5:13209/appsvc/python:3.12_20260203.2.tuxprod
2026-03-19T13:26:32.0053746Z Starting container: f4509be1ebaf_careorbit-api-dev.
2026-03-19T13:26:32.1767377Z Starting watchers and probes.
2026-03-19T13:26:32.1969466Z Starting metrics collection.
2026-03-19T13:26:32.2055611Z Container is running.
2026-03-19T13:26:32.2056652Z State: Starting, Action: CreatingContainer, LastError: , LastErrorTimestamp: 01/01/0001 00:00:00, LastErrorDetails: , Details: Container careorbit-api-dev successfully created and is running., DetailsLevel: INFO
2026-03-19T13:26:32.7974837Z Container start method finished after 4243 ms.
2026-03-19T13:26:32.7983313Z State: Starting, Action: InitiatingSiteWarmUpProbe, LastError: , LastErrorTimestamp: 01/01/0001 00:00:00, LastErrorDetails: , Details: Container careorbit-api-dev successfully created and is running., DetailsLevel: INFO
2026-03-19T13:26:32.8293840Z State: Starting, Action: WaitingForSiteWarmUpProbeSuccess, LastError: , LastErrorTimestamp: 01/01/0001 00:00:00, LastErrorDetails: , Details: Pinging warmup path to ensure container is ready to receive requests., DetailsLevel: INFO
2026-03-19T13:28:00.2667575Z Container has finished running with exit code: 3.
2026-03-19T13:28:00.2678666Z Container is terminating. Grace period: 5 seconds.
2026-03-19T13:28:00.2849785Z Stop and delete container. Retry count = 0
2026-03-19T13:28:00.2850829Z Stopping container: f4509be1ebaf_careorbit-api-dev.
2026-03-19T13:28:00.3652550Z Deleting container: f4509be1ebaf_careorbit-api-dev. Retry count = 0
2026-03-19T13:28:02.0868103Z Container spec TerminationMessagePolicy  path 
2026-03-19T13:28:02.0961670Z Container is terminated. Total time elapsed: 1813 ms.
2026-03-19T13:28:02.1008592Z Site container: careorbit-api-dev terminated during site startup.
2026-03-19T13:28:02.1018967Z State: Stopping, Action: CancellingStartup, LastError: , LastErrorTimestamp: 01/01/0001 00:00:00, LastErrorDetails: , Details: Site container: careorbit-api-dev terminated during site startup. Cancelling site startup., DetailsLevel: ERR
2026-03-19T13:28:03.7505684Z Site startup probe failed after 90.8911826 seconds.
2026-03-19T13:28:04.3390612Z State: Stopping, Action: CancellingStartup, LastError: ContainerTimeout, LastErrorTimestamp: 03/19/2026 13:28:04, LastErrorDetails: Container did not start within expected time limit of 1800s. Please inspect your container logs for more details., Details: Site container: careorbit-api-dev terminated during site startup. Cancelling site startup., DetailsLevel: ERR
2026-03-19T13:28:04.4386075Z Failed to start site. Revert by stopping site.
2026-03-19T13:28:04.4615681Z State: Stopping, Action: StoppingSite, LastError: ContainerTimeout, LastErrorTimestamp: 03/19/2026 13:28:04, LastErrorDetails: Container did not start within expected time limit of 1800s. Please inspect your container logs for more details., Details: Site container: careorbit-api-dev terminated during site startup. Cancelling site startup., DetailsLevel: ERR
2026-03-19T13:28:04.4691135Z State: Stopping, Action: StoppingSiteContainers, LastError: ContainerTimeout, LastErrorTimestamp: 03/19/2026 13:28:04, LastErrorDetails: Container did not start within expected time limit of 1800s. Please inspect your container logs for more details., Details: Site container: careorbit-api-dev terminated during site startup. Cancelling site startup., DetailsLevel: ERR
2026-03-19T13:28:04.4700809Z Site: careorbit-api-dev stopped.
2026-03-19T13:28:28.8909660Z State: Stopping, Action: StoppingSite, LastError: ContainerTimeout, LastErrorTimestamp: 03/19/2026 08:23:10, LastErrorDetails: Container did not start within expected time limit of 1800s. Please inspect your container logs for more details., Details: Site started at 03/19/2026 11:40:28 (UTC), DetailsLevel: INFO
2026-03-19T13:28:28.9187726Z State: Stopping, Action: StoppingSiteContainers, LastError: ContainerTimeout, LastErrorTimestamp: 03/19/2026 08:23:10, LastErrorDetails: Container did not start within expected time limit of 1800s. Please inspect your container logs for more details., Details: Site started at 03/19/2026 11:40:28 (UTC), DetailsLevel: INFO
2026-03-19T13:28:28.9189083Z Container is terminating. Grace period: 5 seconds.
2026-03-19T13:28:30.2083681Z Stop and delete container. Retry count = 0
2026-03-19T13:28:30.2084830Z Stopping container: 4bd2bed544f2_careorbit-api-dev.
2026-03-19T13:28:35.1160960Z Deleting container: 4bd2bed544f2_careorbit-api-dev. Retry count = 0
2026-03-19T13:28:38.0654872Z Container spec TerminationMessagePolicy  path 
2026-03-19T13:28:38.0668816Z Container is terminated. Total time elapsed: 9147 ms.
2026-03-19T13:28:38.1043418Z Site: careorbit-api-dev stopped.
2026-03-19T13:28:04.5246285Z State: Stopping, Action: UnmountingVolumes, LastError: ContainerTimeout, LastErrorTimestamp: 03/19/2026 13:28:04, LastErrorDetails: Container did not start within expected time limit of 1800s. Please inspect your container logs for more details., Details: Site container: careorbit-api-dev terminated during site startup. Cancelling site startup., DetailsLevel: ERR
2026-03-19T13:28:05.8725700Z State: Stopping, Action: StoppingSiteNetworks, LastError: ContainerTimeout, LastErrorTimestamp: 03/19/2026 13:28:04, LastErrorDetails: Container did not start within expected time limit of 1800s. Please inspect your container logs for more details., Details: Site container: careorbit-api-dev terminated during site startup. Cancelling site startup., DetailsLevel: ERR
2026-03-19T13:28:07.3554698Z State: Stopped, Action: None, LastError: ContainerTimeout, LastErrorTimestamp: 03/19/2026 13:28:04, LastErrorDetails: Container did not start within expected time limit of 1800s. Please inspect your container logs for more details., Details: Site stopped at 03/19/2026 13:28:07 (UTC), DetailsLevel: ERR
2026-03-19T13:28:07.6044231Z State: Stopped, Action: None, LastError: ContainerTimeout, LastErrorTimestamp: 03/19/2026 13:28:04, LastErrorDetails: Container did not start within expected time limit of 1800s. Please inspect your container logs for more details., Details: Site stopped at 03/19/2026 13:28:07 (UTC), DetailsLevel: ERR
2026-03-19T13:29:02.9498279Z State: Starting, Action: EstablishingSiteNetworks, LastError: ContainerTimeout, LastErrorTimestamp: 03/19/2026 13:28:04, LastErrorDetails: Container did not start within expected time limit of 1800s. Please inspect your container logs for more details., Details: Site stopped at 03/19/2026 13:28:07 (UTC), DetailsLevel: ERR
2026-03-19T13:29:11.1382597Z State: Starting, Action: StartingSiteContainers, LastError: ContainerTimeout, LastErrorTimestamp: 03/19/2026 13:28:04, LastErrorDetails: Container did not start within expected time limit of 1800s. Please inspect your container logs for more details., Details: Site stopped at 03/19/2026 13:28:07 (UTC), DetailsLevel: ERR
2026-03-19T13:29:11.1385246Z Container start method called.
2026-03-19T13:29:11.1385791Z State: Starting, Action: PullingImage, LastError: ContainerTimeout, LastErrorTimestamp: 03/19/2026 13:28:04, LastErrorDetails: Container did not start within expected time limit of 1800s. Please inspect your container logs for more details., Details: Pulling image 10.1.0.5:13209/appsvc/python:3.12_20260203.2.tuxprod for careorbit-api-dev., DetailsLevel: INFO
2026-03-19T13:29:11.1386584Z Establishing network.
2026-03-19T13:29:11.1387606Z Pulling image: appsvc/python:3.12_20260203.2.tuxprod.
2026-03-19T13:29:12.1422598Z Container is starting.
2026-03-19T13:29:12.1513227Z State: Starting, Action: MountingVolumes, LastError: ContainerTimeout, LastErrorTimestamp: 03/19/2026 13:28:04, LastErrorDetails: Container did not start within expected time limit of 1800s. Please inspect your container logs for more details., Details: Mounting volumes for careorbit-api-dev., DetailsLevel: INFO
2026-03-19T13:29:12.1517192Z Establishing user namespace if not established already.
2026-03-19T13:29:12.1592040Z Establishing network if not established already.
2026-03-19T13:29:12.1595010Z Mounting volumes.
2026-03-19T13:29:12.1614107Z Nested mountpoint 
2026-03-19T13:29:12.3208052Z Nested mountpoint volatile/logs
2026-03-19T13:29:12.3811665Z Nested mountpoint 
2026-03-19T13:29:12.3898428Z Nested mountpoint 
2026-03-19T13:29:12.4410349Z Nested mountpoint 
2026-03-19T13:29:13.9947597Z State: Starting, Action: CreatingContainer, LastError: ContainerTimeout, LastErrorTimestamp: 03/19/2026 13:28:04, LastErrorDetails: Container did not start within expected time limit of 1800s. Please inspect your container logs for more details., Details: Finished pulling container image and mounting volumes for careorbit-api-dev. Allocatinng the rest of the container resources to finish container creation., DetailsLevel: INFO
2026-03-19T13:29:14.0733698Z Creating container.
2026-03-19T13:29:14.0892973Z Creating pipes for streaming container io.
2026-03-19T13:29:14.1158953Z Creating stdout named pipe at /podr/container/pipe/719a936664c1_careorbit-api-dev/stdout_817e6729889343f3b23ead9f53f2b124.
2026-03-19T13:29:14.1178622Z Successfully created stdout named pipe at: /podr/container/pipe/719a936664c1_careorbit-api-dev/stdout_817e6729889343f3b23ead9f53f2b124.
2026-03-19T13:29:14.1388526Z Opening named pipe /podr/container/pipe/719a936664c1_careorbit-api-dev/stdout_817e6729889343f3b23ead9f53f2b124 for reading in non-blocking mode.
2026-03-19T13:29:14.1390431Z Successfully opened named pipe: /podr/container/pipe/719a936664c1_careorbit-api-dev/stdout_817e6729889343f3b23ead9f53f2b124.
2026-03-19T13:29:14.1391235Z Successfully removed non-blocking flag from /podr/container/pipe/719a936664c1_careorbit-api-dev/stdout_817e6729889343f3b23ead9f53f2b124.
2026-03-19T13:29:14.1402340Z Creating stderr named pipe at /podr/container/pipe/719a936664c1_careorbit-api-dev/stderr_8985f1c4e50346a88a4080fe96750251.
2026-03-19T13:29:14.1413841Z Successfully created stderr named pipe at: /podr/container/pipe/719a936664c1_careorbit-api-dev/stderr_8985f1c4e50346a88a4080fe96750251.
2026-03-19T13:29:14.1414734Z Opening named pipe /podr/container/pipe/719a936664c1_careorbit-api-dev/stderr_8985f1c4e50346a88a4080fe96750251 for reading in non-blocking mode.
2026-03-19T13:29:14.1415727Z Successfully opened named pipe: /podr/container/pipe/719a936664c1_careorbit-api-dev/stderr_8985f1c4e50346a88a4080fe96750251.
2026-03-19T13:29:14.1416425Z Successfully removed non-blocking flag from /podr/container/pipe/719a936664c1_careorbit-api-dev/stderr_8985f1c4e50346a88a4080fe96750251.
2026-03-19T13:29:14.1417428Z Creating container with image: appsvc/python:3.12_20260203.2.tuxprod from registry: 10.1.0.5:13209 and fully qualified image name: 10.1.0.5:13209/appsvc/python:3.12_20260203.2.tuxprod
2026-03-19T13:29:15.8988215Z Starting container: 719a936664c1_careorbit-api-dev.
2026-03-19T13:29:16.0483078Z Starting watchers and probes.
2026-03-19T13:29:16.0665767Z Starting metrics collection.
2026-03-19T13:29:16.0673730Z Container is running.
2026-03-19T13:29:16.0686306Z State: Starting, Action: CreatingContainer, LastError: ContainerTimeout, LastErrorTimestamp: 03/19/2026 13:28:04, LastErrorDetails: Container did not start within expected time limit of 1800s. Please inspect your container logs for more details., Details: Container careorbit-api-dev successfully created and is running., DetailsLevel: INFO
2026-03-19T13:29:16.4575920Z Container start method finished after 5318 ms.
2026-03-19T13:29:16.4728008Z State: Starting, Action: InitiatingSiteWarmUpProbe, LastError: ContainerTimeout, LastErrorTimestamp: 03/19/2026 13:28:04, LastErrorDetails: Container did not start within expected time limit of 1800s. Please inspect your container logs for more details., Details: Container careorbit-api-dev successfully created and is running., DetailsLevel: INFO
2026-03-19T13:29:16.4728967Z State: Starting, Action: WaitingForSiteWarmUpProbeSuccess, LastError: ContainerTimeout, LastErrorTimestamp: 03/19/2026 13:28:04, LastErrorDetails: Container did not start within expected time limit of 1800s. Please inspect your container logs for more details., Details: Pinging warmup path to ensure container is ready to receive requests., DetailsLevel: INFO
2026-03-19T13:30:20.3319244Z Container has finished running with exit code: 3.
2026-03-19T13:30:20.3407462Z Container is terminating. Grace period: 5 seconds.
2026-03-19T13:30:20.3555553Z Stop and delete container. Retry count = 0
2026-03-19T13:30:20.3569084Z Stopping container: 719a936664c1_careorbit-api-dev.
2026-03-19T13:30:20.4854796Z Deleting container: 719a936664c1_careorbit-api-dev. Retry count = 0
2026-03-19T13:30:21.8282775Z Container spec TerminationMessagePolicy  path 
2026-03-19T13:30:21.8603873Z Container is terminated. Total time elapsed: 1491 ms.
2026-03-19T13:30:21.8642044Z Site container: careorbit-api-dev terminated during site startup.
2026-03-19T13:30:21.8658447Z State: Stopping, Action: CancellingStartup, LastError: ContainerTimeout, LastErrorTimestamp: 03/19/2026 13:28:04, LastErrorDetails: Container did not start within expected time limit of 1800s. Please inspect your container logs for more details., Details: Site container: careorbit-api-dev terminated during site startup. Cancelling site startup., DetailsLevel: ERR
2026-03-19T13:30:22.0331352Z Site startup probe failed after 65.5596421 seconds.
2026-03-19T13:30:23.1969713Z State: Stopping, Action: CancellingStartup, LastError: ContainerTimeout, LastErrorTimestamp: 03/19/2026 13:30:23, LastErrorDetails: Container did not start within expected time limit of 1800s. Please inspect your container logs for more details., Details: Site container: careorbit-api-dev terminated during site startup. Cancelling site startup., DetailsLevel: ERR
2026-03-19T13:30:23.2156417Z Failed to start site. Revert by stopping site.
2026-03-19T13:30:23.2158448Z State: Stopping, Action: StoppingSite, LastError: ContainerTimeout, LastErrorTimestamp: 03/19/2026 13:30:23, LastErrorDetails: Container did not start within expected time limit of 1800s. Please inspect your container logs for more details., Details: Site container: careorbit-api-dev terminated during site startup. Cancelling site startup., DetailsLevel: ERR
2026-03-19T13:30:23.2161405Z State: Stopping, Action: StoppingSiteContainers, LastError: ContainerTimeout, LastErrorTimestamp: 03/19/2026 13:30:23, LastErrorDetails: Container did not start within expected time limit of 1800s. Please inspect your container logs for more details., Details: Site container: careorbit-api-dev terminated during site startup. Cancelling site startup., DetailsLevel: ERR
2026-03-19T13:30:23.2161534Z Site: careorbit-api-dev stopped.
2026-03-19T13:30:23.2520944Z State: Stopping, Action: UnmountingVolumes, LastError: ContainerTimeout, LastErrorTimestamp: 03/19/2026 13:30:23, LastErrorDetails: Container did not start within expected time limit of 1800s. Please inspect your container logs for more details., Details: Site container: careorbit-api-dev terminated during site startup. Cancelling site startup., DetailsLevel: ERR
2026-03-19T13:30:24.3880873Z State: Stopping, Action: StoppingSiteNetworks, LastError: ContainerTimeout, LastErrorTimestamp: 03/19/2026 13:30:23, LastErrorDetails: Container did not start within expected time limit of 1800s. Please inspect your container logs for more details., Details: Site container: careorbit-api-dev terminated during site startup. Cancelling site startup., DetailsLevel: ERR
2026-03-19T13:30:25.5148218Z Site: careorbit-api-dev will be blocked for 1 minutes till 03/19/2026 13:31:25
2026-03-19T13:30:25.5150006Z State: Blocked, Action: StoppingSiteNetworks, LastError: ContainerTimeout, LastErrorTimestamp: 03/19/2026 13:30:23, LastErrorDetails: Container did not start within expected time limit of 1800s. Please inspect your container logs for more details., Details: Site: careorbit-api-dev will be blocked for 1 minutes till 03/19/2026 13:31:25, DetailsLevel: WARN
2026-03-19T13:30:25.5152772Z State: Stopped, Action: None, LastError: ContainerTimeout, LastErrorTimestamp: 03/19/2026 13:30:23, LastErrorDetails: Container did not start within expected time limit of 1800s. Please inspect your container logs for more details., Details: Site stopped at 03/19/2026 13:30:25 (UTC), DetailsLevel: WARN
2026-03-19T13:30:26.0480091Z State: Stopped, Action: None, LastError: ContainerTimeout, LastErrorTimestamp: 03/19/2026 13:30:23, LastErrorDetails: Container did not start within expected time limit of 1800s. Please inspect your container logs for more details., Details: Site stopped at 03/19/2026 13:30:25 (UTC), DetailsLevel: WARN
2026-03-19T13:31:25.5178477Z Site: careorbit-api-dev is unblocked.
2026-03-19T13:34:03.0957701Z State: Starting, Action: EstablishingSiteNetworks, LastError: ContainerTimeout, LastErrorTimestamp: 03/19/2026 13:30:23, LastErrorDetails: Container did not start within expected time limit of 1800s. Please inspect your container logs for more details., Details: Site stopped at 03/19/2026 13:30:25 (UTC), DetailsLevel: WARN
2026-03-19T13:34:11.1998423Z State: Starting, Action: StartingSiteContainers, LastError: ContainerTimeout, LastErrorTimestamp: 03/19/2026 13:30:23, LastErrorDetails: Container did not start within expected time limit of 1800s. Please inspect your container logs for more details., Details: Site stopped at 03/19/2026 13:30:25 (UTC), DetailsLevel: WARN
2026-03-19T13:34:11.2008819Z Container start method called.
2026-03-19T13:34:11.2013489Z State: Starting, Action: PullingImage, LastError: ContainerTimeout, LastErrorTimestamp: 03/19/2026 13:30:23, LastErrorDetails: Container did not start within expected time limit of 1800s. Please inspect your container logs for more details., Details: Pulling image 10.1.0.5:13209/appsvc/python:3.12_20260203.2.tuxprod for careorbit-api-dev., DetailsLevel: INFO
2026-03-19T13:34:11.2019238Z Establishing network.
2026-03-19T13:34:11.2110249Z Pulling image: appsvc/python:3.12_20260203.2.tuxprod.
2026-03-19T13:34:11.8399167Z Container is starting.
2026-03-19T13:34:11.8399913Z State: Starting, Action: MountingVolumes, LastError: ContainerTimeout, LastErrorTimestamp: 03/19/2026 13:30:23, LastErrorDetails: Container did not start within expected time limit of 1800s. Please inspect your container logs for more details., Details: Mounting volumes for careorbit-api-dev., DetailsLevel: INFO
2026-03-19T13:34:11.8400596Z Establishing user namespace if not established already.
2026-03-19T13:34:11.8401399Z Establishing network if not established already.
2026-03-19T13:34:11.8402317Z Mounting volumes.
2026-03-19T13:34:11.8484158Z Nested mountpoint 
2026-03-19T13:34:11.8505119Z Nested mountpoint volatile/logs
2026-03-19T13:34:11.9712961Z Nested mountpoint 
2026-03-19T13:34:12.2344789Z Nested mountpoint 
2026-03-19T13:34:12.2759400Z Nested mountpoint 
2026-03-19T13:34:13.9291242Z State: Starting, Action: CreatingContainer, LastError: ContainerTimeout, LastErrorTimestamp: 03/19/2026 13:30:23, LastErrorDetails: Container did not start within expected time limit of 1800s. Please inspect your container logs for more details., Details: Finished pulling container image and mounting volumes for careorbit-api-dev. Allocatinng the rest of the container resources to finish container creation., DetailsLevel: INFO
2026-03-19T13:34:13.9463055Z Creating container.
2026-03-19T13:34:13.9472832Z Creating pipes for streaming container io.
2026-03-19T13:34:13.9484004Z Creating stdout named pipe at /podr/container/pipe/a2867f07d1ae_careorbit-api-dev/stdout_a034c7f2bc33460ca77e2b2b768dffdd.
2026-03-19T13:34:13.9667826Z Successfully created stdout named pipe at: /podr/container/pipe/a2867f07d1ae_careorbit-api-dev/stdout_a034c7f2bc33460ca77e2b2b768dffdd.
2026-03-19T13:34:13.9673479Z Opening named pipe /podr/container/pipe/a2867f07d1ae_careorbit-api-dev/stdout_a034c7f2bc33460ca77e2b2b768dffdd for reading in non-blocking mode.
2026-03-19T13:34:13.9684348Z Successfully opened named pipe: /podr/container/pipe/a2867f07d1ae_careorbit-api-dev/stdout_a034c7f2bc33460ca77e2b2b768dffdd.
2026-03-19T13:34:13.9785260Z Successfully removed non-blocking flag from /podr/container/pipe/a2867f07d1ae_careorbit-api-dev/stdout_a034c7f2bc33460ca77e2b2b768dffdd.
2026-03-19T13:34:13.9794238Z Creating stderr named pipe at /podr/container/pipe/a2867f07d1ae_careorbit-api-dev/stderr_bf476854231e464094ea16d52bb1d253.
2026-03-19T13:34:13.9939428Z Successfully created stderr named pipe at: /podr/container/pipe/a2867f07d1ae_careorbit-api-dev/stderr_bf476854231e464094ea16d52bb1d253.
2026-03-19T13:34:13.9940454Z Opening named pipe /podr/container/pipe/a2867f07d1ae_careorbit-api-dev/stderr_bf476854231e464094ea16d52bb1d253 for reading in non-blocking mode.
2026-03-19T13:34:13.9941611Z Successfully opened named pipe: /podr/container/pipe/a2867f07d1ae_careorbit-api-dev/stderr_bf476854231e464094ea16d52bb1d253.
2026-03-19T13:34:13.9943338Z Successfully removed non-blocking flag from /podr/container/pipe/a2867f07d1ae_careorbit-api-dev/stderr_bf476854231e464094ea16d52bb1d253.
2026-03-19T13:34:13.9944956Z Creating container with image: appsvc/python:3.12_20260203.2.tuxprod from registry: 10.1.0.5:13209 and fully qualified image name: 10.1.0.5:13209/appsvc/python:3.12_20260203.2.tuxprod
2026-03-19T13:34:15.1616360Z Starting container: a2867f07d1ae_careorbit-api-dev.
2026-03-19T13:34:15.2976747Z Starting watchers and probes.
2026-03-19T13:34:15.3187463Z Starting metrics collection.
2026-03-19T13:34:15.3200216Z Container is running.
2026-03-19T13:34:15.3201727Z State: Starting, Action: CreatingContainer, LastError: ContainerTimeout, LastErrorTimestamp: 03/19/2026 13:30:23, LastErrorDetails: Container did not start within expected time limit of 1800s. Please inspect your container logs for more details., Details: Container careorbit-api-dev successfully created and is running., DetailsLevel: INFO
2026-03-19T13:34:15.4617297Z Container start method finished after 4260 ms.
2026-03-19T13:34:15.4619040Z State: Starting, Action: InitiatingSiteWarmUpProbe, LastError: ContainerTimeout, LastErrorTimestamp: 03/19/2026 13:30:23, LastErrorDetails: Container did not start within expected time limit of 1800s. Please inspect your container logs for more details., Details: Container careorbit-api-dev successfully created and is running., DetailsLevel: INFO
2026-03-19T13:34:15.4619242Z State: Starting, Action: WaitingForSiteWarmUpProbeSuccess, LastError: ContainerTimeout, LastErrorTimestamp: 03/19/2026 13:30:23, LastErrorDetails: Container did not start within expected time limit of 1800s. Please inspect your container logs for more details., Details: Pinging warmup path to ensure container is ready to receive requests., DetailsLevel: INFO
2026-03-19T13:35:21.4658784Z Container has finished running with exit code: 3.
2026-03-19T13:35:21.4662168Z Container is terminating. Grace period: 5 seconds.
2026-03-19T13:35:21.4818490Z Stop and delete container. Retry count = 0
2026-03-19T13:35:21.4830270Z Stopping container: a2867f07d1ae_careorbit-api-dev.
2026-03-19T13:35:21.6131046Z Deleting container: a2867f07d1ae_careorbit-api-dev. Retry count = 0
2026-03-19T13:35:22.3023334Z Container get mounts received unexpected exception.
2026-03-19T13:35:22.3174404Z Container get mounts received unexpected exception.
2026-03-19T13:35:22.3552032Z Container get processes received unexpected exception.
2026-03-19T13:35:22.3560928Z Container get processes received unexpected exception.
2026-03-19T13:35:23.4730034Z Container spec TerminationMessagePolicy  path 
2026-03-19T13:35:23.4731769Z Container is terminated. Total time elapsed: 2006 ms.
2026-03-19T13:35:23.4732858Z Site container: careorbit-api-dev terminated during site startup.
2026-03-19T13:35:23.4734314Z State: Stopping, Action: CancellingStartup, LastError: ContainerTimeout, LastErrorTimestamp: 03/19/2026 13:30:23, LastErrorDetails: Container did not start within expected time limit of 1800s. Please inspect your container logs for more details., Details: Site container: careorbit-api-dev terminated during site startup. Cancelling site startup., DetailsLevel: ERR
2026-03-19T13:35:23.9976714Z Site startup probe failed after 68.5352373 seconds.
2026-03-19T13:35:24.6870935Z State: Stopping, Action: CancellingStartup, LastError: ContainerTimeout, LastErrorTimestamp: 03/19/2026 13:35:24, LastErrorDetails: Container did not start within expected time limit of 1800s. Please inspect your container logs for more details., Details: Site container: careorbit-api-dev terminated during site startup. Cancelling site startup., DetailsLevel: ERR
2026-03-19T13:35:24.6880173Z Failed to start site. Revert by stopping site.
2026-03-19T13:35:24.7576338Z State: Stopping, Action: StoppingSite, LastError: ContainerTimeout, LastErrorTimestamp: 03/19/2026 13:35:24, LastErrorDetails: Container did not start within expected time limit of 1800s. Please inspect your container logs for more details., Details: Site container: careorbit-api-dev terminated during site startup. Cancelling site startup., DetailsLevel: ERR
2026-03-19T13:35:24.7961289Z State: Stopping, Action: StoppingSiteContainers, LastError: ContainerTimeout, LastErrorTimestamp: 03/19/2026 13:35:24, LastErrorDetails: Container did not start within expected time limit of 1800s. Please inspect your container logs for more details., Details: Site container: careorbit-api-dev terminated during site startup. Cancelling site startup., DetailsLevel: ERR
2026-03-19T13:35:24.7972704Z Site: careorbit-api-dev stopped.
2026-03-19T13:35:24.8078877Z State: Stopping, Action: UnmountingVolumes, LastError: ContainerTimeout, LastErrorTimestamp: 03/19/2026 13:35:24, LastErrorDetails: Container did not start within expected time limit of 1800s. Please inspect your container logs for more details., Details: Site container: careorbit-api-dev terminated during site startup. Cancelling site startup., DetailsLevel: ERR
2026-03-19T13:35:25.7761138Z State: Stopping, Action: StoppingSiteNetworks, LastError: ContainerTimeout, LastErrorTimestamp: 03/19/2026 13:35:24, LastErrorDetails: Container did not start within expected time limit of 1800s. Please inspect your container logs for more details., Details: Site container: careorbit-api-dev terminated during site startup. Cancelling site startup., DetailsLevel: ERR
2026-03-19T13:35:27.2265014Z Site: careorbit-api-dev will be blocked for 1 minutes till 03/19/2026 13:36:27
2026-03-19T13:35:27.2266424Z State: Blocked, Action: StoppingSiteNetworks, LastError: ContainerTimeout, LastErrorTimestamp: 03/19/2026 13:35:24, LastErrorDetails: Container did not start within expected time limit of 1800s. Please inspect your container logs for more details., Details: Site: careorbit-api-dev will be blocked for 1 minutes till 03/19/2026 13:36:27, DetailsLevel: WARN
2026-03-19T13:35:27.2327251Z State: Stopped, Action: None, LastError: ContainerTimeout, LastErrorTimestamp: 03/19/2026 13:35:24, LastErrorDetails: Container did not start within expected time limit of 1800s. Please inspect your container logs for more details., Details: Site stopped at 03/19/2026 13:35:27 (UTC), DetailsLevel: WARN
2026-03-19T13:35:27.7597530Z State: Stopped, Action: None, LastError: ContainerTimeout, LastErrorTimestamp: 03/19/2026 13:35:24, LastErrorDetails: Container did not start within expected time limit of 1800s. Please inspect your container logs for more details., Details: Site stopped at 03/19/2026 13:35:27 (UTC), DetailsLevel: WARN
2026-03-19T13:35:33.4709709Z State: Blocked, Action: None, LastError: ContainerTimeout, LastErrorTimestamp: 03/19/2026 13:35:24, LastErrorDetails: Container did not start within expected time limit of 1800s. Please inspect your container logs for more details., Details: Site is blocked due to multiple, consecutive cold start failures. Site scheduled to be unblocked at 03/19/2026 13:36:27, DetailsLevel: WARN
2026-03-19T13:35:33.4710318Z Start site prohibitted because the site is being blocked.
2026-03-19T13:35:37.5382456Z State: Blocked, Action: None, LastError: ContainerTimeout, LastErrorTimestamp: 03/19/2026 13:35:24, LastErrorDetails: Container did not start within expected time limit of 1800s. Please inspect your container logs for more details., Details: Site is blocked due to multiple, consecutive cold start failures. Site scheduled to be unblocked at 03/19/2026 13:36:27, DetailsLevel: WARN
2026-03-19T13:35:37.5383120Z Start site prohibitted because the site is being blocked.
2026-03-19T13:35:47.6751557Z State: Blocked, Action: None, LastError: ContainerTimeout, LastErrorTimestamp: 03/19/2026 13:35:24, LastErrorDetails: Container did not start within expected time limit of 1800s. Please inspect your container logs for more details., Details: Site is blocked due to multiple, consecutive cold start failures. Site scheduled to be unblocked at 03/19/2026 13:36:27, DetailsLevel: WARN
2026-03-19T13:35:47.6752351Z Start site prohibitted because the site is being blocked.
2026-03-19T13:36:07.7503715Z State: Blocked, Action: None, LastError: ContainerTimeout, LastErrorTimestamp: 03/19/2026 13:35:24, LastErrorDetails: Container did not start within expected time limit of 1800s. Please inspect your container logs for more details., Details: Site is blocked due to multiple, consecutive cold start failures. Site scheduled to be unblocked at 03/19/2026 13:36:27, DetailsLevel: WARN
2026-03-19T13:36:07.7504360Z Start site prohibitted because the site is being blocked.
2026-03-19T13:36:15.9093800Z State: Blocked, Action: None, LastError: ContainerTimeout, LastErrorTimestamp: 03/19/2026 13:35:24, LastErrorDetails: Container did not start within expected time limit of 1800s. Please inspect your container logs for more details., Details: Site is blocked due to multiple, consecutive cold start failures. Site scheduled to be unblocked at 03/19/2026 13:36:27, DetailsLevel: WARN
2026-03-19T13:36:15.9094759Z Start site prohibitted because the site is being blocked.
2026-03-19T13:36:27.2291547Z Site: careorbit-api-dev is unblocked.
2026-03-19T13:36:42.1064635Z State: Starting, Action: EstablishingSiteNetworks, LastError: ContainerTimeout, LastErrorTimestamp: 03/19/2026 13:35:24, LastErrorDetails: Container did not start within expected time limit of 1800s. Please inspect your container logs for more details., Details: Site is blocked due to multiple, consecutive cold start failures. Site scheduled to be unblocked at 03/19/2026 13:36:27, DetailsLevel: WARN
2026-03-19T13:36:45.9601836Z State: Starting, Action: StartingSiteContainers, LastError: ContainerTimeout, LastErrorTimestamp: 03/19/2026 13:35:24, LastErrorDetails: Container did not start within expected time limit of 1800s. Please inspect your container logs for more details., Details: Site is blocked due to multiple, consecutive cold start failures. Site scheduled to be unblocked at 03/19/2026 13:36:27, DetailsLevel: WARN
2026-03-19T13:36:45.9668752Z Container start method called.
2026-03-19T13:36:45.9670816Z State: Starting, Action: PullingImage, LastError: ContainerTimeout, LastErrorTimestamp: 03/19/2026 13:35:24, LastErrorDetails: Container did not start within expected time limit of 1800s. Please inspect your container logs for more details., Details: Pulling image 10.1.0.5:13209/appsvc/python:3.12_20260203.2.tuxprod for careorbit-api-dev., DetailsLevel: INFO
2026-03-19T13:36:45.9672244Z Establishing network.
2026-03-19T13:36:45.9673448Z Pulling image: appsvc/python:3.12_20260203.2.tuxprod.
2026-03-19T13:36:46.2848145Z Container is starting.
2026-03-19T13:36:46.2848923Z State: Starting, Action: MountingVolumes, LastError: ContainerTimeout, LastErrorTimestamp: 03/19/2026 13:35:24, LastErrorDetails: Container did not start within expected time limit of 1800s. Please inspect your container logs for more details., Details: Mounting volumes for careorbit-api-dev., DetailsLevel: INFO
2026-03-19T13:36:46.2849659Z Establishing user namespace if not established already.
2026-03-19T13:36:46.2850620Z Establishing network if not established already.
2026-03-19T13:36:46.3131462Z Mounting volumes.
2026-03-19T13:36:46.3134055Z Nested mountpoint 
2026-03-19T13:36:46.3948934Z Nested mountpoint volatile/logs
2026-03-19T13:36:46.4309398Z Nested mountpoint 
2026-03-19T13:36:46.4620286Z Nested mountpoint 
2026-03-19T13:36:46.5434424Z Nested mountpoint 
2026-03-19T13:36:47.2614274Z State: Starting, Action: CreatingContainer, LastError: ContainerTimeout, LastErrorTimestamp: 03/19/2026 13:35:24, LastErrorDetails: Container did not start within expected time limit of 1800s. Please inspect your container logs for more details., Details: Finished pulling container image and mounting volumes for careorbit-api-dev. Allocatinng the rest of the container resources to finish container creation., DetailsLevel: INFO
2026-03-19T13:36:47.3185669Z Creating container.
2026-03-19T13:36:47.3571212Z Creating pipes for streaming container io.
2026-03-19T13:36:47.3594739Z Creating stdout named pipe at /podr/container/pipe/052947e4f375_careorbit-api-dev/stdout_06a632ff3ba34b249cab78dbe617bc1d.
2026-03-19T13:36:47.3782449Z Successfully created stdout named pipe at: /podr/container/pipe/052947e4f375_careorbit-api-dev/stdout_06a632ff3ba34b249cab78dbe617bc1d.
2026-03-19T13:36:47.3791901Z Opening named pipe /podr/container/pipe/052947e4f375_careorbit-api-dev/stdout_06a632ff3ba34b249cab78dbe617bc1d for reading in non-blocking mode.
2026-03-19T13:36:47.3793666Z Successfully opened named pipe: /podr/container/pipe/052947e4f375_careorbit-api-dev/stdout_06a632ff3ba34b249cab78dbe617bc1d.
2026-03-19T13:36:47.3794951Z Successfully removed non-blocking flag from /podr/container/pipe/052947e4f375_careorbit-api-dev/stdout_06a632ff3ba34b249cab78dbe617bc1d.
2026-03-19T13:36:47.3796909Z Creating stderr named pipe at /podr/container/pipe/052947e4f375_careorbit-api-dev/stderr_286a6c6f33a9484894f091c5970c1874.
2026-03-19T13:36:47.3869949Z Successfully created stderr named pipe at: /podr/container/pipe/052947e4f375_careorbit-api-dev/stderr_286a6c6f33a9484894f091c5970c1874.
2026-03-19T13:36:47.3871569Z Opening named pipe /podr/container/pipe/052947e4f375_careorbit-api-dev/stderr_286a6c6f33a9484894f091c5970c1874 for reading in non-blocking mode.
2026-03-19T13:36:47.3880531Z Successfully opened named pipe: /podr/container/pipe/052947e4f375_careorbit-api-dev/stderr_286a6c6f33a9484894f091c5970c1874.
2026-03-19T13:36:47.3884530Z Successfully removed non-blocking flag from /podr/container/pipe/052947e4f375_careorbit-api-dev/stderr_286a6c6f33a9484894f091c5970c1874.
2026-03-19T13:36:47.3894188Z Creating container with image: appsvc/python:3.12_20260203.2.tuxprod from registry: 10.1.0.5:13209 and fully qualified image name: 10.1.0.5:13209/appsvc/python:3.12_20260203.2.tuxprod
2026-03-19T13:36:48.0833434Z Starting container: 052947e4f375_careorbit-api-dev.
2026-03-19T13:36:48.1830648Z Starting watchers and probes.
2026-03-19T13:36:48.1930858Z Starting metrics collection.
2026-03-19T13:36:48.2429947Z Container is running.
2026-03-19T13:36:48.2645075Z State: Starting, Action: CreatingContainer, LastError: ContainerTimeout, LastErrorTimestamp: 03/19/2026 13:35:24, LastErrorDetails: Container did not start within expected time limit of 1800s. Please inspect your container logs for more details., Details: Container careorbit-api-dev successfully created and is running., DetailsLevel: INFO
2026-03-19T13:36:48.9791739Z Container start method finished after 2911 ms.
2026-03-19T13:36:48.9793846Z State: Starting, Action: InitiatingSiteWarmUpProbe, LastError: ContainerTimeout, LastErrorTimestamp: 03/19/2026 13:35:24, LastErrorDetails: Container did not start within expected time limit of 1800s. Please inspect your container logs for more details., Details: Container careorbit-api-dev successfully created and is running., DetailsLevel: INFO
2026-03-19T13:36:48.9794120Z State: Starting, Action: WaitingForSiteWarmUpProbeSuccess, LastError: ContainerTimeout, LastErrorTimestamp: 03/19/2026 13:35:24, LastErrorDetails: Container did not start within expected time limit of 1800s. Please inspect your container logs for more details., Details: Pinging warmup path to ensure container is ready to receive requests., DetailsLevel: INFO
2026-03-19T13:38:03.8454370Z Container has finished running with exit code: 1.
2026-03-19T13:38:03.8849127Z Container is terminating. Grace period: 5 seconds.
2026-03-19T13:38:03.9058594Z Stop and delete container. Retry count = 0
2026-03-19T13:38:03.9435585Z Stopping container: 052947e4f375_careorbit-api-dev.
2026-03-19T13:38:04.3777706Z Deleting container: 052947e4f375_careorbit-api-dev. Retry count = 0
2026-03-19T13:38:05.2312987Z Container spec TerminationMessagePolicy  path 
2026-03-19T13:38:05.2387298Z Container is terminated. Total time elapsed: 1352 ms.
2026-03-19T13:38:05.2396674Z Site container: careorbit-api-dev terminated during site startup.
2026-03-19T13:38:05.2477724Z State: Stopping, Action: CancellingStartup, LastError: ContainerTimeout, LastErrorTimestamp: 03/19/2026 13:35:24, LastErrorDetails: Container did not start within expected time limit of 1800s. Please inspect your container logs for more details., Details: Site container: careorbit-api-dev terminated during site startup. Cancelling site startup., DetailsLevel: ERR
2026-03-19T13:38:06.7588369Z Site startup probe failed after 77.6871446 seconds.
2026-03-19T13:38:07.6445361Z State: Stopping, Action: CancellingStartup, LastError: ContainerTimeout, LastErrorTimestamp: 03/19/2026 13:38:07, LastErrorDetails: Container did not start within expected time limit of 1800s. Please inspect your container logs for more details., Details: Site container: careorbit-api-dev terminated during site startup. Cancelling site startup., DetailsLevel: ERR
2026-03-19T13:38:07.6548975Z Failed to start site. Revert by stopping site.
2026-03-19T13:38:07.6647926Z State: Stopping, Action: StoppingSite, LastError: ContainerTimeout, LastErrorTimestamp: 03/19/2026 13:38:07, LastErrorDetails: Container did not start within expected time limit of 1800s. Please inspect your container logs for more details., Details: Site container: careorbit-api-dev terminated during site startup. Cancelling site startup., DetailsLevel: ERR
2026-03-19T13:38:07.6753923Z State: Stopping, Action: StoppingSiteContainers, LastError: ContainerTimeout, LastErrorTimestamp: 03/19/2026 13:38:07, LastErrorDetails: Container did not start within expected time limit of 1800s. Please inspect your container logs for more details., Details: Site container: careorbit-api-dev terminated during site startup. Cancelling site startup., DetailsLevel: ERR
2026-03-19T13:38:07.6754433Z Site: careorbit-api-dev stopped.
2026-03-19T13:38:07.6944552Z State: Stopping, Action: UnmountingVolumes, LastError: ContainerTimeout, LastErrorTimestamp: 03/19/2026 13:38:07, LastErrorDetails: Container did not start within expected time limit of 1800s. Please inspect your container logs for more details., Details: Site container: careorbit-api-dev terminated during site startup. Cancelling site startup., DetailsLevel: ERR
2026-03-19T13:38:09.1311853Z State: Stopping, Action: StoppingSiteNetworks, LastError: ContainerTimeout, LastErrorTimestamp: 03/19/2026 13:38:07, LastErrorDetails: Container did not start within expected time limit of 1800s. Please inspect your container logs for more details., Details: Site container: careorbit-api-dev terminated during site startup. Cancelling site startup., DetailsLevel: ERR
2026-03-19T13:38:10.2154299Z Site: careorbit-api-dev will be blocked for 2 minutes till 03/19/2026 13:40:10
2026-03-19T13:38:10.2156350Z State: Blocked, Action: StoppingSiteNetworks, LastError: ContainerTimeout, LastErrorTimestamp: 03/19/2026 13:38:07, LastErrorDetails: Container did not start within expected time limit of 1800s. Please inspect your container logs for more details., Details: Site: careorbit-api-dev will be blocked for 2 minutes till 03/19/2026 13:40:10, DetailsLevel: WARN
2026-03-19T13:38:10.2447220Z State: Stopped, Action: None, LastError: ContainerTimeout, LastErrorTimestamp: 03/19/2026 13:38:07, LastErrorDetails: Container did not start within expected time limit of 1800s. Please inspect your container logs for more details., Details: Site stopped at 03/19/2026 13:38:10 (UTC), DetailsLevel: WARN
2026-03-19T13:38:11.6064124Z State: Stopped, Action: None, LastError: ContainerTimeout, LastErrorTimestamp: 03/19/2026 13:38:07, LastErrorDetails: Container did not start within expected time limit of 1800s. Please inspect your container logs for more details., Details: Site stopped at 03/19/2026 13:38:10 (UTC), DetailsLevel: WARN
2026-03-19T13:38:27.4366289Z State: Blocked, Action: None, LastError: ContainerTimeout, LastErrorTimestamp: 03/19/2026 13:38:07, LastErrorDetails: Container did not start within expected time limit of 1800s. Please inspect your container logs for more details., Details: Site is blocked due to multiple, consecutive cold start failures. Site scheduled to be unblocked at 03/19/2026 13:40:10, DetailsLevel: WARN
2026-03-19T13:38:27.4366634Z Start site prohibitted because the site is being blocked.
2026-03-19T13:39:19.7352759Z State: Blocked, Action: None, LastError: ContainerTimeout, LastErrorTimestamp: 03/19/2026 13:38:07, LastErrorDetails: Container did not start within expected time limit of 1800s. Please inspect your container logs for more details., Details: Site is blocked due to multiple, consecutive cold start failures. Site scheduled to be unblocked at 03/19/2026 13:40:10, DetailsLevel: WARN
2026-03-19T13:39:19.7376765Z Start site prohibitted because the site is being blocked.
2026-03-19T13:39:25.7096704Z State: Blocked, Action: None, LastError: ContainerTimeout, LastErrorTimestamp: 03/19/2026 13:38:07, LastErrorDetails: Container did not start within expected time limit of 1800s. Please inspect your container logs for more details., Details: Site is blocked due to multiple, consecutive cold start failures. Site scheduled to be unblocked at 03/19/2026 13:40:10, DetailsLevel: WARN
2026-03-19T13:39:25.7097132Z Start site prohibitted because the site is being blocked.
2026-03-19T13:39:38.5337666Z State: Blocked, Action: None, LastError: ContainerTimeout, LastErrorTimestamp: 03/19/2026 13:38:07, LastErrorDetails: Container did not start within expected time limit of 1800s. Please inspect your container logs for more details., Details: Site is blocked due to multiple, consecutive cold start failures. Site scheduled to be unblocked at 03/19/2026 13:40:10, DetailsLevel: WARN
2026-03-19T13:39:38.5339281Z Start site prohibitted because the site is being blocked.
2026-03-19T13:40:10.2182359Z Site: careorbit-api-dev is unblocked.
2026-03-19T13:40:26.4961706Z State: Starting, Action: EstablishingSiteNetworks, LastError: ContainerTimeout, LastErrorTimestamp: 03/19/2026 13:38:07, LastErrorDetails: Container did not start within expected time limit of 1800s. Please inspect your container logs for more details., Details: Site is blocked due to multiple, consecutive cold start failures. Site scheduled to be unblocked at 03/19/2026 13:40:10, DetailsLevel: WARN
2026-03-19T13:40:31.9182171Z State: Starting, Action: StartingSiteContainers, LastError: ContainerTimeout, LastErrorTimestamp: 03/19/2026 13:38:07, LastErrorDetails: Container did not start within expected time limit of 1800s. Please inspect your container logs for more details., Details: Site is blocked due to multiple, consecutive cold start failures. Site scheduled to be unblocked at 03/19/2026 13:40:10, DetailsLevel: WARN
2026-03-19T13:40:31.9193351Z Container start method called.
2026-03-19T13:40:31.9194691Z State: Starting, Action: PullingImage, LastError: ContainerTimeout, LastErrorTimestamp: 03/19/2026 13:38:07, LastErrorDetails: Container did not start within expected time limit of 1800s. Please inspect your container logs for more details., Details: Pulling image 10.1.0.5:13209/appsvc/python:3.12_20260203.2.tuxprod for careorbit-api-dev., DetailsLevel: INFO
2026-03-19T13:40:31.9196495Z Establishing network.
2026-03-19T13:40:31.9197522Z Pulling image: appsvc/python:3.12_20260203.2.tuxprod.
2026-03-19T13:40:32.7183851Z Container is starting.
2026-03-19T13:40:32.7266947Z State: Starting, Action: MountingVolumes, LastError: ContainerTimeout, LastErrorTimestamp: 03/19/2026 13:38:07, LastErrorDetails: Container did not start within expected time limit of 1800s. Please inspect your container logs for more details., Details: Mounting volumes for careorbit-api-dev., DetailsLevel: INFO
2026-03-19T13:40:32.7273564Z Establishing user namespace if not established already.
2026-03-19T13:40:32.7280112Z Establishing network if not established already.
2026-03-19T13:40:32.7385840Z Mounting volumes.
2026-03-19T13:40:32.7393746Z Nested mountpoint 
2026-03-19T13:40:33.2875963Z Nested mountpoint volatile/logs
2026-03-19T13:40:33.3375690Z Nested mountpoint 
2026-03-19T13:40:33.3383068Z Nested mountpoint 
2026-03-19T13:40:33.4576027Z Nested mountpoint 
2026-03-19T13:40:34.9474314Z State: Starting, Action: CreatingContainer, LastError: ContainerTimeout, LastErrorTimestamp: 03/19/2026 13:38:07, LastErrorDetails: Container did not start within expected time limit of 1800s. Please inspect your container logs for more details., Details: Finished pulling container image and mounting volumes for careorbit-api-dev. Allocatinng the rest of the container resources to finish container creation., DetailsLevel: INFO
2026-03-19T13:40:34.9476719Z Creating container.
2026-03-19T13:40:34.9744995Z Creating pipes for streaming container io.
2026-03-19T13:40:34.9913065Z Creating stdout named pipe at /podr/container/pipe/f886e123c453_careorbit-api-dev/stdout_758d0b6182084675b03c92b7e16566ab.
2026-03-19T13:40:35.0218837Z Successfully created stdout named pipe at: /podr/container/pipe/f886e123c453_careorbit-api-dev/stdout_758d0b6182084675b03c92b7e16566ab.
2026-03-19T13:40:35.0221273Z Opening named pipe /podr/container/pipe/f886e123c453_careorbit-api-dev/stdout_758d0b6182084675b03c92b7e16566ab for reading in non-blocking mode.
2026-03-19T13:40:35.0223412Z Successfully opened named pipe: /podr/container/pipe/f886e123c453_careorbit-api-dev/stdout_758d0b6182084675b03c92b7e16566ab.
2026-03-19T13:40:35.0224706Z Successfully removed non-blocking flag from /podr/container/pipe/f886e123c453_careorbit-api-dev/stdout_758d0b6182084675b03c92b7e16566ab.
2026-03-19T13:40:35.0226458Z Creating stderr named pipe at /podr/container/pipe/f886e123c453_careorbit-api-dev/stderr_22187a5fd7bf4c52b6c47af98b6d6ee8.
2026-03-19T13:40:35.0330744Z Successfully created stderr named pipe at: /podr/container/pipe/f886e123c453_careorbit-api-dev/stderr_22187a5fd7bf4c52b6c47af98b6d6ee8.
2026-03-19T13:40:35.0404133Z Opening named pipe /podr/container/pipe/f886e123c453_careorbit-api-dev/stderr_22187a5fd7bf4c52b6c47af98b6d6ee8 for reading in non-blocking mode.
2026-03-19T13:40:35.0406716Z Successfully opened named pipe: /podr/container/pipe/f886e123c453_careorbit-api-dev/stderr_22187a5fd7bf4c52b6c47af98b6d6ee8.
2026-03-19T13:40:35.0408706Z Successfully removed non-blocking flag from /podr/container/pipe/f886e123c453_careorbit-api-dev/stderr_22187a5fd7bf4c52b6c47af98b6d6ee8.
2026-03-19T13:40:35.0410316Z Creating container with image: appsvc/python:3.12_20260203.2.tuxprod from registry: 10.1.0.5:13209 and fully qualified image name: 10.1.0.5:13209/appsvc/python:3.12_20260203.2.tuxprod
2026-03-19T13:40:37.0502098Z Starting container: f886e123c453_careorbit-api-dev.
2026-03-19T13:40:37.3256261Z Starting watchers and probes.
2026-03-19T13:40:37.3278187Z Starting metrics collection.
2026-03-19T13:40:37.3359666Z Container is running.
2026-03-19T13:40:37.3361859Z State: Starting, Action: CreatingContainer, LastError: ContainerTimeout, LastErrorTimestamp: 03/19/2026 13:38:07, LastErrorDetails: Container did not start within expected time limit of 1800s. Please inspect your container logs for more details., Details: Container careorbit-api-dev successfully created and is running., DetailsLevel: INFO
2026-03-19T13:40:37.5450711Z Container start method finished after 5625 ms.
2026-03-19T13:40:37.5569015Z State: Starting, Action: InitiatingSiteWarmUpProbe, LastError: ContainerTimeout, LastErrorTimestamp: 03/19/2026 13:38:07, LastErrorDetails: Container did not start within expected time limit of 1800s. Please inspect your container logs for more details., Details: Container careorbit-api-dev successfully created and is running., DetailsLevel: INFO
2026-03-19T13:40:37.5569730Z State: Starting, Action: WaitingForSiteWarmUpProbeSuccess, LastError: ContainerTimeout, LastErrorTimestamp: 03/19/2026 13:38:07, LastErrorDetails: Container did not start within expected time limit of 1800s. Please inspect your container logs for more details., Details: Pinging warmup path to ensure container is ready to receive requests., DetailsLevel: INFO
2026-03-19T13:41:41.3556507Z Container has finished running with exit code: 1.
2026-03-19T13:41:41.3656501Z Container is terminating. Grace period: 5 seconds.
2026-03-19T13:41:41.3842277Z Stop and delete container. Retry count = 0
2026-03-19T13:41:41.3846318Z Stopping container: f886e123c453_careorbit-api-dev.
2026-03-19T13:41:41.6288837Z Deleting container: f886e123c453_careorbit-api-dev. Retry count = 0
2026-03-19T13:41:42.3246374Z Container spec TerminationMessagePolicy  path 
2026-03-19T13:41:42.3335893Z Container is terminated. Total time elapsed: 967 ms.
2026-03-19T13:41:42.3344426Z Site container: careorbit-api-dev terminated during site startup.
2026-03-19T13:41:42.3439525Z State: Stopping, Action: CancellingStartup, LastError: ContainerTimeout, LastErrorTimestamp: 03/19/2026 13:38:07, LastErrorDetails: Container did not start within expected time limit of 1800s. Please inspect your container logs for more details., Details: Site container: careorbit-api-dev terminated during site startup. Cancelling site startup., DetailsLevel: ERR
2026-03-19T13:41:43.4779728Z Site startup probe failed after 65.8909393 seconds.
2026-03-19T13:41:44.3512585Z State: Stopping, Action: CancellingStartup, LastError: ContainerTimeout, LastErrorTimestamp: 03/19/2026 13:41:44, LastErrorDetails: Container did not start within expected time limit of 1800s. Please inspect your container logs for more details., Details: Site container: careorbit-api-dev terminated during site startup. Cancelling site startup., DetailsLevel: ERR
2026-03-19T13:41:44.8722480Z Failed to start site. Revert by stopping site.
2026-03-19T13:41:44.8724977Z State: Stopping, Action: StoppingSite, LastError: ContainerTimeout, LastErrorTimestamp: 03/19/2026 13:41:44, LastErrorDetails: Container did not start within expected time limit of 1800s. Please inspect your container logs for more details., Details: Site container: careorbit-api-dev terminated during site startup. Cancelling site startup., DetailsLevel: ERR
2026-03-19T13:41:44.8728449Z State: Stopping, Action: StoppingSiteContainers, LastError: ContainerTimeout, LastErrorTimestamp: 03/19/2026 13:41:44, LastErrorDetails: Container did not start within expected time limit of 1800s. Please inspect your container logs for more details., Details: Site container: careorbit-api-dev terminated during site startup. Cancelling site startup., DetailsLevel: ERR
2026-03-19T13:41:44.8728601Z Site: careorbit-api-dev stopped.
2026-03-19T13:44:35.5890297Z State: Starting, Action: EstablishingSiteNetworks, LastError: ContainerTimeout, LastErrorTimestamp: 03/19/2026 13:41:44, LastErrorDetails: Container did not start within expected time limit of 1800s. Please inspect your container logs for more details., Details: Site stopped at 03/19/2026 13:41:46 (UTC), DetailsLevel: WARN
2026-03-19T13:44:44.4466633Z State: Starting, Action: StartingSiteContainers, LastError: ContainerTimeout, LastErrorTimestamp: 03/19/2026 13:41:44, LastErrorDetails: Container did not start within expected time limit of 1800s. Please inspect your container logs for more details., Details: Site stopped at 03/19/2026 13:41:46 (UTC), DetailsLevel: WARN
2026-03-19T13:44:44.4467633Z Container start method called.
2026-03-19T13:44:44.4467960Z State: Starting, Action: PullingImage, LastError: ContainerTimeout, LastErrorTimestamp: 03/19/2026 13:41:44, LastErrorDetails: Container did not start within expected time limit of 1800s. Please inspect your container logs for more details., Details: Pulling image 10.1.0.5:13209/appsvc/python:3.12_20260203.2.tuxprod for careorbit-api-dev., DetailsLevel: INFO
2026-03-19T13:44:44.4468714Z Establishing network.
2026-03-19T13:44:44.4469484Z Pulling image: appsvc/python:3.12_20260203.2.tuxprod.
2026-03-19T13:44:45.5129941Z Container is starting.
2026-03-19T13:44:45.5728117Z State: Starting, Action: MountingVolumes, LastError: ContainerTimeout, LastErrorTimestamp: 03/19/2026 13:41:44, LastErrorDetails: Container did not start within expected time limit of 1800s. Please inspect your container logs for more details., Details: Mounting volumes for careorbit-api-dev., DetailsLevel: INFO
2026-03-19T13:44:45.5854033Z Establishing user namespace if not established already.
2026-03-19T13:44:45.6649857Z Establishing network if not established already.
2026-03-19T13:44:45.6657505Z Mounting volumes.
2026-03-19T13:44:45.7333871Z Nested mountpoint 
2026-03-19T13:44:45.8182231Z Nested mountpoint volatile/logs
2026-03-19T13:44:45.9260236Z Nested mountpoint 
2026-03-19T13:44:46.3675593Z Nested mountpoint 
2026-03-19T13:44:46.7102538Z Nested mountpoint 
2026-03-19T13:44:48.8716547Z State: Starting, Action: CreatingContainer, LastError: ContainerTimeout, LastErrorTimestamp: 03/19/2026 13:41:44, LastErrorDetails: Container did not start within expected time limit of 1800s. Please inspect your container logs for more details., Details: Finished pulling container image and mounting volumes for careorbit-api-dev. Allocatinng the rest of the container resources to finish container creation., DetailsLevel: INFO
2026-03-19T13:44:48.8717742Z Creating container.
2026-03-19T13:44:48.8718440Z Creating pipes for streaming container io.
2026-03-19T13:44:48.8719377Z Creating stdout named pipe at /podr/container/pipe/f826fae3a0b5_careorbit-api-dev/stdout_f8095204fbfe48779259d6f05a5bf1b8.
2026-03-19T13:44:48.9329833Z Successfully created stdout named pipe at: /podr/container/pipe/f826fae3a0b5_careorbit-api-dev/stdout_f8095204fbfe48779259d6f05a5bf1b8.
2026-03-19T13:44:48.9330998Z Opening named pipe /podr/container/pipe/f826fae3a0b5_careorbit-api-dev/stdout_f8095204fbfe48779259d6f05a5bf1b8 for reading in non-blocking mode.
2026-03-19T13:44:48.9331934Z Successfully opened named pipe: /podr/container/pipe/f826fae3a0b5_careorbit-api-dev/stdout_f8095204fbfe48779259d6f05a5bf1b8.
2026-03-19T13:44:48.9332616Z Successfully removed non-blocking flag from /podr/container/pipe/f826fae3a0b5_careorbit-api-dev/stdout_f8095204fbfe48779259d6f05a5bf1b8.
2026-03-19T13:44:48.9614219Z Creating stderr named pipe at /podr/container/pipe/f826fae3a0b5_careorbit-api-dev/stderr_632df2613fac490f9e6c78ac8ef7f269.
2026-03-19T13:44:48.9616086Z Successfully created stderr named pipe at: /podr/container/pipe/f826fae3a0b5_careorbit-api-dev/stderr_632df2613fac490f9e6c78ac8ef7f269.
2026-03-19T13:44:48.9616798Z Opening named pipe /podr/container/pipe/f826fae3a0b5_careorbit-api-dev/stderr_632df2613fac490f9e6c78ac8ef7f269 for reading in non-blocking mode.
2026-03-19T13:44:48.9617717Z Successfully opened named pipe: /podr/container/pipe/f826fae3a0b5_careorbit-api-dev/stderr_632df2613fac490f9e6c78ac8ef7f269.
2026-03-19T13:44:48.9618431Z Successfully removed non-blocking flag from /podr/container/pipe/f826fae3a0b5_careorbit-api-dev/stderr_632df2613fac490f9e6c78ac8ef7f269.
2026-03-19T13:44:48.9619411Z Creating container with image: appsvc/python:3.12_20260203.2.tuxprod from registry: 10.1.0.5:13209 and fully qualified image name: 10.1.0.5:13209/appsvc/python:3.12_20260203.2.tuxprod
2026-03-19T13:44:51.4933536Z Starting container: f826fae3a0b5_careorbit-api-dev.
2026-03-19T13:44:51.6823630Z Starting watchers and probes.
2026-03-19T13:44:51.7020832Z Starting metrics collection.
2026-03-19T13:44:51.7038866Z Container is running.
2026-03-19T13:44:51.7141288Z State: Starting, Action: CreatingContainer, LastError: ContainerTimeout, LastErrorTimestamp: 03/19/2026 13:41:44, LastErrorDetails: Container did not start within expected time limit of 1800s. Please inspect your container logs for more details., Details: Container careorbit-api-dev successfully created and is running., DetailsLevel: INFO
2026-03-19T13:44:52.2072981Z Container start method finished after 7760 ms.
2026-03-19T13:44:52.2859665Z State: Starting, Action: InitiatingSiteWarmUpProbe, LastError: ContainerTimeout, LastErrorTimestamp: 03/19/2026 13:41:44, LastErrorDetails: Container did not start within expected time limit of 1800s. Please inspect your container logs for more details., Details: Container careorbit-api-dev successfully created and is running., DetailsLevel: INFO
2026-03-19T13:44:52.2860297Z State: Starting, Action: WaitingForSiteWarmUpProbeSuccess, LastError: ContainerTimeout, LastErrorTimestamp: 03/19/2026 13:41:44, LastErrorDetails: Container did not start within expected time limit of 1800s. Please inspect your container logs for more details., Details: Pinging warmup path to ensure container is ready to receive requests., DetailsLevel: INFO
2026-03-19T13:47:44.9280560Z Container has finished running with exit code: 3.
2026-03-19T13:47:44.9285648Z Container is terminating. Grace period: 5 seconds.
2026-03-19T13:47:44.9494191Z Stop and delete container. Retry count = 0
2026-03-19T13:47:44.9572636Z Stopping container: f826fae3a0b5_careorbit-api-dev.
2026-03-19T13:47:45.0991249Z Deleting container: f826fae3a0b5_careorbit-api-dev. Retry count = 0
2026-03-19T13:47:50.0012241Z Container spec TerminationMessagePolicy  path 
2026-03-19T13:47:50.0021477Z Container is terminated. Total time elapsed: 5073 ms.
2026-03-19T13:47:50.0111900Z Site container: careorbit-api-dev terminated during site startup.
2026-03-19T13:47:50.0564338Z State: Stopping, Action: CancellingStartup, LastError: ContainerTimeout, LastErrorTimestamp: 03/19/2026 13:41:44, LastErrorDetails: Container did not start within expected time limit of 1800s. Please inspect your container logs for more details., Details: Site container: careorbit-api-dev terminated during site startup. Cancelling site startup., DetailsLevel: ERR
2026-03-19T13:47:51.3696594Z Site startup probe failed after 179.0810285 seconds.
2026-03-19T13:47:51.6999139Z State: Stopping, Action: CancellingStartup, LastError: ContainerTimeout, LastErrorTimestamp: 03/19/2026 13:47:51, LastErrorDetails: Container did not start within expected time limit of 1800s. Please inspect your container logs for more details., Details: Site container: careorbit-api-dev terminated during site startup. Cancelling site startup., DetailsLevel: ERR
2026-03-19T13:47:51.7109199Z Failed to start site. Revert by stopping site.
2026-03-19T13:47:51.7454360Z State: Stopping, Action: StoppingSite, LastError: ContainerTimeout, LastErrorTimestamp: 03/19/2026 13:47:51, LastErrorDetails: Container did not start within expected time limit of 1800s. Please inspect your container logs for more details., Details: Site container: careorbit-api-dev terminated during site startup. Cancelling site startup., DetailsLevel: ERR
2026-03-19T13:47:51.7468277Z State: Stopping, Action: StoppingSiteContainers, LastError: ContainerTimeout, LastErrorTimestamp: 03/19/2026 13:47:51, LastErrorDetails: Container did not start within expected time limit of 1800s. Please inspect your container logs for more details., Details: Site container: careorbit-api-dev terminated during site startup. Cancelling site startup., DetailsLevel: ERR
2026-03-19T13:47:51.7478839Z Site: careorbit-api-dev stopped.
2026-03-19T13:47:51.8072625Z State: Stopping, Action: UnmountingVolumes, LastError: ContainerTimeout, LastErrorTimestamp: 03/19/2026 13:47:51, LastErrorDetails: Container did not start within expected time limit of 1800s. Please inspect your container logs for more details., Details: Site container: careorbit-api-dev terminated during site startup. Cancelling site startup., DetailsLevel: ERR
2026-03-19T13:47:52.6706379Z State: Stopping, Action: StoppingSiteNetworks, LastError: ContainerTimeout, LastErrorTimestamp: 03/19/2026 13:47:51, LastErrorDetails: Container did not start within expected time limit of 1800s. Please inspect your container logs for more details., Details: Site container: careorbit-api-dev terminated during site startup. Cancelling site startup., DetailsLevel: ERR
2026-03-19T13:47:53.6960211Z State: Stopped, Action: None, LastError: ContainerTimeout, LastErrorTimestamp: 03/19/2026 13:47:51, LastErrorDetails: Container did not start within expected time limit of 1800s. Please inspect your container logs for more details., Details: Site stopped at 03/19/2026 13:47:53 (UTC), DetailsLevel: ERR
2026-03-19T13:47:54.5331913Z State: Stopped, Action: None, LastError: ContainerTimeout, LastErrorTimestamp: 03/19/2026 13:47:51, LastErrorDetails: Container did not start within expected time limit of 1800s. Please inspect your container logs for more details., Details: Site stopped at 03/19/2026 13:47:53 (UTC), DetailsLevel: ERR
2026-03-19T13:48:02.7325469Z State: Starting, Action: EstablishingSiteNetworks, LastError: ContainerTimeout, LastErrorTimestamp: 03/19/2026 13:47:51, LastErrorDetails: Container did not start within expected time limit of 1800s. Please inspect your container logs for more details., Details: Site stopped at 03/19/2026 13:47:53 (UTC), DetailsLevel: ERR
2026-03-19T13:48:11.2800356Z State: Starting, Action: StartingSiteContainers, LastError: ContainerTimeout, LastErrorTimestamp: 03/19/2026 13:47:51, LastErrorDetails: Container did not start within expected time limit of 1800s. Please inspect your container logs for more details., Details: Site stopped at 03/19/2026 13:47:53 (UTC), DetailsLevel: ERR
2026-03-19T13:48:11.2891596Z Container start method called.
2026-03-19T13:48:11.3206919Z State: Starting, Action: PullingImage, LastError: ContainerTimeout, LastErrorTimestamp: 03/19/2026 13:47:51, LastErrorDetails: Container did not start within expected time limit of 1800s. Please inspect your container logs for more details., Details: Pulling image 10.1.0.5:13209/appsvc/python:3.12_20260203.2.tuxprod for careorbit-api-dev., DetailsLevel: INFO
2026-03-19T13:48:11.3209619Z Establishing network.
2026-03-19T13:48:11.3211806Z Pulling image: appsvc/python:3.12_20260203.2.tuxprod.
2026-03-19T13:48:12.5903031Z Container is starting.
2026-03-19T13:48:12.5906150Z State: Starting, Action: MountingVolumes, LastError: ContainerTimeout, LastErrorTimestamp: 03/19/2026 13:47:51, LastErrorDetails: Container did not start within expected time limit of 1800s. Please inspect your container logs for more details., Details: Mounting volumes for careorbit-api-dev., DetailsLevel: INFO
2026-03-19T13:48:12.6005631Z Establishing user namespace if not established already.
2026-03-19T13:48:12.6095939Z Establishing network if not established already.
2026-03-19T13:48:12.6103181Z Mounting volumes.
2026-03-19T13:48:12.6399641Z Nested mountpoint 
2026-03-19T13:48:12.7104758Z Nested mountpoint volatile/logs
2026-03-19T13:48:12.8319392Z Nested mountpoint 
2026-03-19T13:48:12.9126497Z Nested mountpoint 
2026-03-19T13:48:12.9416713Z Nested mountpoint 
2026-03-19T13:48:13.9570071Z State: Starting, Action: CreatingContainer, LastError: ContainerTimeout, LastErrorTimestamp: 03/19/2026 13:47:51, LastErrorDetails: Container did not start within expected time limit of 1800s. Please inspect your container logs for more details., Details: Finished pulling container image and mounting volumes for careorbit-api-dev. Allocatinng the rest of the container resources to finish container creation., DetailsLevel: INFO
2026-03-19T13:48:13.9789445Z Creating container.
2026-03-19T13:48:13.9888545Z Creating pipes for streaming container io.
2026-03-19T13:48:14.0192709Z Creating stdout named pipe at /podr/container/pipe/922abf4ba9e2_careorbit-api-dev/stdout_5849404afe604085a7bbc09748274cfd.
2026-03-19T13:48:14.0374945Z Successfully created stdout named pipe at: /podr/container/pipe/922abf4ba9e2_careorbit-api-dev/stdout_5849404afe604085a7bbc09748274cfd.
2026-03-19T13:48:14.0388344Z Opening named pipe /podr/container/pipe/922abf4ba9e2_careorbit-api-dev/stdout_5849404afe604085a7bbc09748274cfd for reading in non-blocking mode.
2026-03-19T13:48:14.0396125Z Successfully opened named pipe: /podr/container/pipe/922abf4ba9e2_careorbit-api-dev/stdout_5849404afe604085a7bbc09748274cfd.
2026-03-19T13:48:14.0478951Z Successfully removed non-blocking flag from /podr/container/pipe/922abf4ba9e2_careorbit-api-dev/stdout_5849404afe604085a7bbc09748274cfd.
2026-03-19T13:48:14.0499493Z Creating stderr named pipe at /podr/container/pipe/922abf4ba9e2_careorbit-api-dev/stderr_724963fcccc64ea4ad9101391b01f02a.
2026-03-19T13:48:14.0584466Z Successfully created stderr named pipe at: /podr/container/pipe/922abf4ba9e2_careorbit-api-dev/stderr_724963fcccc64ea4ad9101391b01f02a.
2026-03-19T13:48:14.0595920Z Opening named pipe /podr/container/pipe/922abf4ba9e2_careorbit-api-dev/stderr_724963fcccc64ea4ad9101391b01f02a for reading in non-blocking mode.
2026-03-19T13:48:14.0774503Z Successfully opened named pipe: /podr/container/pipe/922abf4ba9e2_careorbit-api-dev/stderr_724963fcccc64ea4ad9101391b01f02a.
2026-03-19T13:48:14.0783520Z Successfully removed non-blocking flag from /podr/container/pipe/922abf4ba9e2_careorbit-api-dev/stderr_724963fcccc64ea4ad9101391b01f02a.
2026-03-19T13:48:14.0886387Z Creating container with image: appsvc/python:3.12_20260203.2.tuxprod from registry: 10.1.0.5:13209 and fully qualified image name: 10.1.0.5:13209/appsvc/python:3.12_20260203.2.tuxprod
2026-03-19T13:48:15.9688098Z Starting container: 922abf4ba9e2_careorbit-api-dev.
2026-03-19T13:48:16.2859799Z Starting watchers and probes.
2026-03-19T13:48:16.3149681Z Starting metrics collection.
2026-03-19T13:48:16.3239234Z Container is running.
2026-03-19T13:48:16.3240991Z State: Starting, Action: CreatingContainer, LastError: ContainerTimeout, LastErrorTimestamp: 03/19/2026 13:47:51, LastErrorDetails: Container did not start within expected time limit of 1800s. Please inspect your container logs for more details., Details: Container careorbit-api-dev successfully created and is running., DetailsLevel: INFO
2026-03-19T13:48:16.5069948Z Container start method finished after 5217 ms.
2026-03-19T13:48:16.6093888Z State: Starting, Action: InitiatingSiteWarmUpProbe, LastError: ContainerTimeout, LastErrorTimestamp: 03/19/2026 13:47:51, LastErrorDetails: Container did not start within expected time limit of 1800s. Please inspect your container logs for more details., Details: Container careorbit-api-dev successfully created and is running., DetailsLevel: INFO
2026-03-19T13:48:16.6094579Z State: Starting, Action: WaitingForSiteWarmUpProbeSuccess, LastError: ContainerTimeout, LastErrorTimestamp: 03/19/2026 13:47:51, LastErrorDetails: Container did not start within expected time limit of 1800s. Please inspect your container logs for more details., Details: Pinging warmup path to ensure container is ready to receive requests., DetailsLevel: INFO
2026-03-19T13:49:32.1189432Z Container has finished running with exit code: 1.
2026-03-19T13:49:32.1271152Z Container is terminating. Grace period: 5 seconds.
2026-03-19T13:49:32.1470559Z Stop and delete container. Retry count = 0
2026-03-19T13:49:32.1481694Z Stopping container: 922abf4ba9e2_careorbit-api-dev.
2026-03-19T13:49:32.5956208Z Deleting container: 922abf4ba9e2_careorbit-api-dev. Retry count = 0
2026-03-19T13:49:33.4968870Z Container spec TerminationMessagePolicy  path 
2026-03-19T13:49:33.5324291Z Container is terminated. Total time elapsed: 1404 ms.
2026-03-19T13:49:33.5338027Z Site container: careorbit-api-dev terminated during site startup.
2026-03-19T13:49:33.5416717Z State: Stopping, Action: CancellingStartup, LastError: ContainerTimeout, LastErrorTimestamp: 03/19/2026 13:47:51, LastErrorDetails: Container did not start within expected time limit of 1800s. Please inspect your container logs for more details., Details: Site container: careorbit-api-dev terminated during site startup. Cancelling site startup., DetailsLevel: ERR
2026-03-19T13:49:35.8077559Z Site startup probe failed after 79.1371927 seconds.
2026-03-19T13:49:36.4806661Z State: Stopping, Action: CancellingStartup, LastError: ContainerTimeout, LastErrorTimestamp: 03/19/2026 13:49:36, LastErrorDetails: Container did not start within expected time limit of 1800s. Please inspect your container logs for more details., Details: Site container: careorbit-api-dev terminated during site startup. Cancelling site startup., DetailsLevel: ERR
2026-03-19T13:49:36.5705057Z Failed to start site. Revert by stopping site.
2026-03-19T13:49:36.7621369Z State: Stopping, Action: StoppingSite, LastError: ContainerTimeout, LastErrorTimestamp: 03/19/2026 13:49:36, LastErrorDetails: Container did not start within expected time limit of 1800s. Please inspect your container logs for more details., Details: Site container: careorbit-api-dev terminated during site startup. Cancelling site startup., DetailsLevel: ERR
2026-03-19T13:49:36.7823528Z State: Stopping, Action: StoppingSiteContainers, LastError: ContainerTimeout, LastErrorTimestamp: 03/19/2026 13:49:36, LastErrorDetails: Container did not start within expected time limit of 1800s. Please inspect your container logs for more details., Details: Site container: careorbit-api-dev terminated during site startup. Cancelling site startup., DetailsLevel: ERR
2026-03-19T13:49:36.8005721Z Site: careorbit-api-dev stopped.
2026-03-19T13:49:36.9184577Z State: Stopping, Action: UnmountingVolumes, LastError: ContainerTimeout, LastErrorTimestamp: 03/19/2026 13:49:36, LastErrorDetails: Container did not start within expected time limit of 1800s. Please inspect your container logs for more details., Details: Site container: careorbit-api-dev terminated during site startup. Cancelling site startup., DetailsLevel: ERR
2026-03-19T13:49:40.6515738Z State: Stopping, Action: StoppingSiteNetworks, LastError: ContainerTimeout, LastErrorTimestamp: 03/19/2026 13:49:36, LastErrorDetails: Container did not start within expected time limit of 1800s. Please inspect your container logs for more details., Details: Site container: careorbit-api-dev terminated during site startup. Cancelling site startup., DetailsLevel: ERR
2026-03-19T13:49:41.9849840Z Site: careorbit-api-dev will be blocked for 1 minutes till 03/19/2026 13:50:41
2026-03-19T13:49:42.0121962Z State: Blocked, Action: StoppingSiteNetworks, LastError: ContainerTimeout, LastErrorTimestamp: 03/19/2026 13:49:36, LastErrorDetails: Container did not start within expected time limit of 1800s. Please inspect your container logs for more details., Details: Site: careorbit-api-dev will be blocked for 1 minutes till 03/19/2026 13:50:41, DetailsLevel: WARN
2026-03-19T13:49:42.0326174Z State: Stopped, Action: None, LastError: ContainerTimeout, LastErrorTimestamp: 03/19/2026 13:49:36, LastErrorDetails: Container did not start within expected time limit of 1800s. Please inspect your container logs for more details., Details: Site stopped at 03/19/2026 13:49:42 (UTC), DetailsLevel: WARN
2026-03-19T13:49:42.4725275Z State: Stopped, Action: None, LastError: ContainerTimeout, LastErrorTimestamp: 03/19/2026 13:49:36, LastErrorDetails: Container did not start within expected time limit of 1800s. Please inspect your container logs for more details., Details: Site stopped at 03/19/2026 13:49:42 (UTC), DetailsLevel: WARN
2026-03-19T13:50:13.1423610Z State: Blocked, Action: None, LastError: ContainerTimeout, LastErrorTimestamp: 03/19/2026 13:49:36, LastErrorDetails: Container did not start within expected time limit of 1800s. Please inspect your container logs for more details., Details: Site is blocked due to multiple, consecutive cold start failures. Site scheduled to be unblocked at 03/19/2026 13:50:41, DetailsLevel: WARN
2026-03-19T13:50:13.1426949Z Start site prohibitted because the site is being blocked.
2026-03-19T13:50:23.9135648Z State: Blocked, Action: None, LastError: ContainerTimeout, LastErrorTimestamp: 03/19/2026 13:49:36, LastErrorDetails: Container did not start within expected time limit of 1800s. Please inspect your container logs for more details., Details: Site is blocked due to multiple, consecutive cold start failures. Site scheduled to be unblocked at 03/19/2026 13:50:41, DetailsLevel: WARN
2026-03-19T13:50:23.9136074Z Start site prohibitted because the site is being blocked.
2026-03-19T13:50:30.1551446Z State: Blocked, Action: None, LastError: ContainerTimeout, LastErrorTimestamp: 03/19/2026 13:49:36, LastErrorDetails: Container did not start within expected time limit of 1800s. Please inspect your container logs for more details., Details: Site is blocked due to multiple, consecutive cold start failures. Site scheduled to be unblocked at 03/19/2026 13:50:41, DetailsLevel: WARN
2026-03-19T13:50:30.1563490Z Start site prohibitted because the site is being blocked.
2026-03-19T13:50:41.9946149Z Site: careorbit-api-dev is unblocked.
2026-03-19T13:51:41.4827025Z State: Starting, Action: EstablishingSiteNetworks, LastError: ContainerTimeout, LastErrorTimestamp: 03/19/2026 13:49:36, LastErrorDetails: Container did not start within expected time limit of 1800s. Please inspect your container logs for more details., Details: Site is blocked due to multiple, consecutive cold start failures. Site scheduled to be unblocked at 03/19/2026 13:50:41, DetailsLevel: WARN
2026-03-19T13:51:49.8885465Z State: Starting, Action: StartingSiteContainers, LastError: ContainerTimeout, LastErrorTimestamp: 03/19/2026 13:49:36, LastErrorDetails: Container did not start within expected time limit of 1800s. Please inspect your container logs for more details., Details: Site is blocked due to multiple, consecutive cold start failures. Site scheduled to be unblocked at 03/19/2026 13:50:41, DetailsLevel: WARN
2026-03-19T13:51:49.9374216Z Container start method called.
2026-03-19T13:51:49.9675364Z State: Starting, Action: PullingImage, LastError: ContainerTimeout, LastErrorTimestamp: 03/19/2026 13:49:36, LastErrorDetails: Container did not start within expected time limit of 1800s. Please inspect your container logs for more details., Details: Pulling image 10.1.0.5:13209/appsvc/python:3.12_20260203.2.tuxprod for careorbit-api-dev., DetailsLevel: INFO
2026-03-19T13:51:49.9678287Z Establishing network.
2026-03-19T13:51:50.0317970Z Pulling image: appsvc/python:3.12_20260203.2.tuxprod.
2026-03-19T13:51:51.3596002Z Container is starting.
2026-03-19T13:51:51.3604785Z State: Starting, Action: MountingVolumes, LastError: ContainerTimeout, LastErrorTimestamp: 03/19/2026 13:49:36, LastErrorDetails: Container did not start within expected time limit of 1800s. Please inspect your container logs for more details., Details: Mounting volumes for careorbit-api-dev., DetailsLevel: INFO
2026-03-19T13:51:51.3689419Z Establishing user namespace if not established already.
2026-03-19T13:51:51.3694900Z Establishing network if not established already.
2026-03-19T13:51:51.3698903Z Mounting volumes.
2026-03-19T13:51:51.3703487Z Nested mountpoint 
2026-03-19T13:51:51.5664299Z Nested mountpoint volatile/logs
2026-03-19T13:51:51.6151109Z Nested mountpoint 
2026-03-19T13:51:51.6353245Z Nested mountpoint 
2026-03-19T13:51:51.8072053Z Nested mountpoint 
2026-03-19T13:51:53.7854325Z State: Starting, Action: CreatingContainer, LastError: ContainerTimeout, LastErrorTimestamp: 03/19/2026 13:49:36, LastErrorDetails: Container did not start within expected time limit of 1800s. Please inspect your container logs for more details., Details: Finished pulling container image and mounting volumes for careorbit-api-dev. Allocatinng the rest of the container resources to finish container creation., DetailsLevel: INFO
2026-03-19T13:51:53.7869823Z Creating container.
2026-03-19T13:51:53.8156557Z Creating pipes for streaming container io.
2026-03-19T13:51:53.8165435Z Creating stdout named pipe at /podr/container/pipe/be18a3d46601_careorbit-api-dev/stdout_4210cf11905e495788839f488c05cbb9.
2026-03-19T13:51:53.8768192Z Successfully created stdout named pipe at: /podr/container/pipe/be18a3d46601_careorbit-api-dev/stdout_4210cf11905e495788839f488c05cbb9.
2026-03-19T13:51:53.8777993Z Opening named pipe /podr/container/pipe/be18a3d46601_careorbit-api-dev/stdout_4210cf11905e495788839f488c05cbb9 for reading in non-blocking mode.
2026-03-19T13:51:53.8863671Z Successfully opened named pipe: /podr/container/pipe/be18a3d46601_careorbit-api-dev/stdout_4210cf11905e495788839f488c05cbb9.
2026-03-19T13:51:53.8966483Z Successfully removed non-blocking flag from /podr/container/pipe/be18a3d46601_careorbit-api-dev/stdout_4210cf11905e495788839f488c05cbb9.
2026-03-19T13:51:53.9066686Z Creating stderr named pipe at /podr/container/pipe/be18a3d46601_careorbit-api-dev/stderr_73c84fbac3e8483b8db18778a2615e78.
2026-03-19T13:51:53.9072864Z Successfully created stderr named pipe at: /podr/container/pipe/be18a3d46601_careorbit-api-dev/stderr_73c84fbac3e8483b8db18778a2615e78.
2026-03-19T13:51:53.9075573Z Opening named pipe /podr/container/pipe/be18a3d46601_careorbit-api-dev/stderr_73c84fbac3e8483b8db18778a2615e78 for reading in non-blocking mode.
2026-03-19T13:51:53.9164198Z Successfully opened named pipe: /podr/container/pipe/be18a3d46601_careorbit-api-dev/stderr_73c84fbac3e8483b8db18778a2615e78.
2026-03-19T13:51:53.9175160Z Successfully removed non-blocking flag from /podr/container/pipe/be18a3d46601_careorbit-api-dev/stderr_73c84fbac3e8483b8db18778a2615e78.
2026-03-19T13:51:53.9863647Z Creating container with image: appsvc/python:3.12_20260203.2.tuxprod from registry: 10.1.0.5:13209 and fully qualified image name: 10.1.0.5:13209/appsvc/python:3.12_20260203.2.tuxprod
2026-03-19T13:51:56.6707287Z Starting container: be18a3d46601_careorbit-api-dev.
2026-03-19T13:51:56.8172939Z Starting watchers and probes.
2026-03-19T13:51:56.8969025Z Starting metrics collection.
2026-03-19T13:51:56.9046173Z Container is running.
2026-03-19T13:51:56.9118202Z State: Starting, Action: CreatingContainer, LastError: ContainerTimeout, LastErrorTimestamp: 03/19/2026 13:49:36, LastErrorDetails: Container did not start within expected time limit of 1800s. Please inspect your container logs for more details., Details: Container careorbit-api-dev successfully created and is running., DetailsLevel: INFO
2026-03-19T13:51:57.1316678Z Container start method finished after 7193 ms.
2026-03-19T13:51:57.1323056Z State: Starting, Action: InitiatingSiteWarmUpProbe, LastError: ContainerTimeout, LastErrorTimestamp: 03/19/2026 13:49:36, LastErrorDetails: Container did not start within expected time limit of 1800s. Please inspect your container logs for more details., Details: Container careorbit-api-dev successfully created and is running., DetailsLevel: INFO
2026-03-19T13:51:57.1323714Z State: Starting, Action: WaitingForSiteWarmUpProbeSuccess, LastError: ContainerTimeout, LastErrorTimestamp: 03/19/2026 13:49:36, LastErrorDetails: Container did not start within expected time limit of 1800s. Please inspect your container logs for more details., Details: Pinging warmup path to ensure container is ready to receive requests., DetailsLevel: INFO
2026-03-19T13:53:55.3404599Z Container has finished running with exit code: 1.
2026-03-19T13:53:55.3417955Z Container is terminating. Grace period: 5 seconds.
2026-03-19T13:53:55.3606607Z Stop and delete container. Retry count = 0
2026-03-19T13:53:55.3607624Z Stopping container: be18a3d46601_careorbit-api-dev.
2026-03-19T13:53:55.6532204Z Deleting container: be18a3d46601_careorbit-api-dev. Retry count = 0
2026-03-19T13:53:56.3457452Z Container spec TerminationMessagePolicy  path 
2026-03-19T13:53:56.3528042Z Container is terminated. Total time elapsed: 1010 ms.
2026-03-19T13:53:56.3539277Z Site container: careorbit-api-dev terminated during site startup.
2026-03-19T13:53:56.3593740Z State: Stopping, Action: CancellingStartup, LastError: ContainerTimeout, LastErrorTimestamp: 03/19/2026 13:49:36, LastErrorDetails: Container did not start within expected time limit of 1800s. Please inspect your container logs for more details., Details: Site container: careorbit-api-dev terminated during site startup. Cancelling site startup., DetailsLevel: ERR
2026-03-19T13:53:58.3612418Z Site startup probe failed after 121.2263245 seconds.
2026-03-19T13:53:58.6997725Z State: Stopping, Action: CancellingStartup, LastError: ContainerTimeout, LastErrorTimestamp: 03/19/2026 13:53:58, LastErrorDetails: Container did not start within expected time limit of 1800s. Please inspect your container logs for more details., Details: Site container: careorbit-api-dev terminated during site startup. Cancelling site startup., DetailsLevel: ERR
2026-03-19T13:53:58.7414316Z Failed to start site. Revert by stopping site.
2026-03-19T13:53:58.7611072Z State: Stopping, Action: StoppingSite, LastError: ContainerTimeout, LastErrorTimestamp: 03/19/2026 13:53:58, LastErrorDetails: Container did not start within expected time limit of 1800s. Please inspect your container logs for more details., Details: Site container: careorbit-api-dev terminated during site startup. Cancelling site startup., DetailsLevel: ERR
2026-03-19T13:53:58.7770631Z State: Stopping, Action: StoppingSiteContainers, LastError: ContainerTimeout, LastErrorTimestamp: 03/19/2026 13:53:58, LastErrorDetails: Container did not start within expected time limit of 1800s. Please inspect your container logs for more details., Details: Site container: careorbit-api-dev terminated during site startup. Cancelling site startup., DetailsLevel: ERR
2026-03-19T13:53:58.7770911Z Site: careorbit-api-dev stopped.
2026-03-19T13:54:25.5527961Z State: Starting, Action: EstablishingSiteNetworks, LastError: ContainerTimeout, LastErrorTimestamp: 03/19/2026 13:53:58, LastErrorDetails: Container did not start within expected time limit of 1800s. Please inspect your container logs for more details., Details: Site stopped at 03/19/2026 13:54:00 (UTC), DetailsLevel: WARN
2026-03-19T13:54:35.6398973Z State: Starting, Action: StartingSiteContainers, LastError: ContainerTimeout, LastErrorTimestamp: 03/19/2026 13:53:58, LastErrorDetails: Container did not start within expected time limit of 1800s. Please inspect your container logs for more details., Details: Site stopped at 03/19/2026 13:54:00 (UTC), DetailsLevel: WARN
2026-03-19T13:54:35.6405515Z Container start method called.
2026-03-19T13:54:35.6407133Z State: Starting, Action: PullingImage, LastError: ContainerTimeout, LastErrorTimestamp: 03/19/2026 13:53:58, LastErrorDetails: Container did not start within expected time limit of 1800s. Please inspect your container logs for more details., Details: Pulling image 10.1.0.4:13209/appsvc/python:3.12_20260203.2.tuxprod for careorbit-api-dev., DetailsLevel: INFO
2026-03-19T13:54:35.6408807Z Establishing network.
2026-03-19T13:54:35.6414482Z Pulling image: appsvc/python:3.12_20260203.2.tuxprod.
2026-03-19T13:54:36.4735861Z Container is starting.
2026-03-19T13:54:36.4737173Z State: Starting, Action: MountingVolumes, LastError: ContainerTimeout, LastErrorTimestamp: 03/19/2026 13:53:58, LastErrorDetails: Container did not start within expected time limit of 1800s. Please inspect your container logs for more details., Details: Mounting volumes for careorbit-api-dev., DetailsLevel: INFO
2026-03-19T13:54:36.4738283Z Establishing user namespace if not established already.
2026-03-19T13:54:36.4739333Z Establishing network if not established already.
2026-03-19T13:54:36.4740549Z Mounting volumes.
2026-03-19T13:54:36.4746932Z Nested mountpoint 
2026-03-19T13:54:36.5854347Z Nested mountpoint volatile/logs
2026-03-19T13:54:36.6686288Z Nested mountpoint 
2026-03-19T13:54:36.6787500Z Nested mountpoint 
2026-03-19T13:54:36.8134687Z Nested mountpoint 
2026-03-19T13:54:37.7963794Z State: Starting, Action: CreatingContainer, LastError: ContainerTimeout, LastErrorTimestamp: 03/19/2026 13:53:58, LastErrorDetails: Container did not start within expected time limit of 1800s. Please inspect your container logs for more details., Details: Finished pulling container image and mounting volumes for careorbit-api-dev. Allocatinng the rest of the container resources to finish container creation., DetailsLevel: INFO
2026-03-19T13:54:37.8618645Z Creating container.
2026-03-19T13:54:37.8620007Z Creating pipes for streaming container io.
2026-03-19T13:54:37.8624607Z Creating stdout named pipe at /podr/container/pipe/82515a89d7fe_careorbit-api-dev/stdout_e99464cec01144448536727bca58a798.
2026-03-19T13:54:37.8735085Z Successfully created stdout named pipe at: /podr/container/pipe/82515a89d7fe_careorbit-api-dev/stdout_e99464cec01144448536727bca58a798.
2026-03-19T13:54:37.8930079Z Opening named pipe /podr/container/pipe/82515a89d7fe_careorbit-api-dev/stdout_e99464cec01144448536727bca58a798 for reading in non-blocking mode.
2026-03-19T13:54:37.8941320Z Successfully opened named pipe: /podr/container/pipe/82515a89d7fe_careorbit-api-dev/stdout_e99464cec01144448536727bca58a798.
2026-03-19T13:54:37.9119600Z Successfully removed non-blocking flag from /podr/container/pipe/82515a89d7fe_careorbit-api-dev/stdout_e99464cec01144448536727bca58a798.
2026-03-19T13:54:37.9134556Z Creating stderr named pipe at /podr/container/pipe/82515a89d7fe_careorbit-api-dev/stderr_a357b7e8891b4944b0947a6da3fa71f4.
2026-03-19T13:54:37.9677380Z Successfully created stderr named pipe at: /podr/container/pipe/82515a89d7fe_careorbit-api-dev/stderr_a357b7e8891b4944b0947a6da3fa71f4.
2026-03-19T13:54:37.9928094Z Opening named pipe /podr/container/pipe/82515a89d7fe_careorbit-api-dev/stderr_a357b7e8891b4944b0947a6da3fa71f4 for reading in non-blocking mode.
2026-03-19T13:54:38.0015232Z Successfully opened named pipe: /podr/container/pipe/82515a89d7fe_careorbit-api-dev/stderr_a357b7e8891b4944b0947a6da3fa71f4.
2026-03-19T13:54:38.0038688Z Successfully removed non-blocking flag from /podr/container/pipe/82515a89d7fe_careorbit-api-dev/stderr_a357b7e8891b4944b0947a6da3fa71f4.
2026-03-19T13:54:38.0228728Z Creating container with image: appsvc/python:3.12_20260203.2.tuxprod from registry: 10.1.0.4:13209 and fully qualified image name: 10.1.0.4:13209/appsvc/python:3.12_20260203.2.tuxprod
2026-03-19T13:54:39.5080648Z Starting container: 82515a89d7fe_careorbit-api-dev.
2026-03-19T13:54:39.6288433Z Starting watchers and probes.
2026-03-19T13:54:39.6484213Z Starting metrics collection.
2026-03-19T13:54:39.6874663Z Container is running.
2026-03-19T13:54:39.6876279Z State: Starting, Action: CreatingContainer, LastError: ContainerTimeout, LastErrorTimestamp: 03/19/2026 13:53:58, LastErrorDetails: Container did not start within expected time limit of 1800s. Please inspect your container logs for more details., Details: Container careorbit-api-dev successfully created and is running., DetailsLevel: INFO
2026-03-19T13:54:40.0215222Z Container start method finished after 4380 ms.
2026-03-19T13:54:40.2903633Z State: Starting, Action: InitiatingSiteWarmUpProbe, LastError: ContainerTimeout, LastErrorTimestamp: 03/19/2026 13:53:58, LastErrorDetails: Container did not start within expected time limit of 1800s. Please inspect your container logs for more details., Details: Container careorbit-api-dev successfully created and is running., DetailsLevel: INFO
2026-03-19T13:54:40.2904994Z State: Starting, Action: WaitingForSiteWarmUpProbeSuccess, LastError: ContainerTimeout, LastErrorTimestamp: 03/19/2026 13:53:58, LastErrorDetails: Container did not start within expected time limit of 1800s. Please inspect your container logs for more details., Details: Pinging warmup path to ensure container is ready to receive requests., DetailsLevel: INFO
2026-03-19T13:55:59.7946961Z Container has finished running with exit code: 1.
2026-03-19T13:55:59.8527567Z Container is terminating. Grace period: 5 seconds.
2026-03-19T13:55:59.8629916Z Stop and delete container. Retry count = 0
2026-03-19T13:55:59.8712537Z Stopping container: 82515a89d7fe_careorbit-api-dev.
2026-03-19T13:56:00.0075742Z Deleting container: 82515a89d7fe_careorbit-api-dev. Retry count = 0
2026-03-19T13:56:00.6533507Z Container spec TerminationMessagePolicy  path 
2026-03-19T13:56:00.6541462Z Container is terminated. Total time elapsed: 800 ms.
2026-03-19T13:56:00.6542983Z Site container: careorbit-api-dev terminated during site startup.
2026-03-19T13:56:00.6544032Z State: Stopping, Action: CancellingStartup, LastError: ContainerTimeout, LastErrorTimestamp: 03/19/2026 13:53:58, LastErrorDetails: Container did not start within expected time limit of 1800s. Please inspect your container logs for more details., Details: Site container: careorbit-api-dev terminated during site startup. Cancelling site startup., DetailsLevel: ERR
2026-03-19T13:56:01.3455095Z Site startup probe failed after 81.0144975 seconds.
2026-03-19T13:56:02.7284442Z State: Stopping, Action: CancellingStartup, LastError: ContainerTimeout, LastErrorTimestamp: 03/19/2026 13:56:02, LastErrorDetails: Container did not start within expected time limit of 1800s. Please inspect your container logs for more details., Details: Site container: careorbit-api-dev terminated during site startup. Cancelling site startup., DetailsLevel: ERR
2026-03-19T13:56:02.8579525Z Failed to start site. Revert by stopping site.
2026-03-19T13:56:02.8664922Z State: Stopping, Action: StoppingSite, LastError: ContainerTimeout, LastErrorTimestamp: 03/19/2026 13:56:02, LastErrorDetails: Container did not start within expected time limit of 1800s. Please inspect your container logs for more details., Details: Site container: careorbit-api-dev terminated during site startup. Cancelling site startup., DetailsLevel: ERR
2026-03-19T13:56:02.8733020Z State: Stopping, Action: StoppingSiteContainers, LastError: ContainerTimeout, LastErrorTimestamp: 03/19/2026 13:56:02, LastErrorDetails: Container did not start within expected time limit of 1800s. Please inspect your container logs for more details., Details: Site container: careorbit-api-dev terminated during site startup. Cancelling site startup., DetailsLevel: ERR
2026-03-19T13:56:02.8739593Z Site: careorbit-api-dev stopped.
2026-03-19T13:57:52.9154143Z State: Starting, Action: EstablishingSiteNetworks, LastError: ContainerTimeout, LastErrorTimestamp: 03/19/2026 13:56:02, LastErrorDetails: Container did not start within expected time limit of 1800s. Please inspect your container logs for more details., Details: Site stopped at 03/19/2026 13:56:07 (UTC), DetailsLevel: ERR
2026-03-19T13:57:57.5412065Z State: Starting, Action: StartingSiteContainers, LastError: ContainerTimeout, LastErrorTimestamp: 03/19/2026 13:56:02, LastErrorDetails: Container did not start within expected time limit of 1800s. Please inspect your container logs for more details., Details: Site stopped at 03/19/2026 13:56:07 (UTC), DetailsLevel: ERR
2026-03-19T13:57:57.5413831Z Container start method called.
2026-03-19T13:57:57.5414564Z State: Starting, Action: PullingImage, LastError: ContainerTimeout, LastErrorTimestamp: 03/19/2026 13:56:02, LastErrorDetails: Container did not start within expected time limit of 1800s. Please inspect your container logs for more details., Details: Pulling image 10.1.0.5:13209/appsvc/python:3.12_20260203.2.tuxprod for careorbit-api-dev., DetailsLevel: INFO
2026-03-19T13:57:57.5415654Z Establishing network.
2026-03-19T13:57:57.5416806Z Pulling image: appsvc/python:3.12_20260203.2.tuxprod.
2026-03-19T13:57:57.9564570Z Container is starting.
2026-03-19T13:57:57.9634927Z State: Starting, Action: MountingVolumes, LastError: ContainerTimeout, LastErrorTimestamp: 03/19/2026 13:56:02, LastErrorDetails: Container did not start within expected time limit of 1800s. Please inspect your container logs for more details., Details: Mounting volumes for careorbit-api-dev., DetailsLevel: INFO
2026-03-19T13:57:57.9637585Z Establishing user namespace if not established already.
2026-03-19T13:57:57.9638865Z Establishing network if not established already.
2026-03-19T13:57:57.9640146Z Mounting volumes.
2026-03-19T13:57:57.9641716Z Nested mountpoint 
2026-03-19T13:57:58.0242378Z Nested mountpoint volatile/logs
2026-03-19T13:57:58.0549614Z Nested mountpoint 
2026-03-19T13:57:58.0555140Z Nested mountpoint 
2026-03-19T13:57:58.0566465Z Nested mountpoint 
2026-03-19T13:57:58.7037378Z State: Starting, Action: CreatingContainer, LastError: ContainerTimeout, LastErrorTimestamp: 03/19/2026 13:56:02, LastErrorDetails: Container did not start within expected time limit of 1800s. Please inspect your container logs for more details., Details: Finished pulling container image and mounting volumes for careorbit-api-dev. Allocatinng the rest of the container resources to finish container creation., DetailsLevel: INFO
2026-03-19T13:57:58.7041130Z Creating container.
2026-03-19T13:57:58.7042493Z Creating pipes for streaming container io.
2026-03-19T13:57:58.7047691Z Creating stdout named pipe at /podr/container/pipe/7b8f585b0a65_careorbit-api-dev/stdout_ef6e0943138749f1b5b8b9ebfe2013f9.
2026-03-19T13:57:58.7065403Z Successfully created stdout named pipe at: /podr/container/pipe/7b8f585b0a65_careorbit-api-dev/stdout_ef6e0943138749f1b5b8b9ebfe2013f9.
2026-03-19T13:57:58.7066881Z Opening named pipe /podr/container/pipe/7b8f585b0a65_careorbit-api-dev/stdout_ef6e0943138749f1b5b8b9ebfe2013f9 for reading in non-blocking mode.
2026-03-19T13:57:58.7133044Z Successfully opened named pipe: /podr/container/pipe/7b8f585b0a65_careorbit-api-dev/stdout_ef6e0943138749f1b5b8b9ebfe2013f9.
2026-03-19T13:57:58.7134930Z Successfully removed non-blocking flag from /podr/container/pipe/7b8f585b0a65_careorbit-api-dev/stdout_ef6e0943138749f1b5b8b9ebfe2013f9.
2026-03-19T13:57:58.7237191Z Creating stderr named pipe at /podr/container/pipe/7b8f585b0a65_careorbit-api-dev/stderr_d76662b113da4fca9d5fffd780a27635.
2026-03-19T13:57:58.7316236Z Successfully created stderr named pipe at: /podr/container/pipe/7b8f585b0a65_careorbit-api-dev/stderr_d76662b113da4fca9d5fffd780a27635.
2026-03-19T13:57:58.7389277Z Opening named pipe /podr/container/pipe/7b8f585b0a65_careorbit-api-dev/stderr_d76662b113da4fca9d5fffd780a27635 for reading in non-blocking mode.
2026-03-19T13:57:58.7397592Z Successfully opened named pipe: /podr/container/pipe/7b8f585b0a65_careorbit-api-dev/stderr_d76662b113da4fca9d5fffd780a27635.
2026-03-19T13:57:58.7484023Z Successfully removed non-blocking flag from /podr/container/pipe/7b8f585b0a65_careorbit-api-dev/stderr_d76662b113da4fca9d5fffd780a27635.
2026-03-19T13:57:58.7690356Z Creating container with image: appsvc/python:3.12_20260203.2.tuxprod from registry: 10.1.0.5:13209 and fully qualified image name: 10.1.0.5:13209/appsvc/python:3.12_20260203.2.tuxprod
2026-03-19T13:57:59.6922479Z Starting container: 7b8f585b0a65_careorbit-api-dev.
2026-03-19T13:57:59.7881281Z Starting watchers and probes.
2026-03-19T13:57:59.7887557Z Starting metrics collection.
2026-03-19T13:57:59.7962273Z Container is running.
2026-03-19T13:57:59.7974583Z State: Starting, Action: CreatingContainer, LastError: ContainerTimeout, LastErrorTimestamp: 03/19/2026 13:56:02, LastErrorDetails: Container did not start within expected time limit of 1800s. Please inspect your container logs for more details., Details: Container careorbit-api-dev successfully created and is running., DetailsLevel: INFO
2026-03-19T13:58:00.1340626Z Container start method finished after 2592 ms.
2026-03-19T13:58:00.1614424Z State: Starting, Action: InitiatingSiteWarmUpProbe, LastError: ContainerTimeout, LastErrorTimestamp: 03/19/2026 13:56:02, LastErrorDetails: Container did not start within expected time limit of 1800s. Please inspect your container logs for more details., Details: Container careorbit-api-dev successfully created and is running., DetailsLevel: INFO
2026-03-19T13:58:00.1614811Z State: Starting, Action: WaitingForSiteWarmUpProbeSuccess, LastError: ContainerTimeout, LastErrorTimestamp: 03/19/2026 13:56:02, LastErrorDetails: Container did not start within expected time limit of 1800s. Please inspect your container logs for more details., Details: Pinging warmup path to ensure container is ready to receive requests., DetailsLevel: INFO
2026-03-19T13:58:41.9637759Z Container has finished running with exit code: 1.
2026-03-19T13:58:41.9729990Z Container is terminating. Grace period: 5 seconds.
2026-03-19T13:58:41.9800786Z Stop and delete container. Retry count = 0
2026-03-19T13:58:41.9815217Z Stopping container: 7b8f585b0a65_careorbit-api-dev.
2026-03-19T13:58:42.1525811Z Deleting container: 7b8f585b0a65_careorbit-api-dev. Retry count = 0
2026-03-19T13:58:42.6215125Z Container spec TerminationMessagePolicy  path 
2026-03-19T13:58:42.6227853Z Container is terminated. Total time elapsed: 649 ms.
2026-03-19T13:58:42.6238637Z Site container: careorbit-api-dev terminated during site startup.
2026-03-19T13:58:42.6318982Z State: Stopping, Action: CancellingStartup, LastError: ContainerTimeout, LastErrorTimestamp: 03/19/2026 13:56:02, LastErrorDetails: Container did not start within expected time limit of 1800s. Please inspect your container logs for more details., Details: Site container: careorbit-api-dev terminated during site startup. Cancelling site startup., DetailsLevel: ERR
2026-03-19T13:58:42.6336399Z Site startup probe failed after 42.4718122 seconds.
2026-03-19T13:58:42.8825062Z State: Stopping, Action: CancellingStartup, LastError: ContainerTimeout, LastErrorTimestamp: 03/19/2026 13:58:42, LastErrorDetails: Container did not start within expected time limit of 1800s. Please inspect your container logs for more details., Details: Site container: careorbit-api-dev terminated during site startup. Cancelling site startup., DetailsLevel: ERR
2026-03-19T13:58:42.8846266Z Failed to start site. Revert by stopping site.
2026-03-19T13:58:42.9039181Z State: Stopping, Action: StoppingSite, LastError: ContainerTimeout, LastErrorTimestamp: 03/19/2026 13:58:42, LastErrorDetails: Container did not start within expected time limit of 1800s. Please inspect your container logs for more details., Details: Site container: careorbit-api-dev terminated during site startup. Cancelling site startup., DetailsLevel: ERR
2026-03-19T13:58:42.9047279Z State: Stopping, Action: StoppingSiteContainers, LastError: ContainerTimeout, LastErrorTimestamp: 03/19/2026 13:58:42, LastErrorDetails: Container did not start within expected time limit of 1800s. Please inspect your container logs for more details., Details: Site container: careorbit-api-dev terminated during site startup. Cancelling site startup., DetailsLevel: ERR
2026-03-19T13:58:42.9047525Z Site: careorbit-api-dev stopped.
2026-03-19T13:59:45.2078539Z State: Starting, Action: EstablishingSiteNetworks, LastError: ContainerTimeout, LastErrorTimestamp: 03/19/2026 13:58:42, LastErrorDetails: Container did not start within expected time limit of 1800s. Please inspect your container logs for more details., Details: Site stopped at 03/19/2026 13:58:44 (UTC), DetailsLevel: ERR
2026-03-19T13:59:50.3650899Z State: Starting, Action: StartingSiteContainers, LastError: ContainerTimeout, LastErrorTimestamp: 03/19/2026 13:58:42, LastErrorDetails: Container did not start within expected time limit of 1800s. Please inspect your container logs for more details., Details: Site stopped at 03/19/2026 13:58:44 (UTC), DetailsLevel: ERR
2026-03-19T13:59:50.3671423Z Container start method called.
2026-03-19T13:59:50.3672627Z State: Starting, Action: PullingImage, LastError: ContainerTimeout, LastErrorTimestamp: 03/19/2026 13:58:42, LastErrorDetails: Container did not start within expected time limit of 1800s. Please inspect your container logs for more details., Details: Pulling image 10.1.0.5:13209/appsvc/python:3.12_20260203.2.tuxprod for careorbit-api-dev., DetailsLevel: INFO
2026-03-19T13:59:50.3673785Z Establishing network.
2026-03-19T13:59:50.3734660Z Pulling image: appsvc/python:3.12_20260203.2.tuxprod.
2026-03-19T13:59:51.0725005Z Container is starting.
2026-03-19T13:59:51.0737790Z State: Starting, Action: MountingVolumes, LastError: ContainerTimeout, LastErrorTimestamp: 03/19/2026 13:58:42, LastErrorDetails: Container did not start within expected time limit of 1800s. Please inspect your container logs for more details., Details: Mounting volumes for careorbit-api-dev., DetailsLevel: INFO
2026-03-19T13:59:51.0739843Z Establishing user namespace if not established already.
2026-03-19T13:59:51.0741028Z Establishing network if not established already.
2026-03-19T13:59:51.0742420Z Mounting volumes.
2026-03-19T13:59:51.0744012Z Nested mountpoint 
2026-03-19T13:59:51.1764251Z Nested mountpoint volatile/logs
2026-03-19T13:59:51.2590046Z Nested mountpoint 
2026-03-19T13:59:51.2688341Z Nested mountpoint 
2026-03-19T13:59:51.3138269Z Nested mountpoint 
2026-03-19T13:59:52.4404228Z State: Starting, Action: CreatingContainer, LastError: ContainerTimeout, LastErrorTimestamp: 03/19/2026 13:58:42, LastErrorDetails: Container did not start within expected time limit of 1800s. Please inspect your container logs for more details., Details: Finished pulling container image and mounting volumes for careorbit-api-dev. Allocatinng the rest of the container resources to finish container creation., DetailsLevel: INFO
2026-03-19T13:59:52.4407467Z Creating container.
2026-03-19T13:59:52.4408673Z Creating pipes for streaming container io.
2026-03-19T13:59:52.4413069Z Creating stdout named pipe at /podr/container/pipe/158d1b6ba6f8_careorbit-api-dev/stdout_3591c178f5b7479bbd1554a5b355b6f1.
2026-03-19T13:59:52.4415935Z Successfully created stdout named pipe at: /podr/container/pipe/158d1b6ba6f8_careorbit-api-dev/stdout_3591c178f5b7479bbd1554a5b355b6f1.
2026-03-19T13:59:52.4417015Z Opening named pipe /podr/container/pipe/158d1b6ba6f8_careorbit-api-dev/stdout_3591c178f5b7479bbd1554a5b355b6f1 for reading in non-blocking mode.
2026-03-19T13:59:52.4418317Z Successfully opened named pipe: /podr/container/pipe/158d1b6ba6f8_careorbit-api-dev/stdout_3591c178f5b7479bbd1554a5b355b6f1.
2026-03-19T13:59:52.4506819Z Successfully removed non-blocking flag from /podr/container/pipe/158d1b6ba6f8_careorbit-api-dev/stdout_3591c178f5b7479bbd1554a5b355b6f1.
2026-03-19T13:59:52.5030909Z Creating stderr named pipe at /podr/container/pipe/158d1b6ba6f8_careorbit-api-dev/stderr_a540568b0e2d413d9df4a6dadd2b4f5a.
2026-03-19T13:59:52.5307009Z Successfully created stderr named pipe at: /podr/container/pipe/158d1b6ba6f8_careorbit-api-dev/stderr_a540568b0e2d413d9df4a6dadd2b4f5a.
2026-03-19T13:59:52.5308327Z Opening named pipe /podr/container/pipe/158d1b6ba6f8_careorbit-api-dev/stderr_a540568b0e2d413d9df4a6dadd2b4f5a for reading in non-blocking mode.
2026-03-19T13:59:52.5309374Z Successfully opened named pipe: /podr/container/pipe/158d1b6ba6f8_careorbit-api-dev/stderr_a540568b0e2d413d9df4a6dadd2b4f5a.
2026-03-19T13:59:52.5310133Z Successfully removed non-blocking flag from /podr/container/pipe/158d1b6ba6f8_careorbit-api-dev/stderr_a540568b0e2d413d9df4a6dadd2b4f5a.
2026-03-19T13:59:52.5311286Z Creating container with image: appsvc/python:3.12_20260203.2.tuxprod from registry: 10.1.0.5:13209 and fully qualified image name: 10.1.0.5:13209/appsvc/python:3.12_20260203.2.tuxprod
2026-03-19T13:59:53.9184621Z Starting container: 158d1b6ba6f8_careorbit-api-dev.
2026-03-19T13:59:54.1852793Z Starting watchers and probes.
2026-03-19T13:59:54.2077133Z Starting metrics collection.
2026-03-19T13:59:54.2274628Z Container is running.
2026-03-19T13:59:54.2369373Z State: Starting, Action: CreatingContainer, LastError: ContainerTimeout, LastErrorTimestamp: 03/19/2026 13:58:42, LastErrorDetails: Container did not start within expected time limit of 1800s. Please inspect your container logs for more details., Details: Container careorbit-api-dev successfully created and is running., DetailsLevel: INFO
2026-03-19T13:59:54.7119379Z Container start method finished after 4344 ms.
2026-03-19T13:59:54.7121596Z State: Starting, Action: InitiatingSiteWarmUpProbe, LastError: ContainerTimeout, LastErrorTimestamp: 03/19/2026 13:58:42, LastErrorDetails: Container did not start within expected time limit of 1800s. Please inspect your container logs for more details., Details: Container careorbit-api-dev successfully created and is running., DetailsLevel: INFO
2026-03-19T13:59:54.7122088Z State: Starting, Action: WaitingForSiteWarmUpProbeSuccess, LastError: ContainerTimeout, LastErrorTimestamp: 03/19/2026 13:58:42, LastErrorDetails: Container did not start within expected time limit of 1800s. Please inspect your container logs for more details., Details: Pinging warmup path to ensure container is ready to receive requests., DetailsLevel: INFO
2026-03-19T14:00:45.1065676Z Container has finished running with exit code: 1.
2026-03-19T14:00:45.1080976Z Container is terminating. Grace period: 5 seconds.
2026-03-19T14:00:45.1367089Z Stop and delete container. Retry count = 0
2026-03-19T14:00:45.1370017Z Stopping container: 158d1b6ba6f8_careorbit-api-dev.
2026-03-19T14:00:45.2689212Z Deleting container: 158d1b6ba6f8_careorbit-api-dev. Retry count = 0
2026-03-19T14:00:45.6954294Z Container spec TerminationMessagePolicy  path 
2026-03-19T14:00:45.6968638Z Container is terminated. Total time elapsed: 587 ms.
2026-03-19T14:00:45.6973670Z Site container: careorbit-api-dev terminated during site startup.
2026-03-19T14:00:45.7059767Z State: Stopping, Action: CancellingStartup, LastError: ContainerTimeout, LastErrorTimestamp: 03/19/2026 13:58:42, LastErrorDetails: Container did not start within expected time limit of 1800s. Please inspect your container logs for more details., Details: Site container: careorbit-api-dev terminated during site startup. Cancelling site startup., DetailsLevel: ERR
2026-03-19T14:00:45.7075923Z Site startup probe failed after 50.9941636 seconds.
2026-03-19T14:00:46.3875641Z State: Stopping, Action: CancellingStartup, LastError: ContainerTimeout, LastErrorTimestamp: 03/19/2026 14:00:46, LastErrorDetails: Container did not start within expected time limit of 1800s. Please inspect your container logs for more details., Details: Site container: careorbit-api-dev terminated during site startup. Cancelling site startup., DetailsLevel: ERR
2026-03-19T14:00:46.4140520Z Failed to start site. Revert by stopping site.
2026-03-19T14:00:46.4146795Z State: Stopping, Action: StoppingSite, LastError: ContainerTimeout, LastErrorTimestamp: 03/19/2026 14:00:46, LastErrorDetails: Container did not start within expected time limit of 1800s. Please inspect your container logs for more details., Details: Site container: careorbit-api-dev terminated during site startup. Cancelling site startup., DetailsLevel: ERR
2026-03-19T14:00:46.4297419Z State: Stopping, Action: StoppingSiteContainers, LastError: ContainerTimeout, LastErrorTimestamp: 03/19/2026 14:00:46, LastErrorDetails: Container did not start within expected time limit of 1800s. Please inspect your container logs for more details., Details: Site container: careorbit-api-dev terminated during site startup. Cancelling site startup., DetailsLevel: ERR
2026-03-19T14:00:46.4303238Z Site: careorbit-api-dev stopped.
2026-03-19T14:00:46.4510527Z State: Stopping, Action: UnmountingVolumes, LastError: ContainerTimeout, LastErrorTimestamp: 03/19/2026 14:00:46, LastErrorDetails: Container did not start within expected time limit of 1800s. Please inspect your container logs for more details., Details: Site container: careorbit-api-dev terminated during site startup. Cancelling site startup., DetailsLevel: ERR
2026-03-19T14:00:47.1888780Z State: Stopping, Action: StoppingSiteNetworks, LastError: ContainerTimeout, LastErrorTimestamp: 03/19/2026 14:00:46, LastErrorDetails: Container did not start within expected time limit of 1800s. Please inspect your container logs for more details., Details: Site container: careorbit-api-dev terminated during site startup. Cancelling site startup., DetailsLevel: ERR
2026-03-19T14:00:48.1081145Z State: Stopped, Action: None, LastError: ContainerTimeout, LastErrorTimestamp: 03/19/2026 14:00:46, LastErrorDetails: Container did not start within expected time limit of 1800s. Please inspect your container logs for more details., Details: Site stopped at 03/19/2026 14:00:48 (UTC), DetailsLevel: ERR
2026-03-19T14:00:49.0854560Z State: Stopped, Action: None, LastError: ContainerTimeout, LastErrorTimestamp: 03/19/2026 14:00:46, LastErrorDetails: Container did not start within expected time limit of 1800s. Please inspect your container logs for more details., Details: Site stopped at 03/19/2026 14:00:48 (UTC), DetailsLevel: ERR
2026-03-19T14:03:15.9429202Z State: Starting, Action: EstablishingSiteNetworks, LastError: ContainerTimeout, LastErrorTimestamp: 03/19/2026 14:00:46, LastErrorDetails: Container did not start within expected time limit of 1800s. Please inspect your container logs for more details., Details: Site stopped at 03/19/2026 14:00:48 (UTC), DetailsLevel: ERR
2026-03-19T14:03:20.2159039Z State: Starting, Action: StartingSiteContainers, LastError: ContainerTimeout, LastErrorTimestamp: 03/19/2026 14:00:46, LastErrorDetails: Container did not start within expected time limit of 1800s. Please inspect your container logs for more details., Details: Site stopped at 03/19/2026 14:00:48 (UTC), DetailsLevel: ERR
2026-03-19T14:03:20.2160935Z Container start method called.
2026-03-19T14:03:20.2161783Z State: Starting, Action: PullingImage, LastError: ContainerTimeout, LastErrorTimestamp: 03/19/2026 14:00:46, LastErrorDetails: Container did not start within expected time limit of 1800s. Please inspect your container logs for more details., Details: Pulling image 10.1.0.5:13209/appsvc/python:3.12_20260203.2.tuxprod for careorbit-api-dev., DetailsLevel: INFO
2026-03-19T14:03:20.2163437Z Establishing network.
2026-03-19T14:03:20.2168417Z Pulling image: appsvc/python:3.12_20260203.2.tuxprod.
2026-03-19T14:03:20.6800690Z Container is starting.
2026-03-19T14:03:20.6813618Z State: Starting, Action: MountingVolumes, LastError: ContainerTimeout, LastErrorTimestamp: 03/19/2026 14:00:46, LastErrorDetails: Container did not start within expected time limit of 1800s. Please inspect your container logs for more details., Details: Mounting volumes for careorbit-api-dev., DetailsLevel: INFO
2026-03-19T14:03:20.6892957Z Establishing user namespace if not established already.
2026-03-19T14:03:20.6902400Z Establishing network if not established already.
2026-03-19T14:03:20.6912366Z Mounting volumes.
2026-03-19T14:03:20.6998003Z Nested mountpoint 
2026-03-19T14:03:20.7658042Z Nested mountpoint volatile/logs
2026-03-19T14:03:20.9091577Z Nested mountpoint 
2026-03-19T14:03:21.0947284Z Nested mountpoint 
2026-03-19T14:03:21.1118999Z Nested mountpoint 
2026-03-19T14:03:21.6025852Z State: Starting, Action: CreatingContainer, LastError: ContainerTimeout, LastErrorTimestamp: 03/19/2026 14:00:46, LastErrorDetails: Container did not start within expected time limit of 1800s. Please inspect your container logs for more details., Details: Finished pulling container image and mounting volumes for careorbit-api-dev. Allocatinng the rest of the container resources to finish container creation., DetailsLevel: INFO
2026-03-19T14:03:21.6027220Z Creating container.
2026-03-19T14:03:21.6032924Z Creating pipes for streaming container io.
2026-03-19T14:03:21.6034497Z Creating stdout named pipe at /podr/container/pipe/b2a8099269f7_careorbit-api-dev/stdout_374829d2362d4a579584d66630e2fac7.
2026-03-19T14:03:21.6123929Z Successfully created stdout named pipe at: /podr/container/pipe/b2a8099269f7_careorbit-api-dev/stdout_374829d2362d4a579584d66630e2fac7.
2026-03-19T14:03:21.6125625Z Opening named pipe /podr/container/pipe/b2a8099269f7_careorbit-api-dev/stdout_374829d2362d4a579584d66630e2fac7 for reading in non-blocking mode.
2026-03-19T14:03:21.6128994Z Successfully opened named pipe: /podr/container/pipe/b2a8099269f7_careorbit-api-dev/stdout_374829d2362d4a579584d66630e2fac7.
2026-03-19T14:03:21.6130127Z Successfully removed non-blocking flag from /podr/container/pipe/b2a8099269f7_careorbit-api-dev/stdout_374829d2362d4a579584d66630e2fac7.
2026-03-19T14:03:21.6230223Z Creating stderr named pipe at /podr/container/pipe/b2a8099269f7_careorbit-api-dev/stderr_c6afc5bc4eaa46298188c75414185b72.
2026-03-19T14:03:21.6232112Z Successfully created stderr named pipe at: /podr/container/pipe/b2a8099269f7_careorbit-api-dev/stderr_c6afc5bc4eaa46298188c75414185b72.
2026-03-19T14:03:21.6232911Z Opening named pipe /podr/container/pipe/b2a8099269f7_careorbit-api-dev/stderr_c6afc5bc4eaa46298188c75414185b72 for reading in non-blocking mode.
2026-03-19T14:03:21.6233825Z Successfully opened named pipe: /podr/container/pipe/b2a8099269f7_careorbit-api-dev/stderr_c6afc5bc4eaa46298188c75414185b72.
2026-03-19T14:03:21.6234496Z Successfully removed non-blocking flag from /podr/container/pipe/b2a8099269f7_careorbit-api-dev/stderr_c6afc5bc4eaa46298188c75414185b72.
2026-03-19T14:03:21.6336522Z Creating container with image: appsvc/python:3.12_20260203.2.tuxprod from registry: 10.1.0.5:13209 and fully qualified image name: 10.1.0.5:13209/appsvc/python:3.12_20260203.2.tuxprod
2026-03-19T14:03:22.9865831Z Container get mounts received unexpected exception.
2026-03-19T14:03:22.9872290Z Container get mounts received unexpected exception.
2026-03-19T14:03:22.9912801Z Container get mounts received unexpected exception.
2026-03-19T14:03:23.0029210Z Container get mounts received unexpected exception.
2026-03-19T14:03:23.3214752Z Starting container: b2a8099269f7_careorbit-api-dev.
2026-03-19T14:03:23.6664351Z Starting watchers and probes.
2026-03-19T14:03:23.8371183Z Starting metrics collection.
2026-03-19T14:03:23.8378553Z Container is running.
2026-03-19T14:03:23.8385719Z State: Starting, Action: CreatingContainer, LastError: ContainerTimeout, LastErrorTimestamp: 03/19/2026 14:00:46, LastErrorDetails: Container did not start within expected time limit of 1800s. Please inspect your container logs for more details., Details: Container careorbit-api-dev successfully created and is running., DetailsLevel: INFO
2026-03-19T14:03:24.7295643Z Container start method finished after 4513 ms.
2026-03-19T14:03:24.7297983Z State: Starting, Action: InitiatingSiteWarmUpProbe, LastError: ContainerTimeout, LastErrorTimestamp: 03/19/2026 14:00:46, LastErrorDetails: Container did not start within expected time limit of 1800s. Please inspect your container logs for more details., Details: Container careorbit-api-dev successfully created and is running., DetailsLevel: INFO
2026-03-19T14:03:24.7298501Z State: Starting, Action: WaitingForSiteWarmUpProbeSuccess, LastError: ContainerTimeout, LastErrorTimestamp: 03/19/2026 14:00:46, LastErrorDetails: Container did not start within expected time limit of 1800s. Please inspect your container logs for more details., Details: Pinging warmup path to ensure container is ready to receive requests., DetailsLevel: INFO
2026-03-19T14:04:17.6190614Z Container has finished running with exit code: 1.
2026-03-19T14:04:17.6194389Z Container is terminating. Grace period: 5 seconds.
2026-03-19T14:04:17.6290750Z Stop and delete container. Retry count = 0
2026-03-19T14:04:17.6291955Z Stopping container: b2a8099269f7_careorbit-api-dev.
2026-03-19T14:04:17.7108521Z Deleting container: b2a8099269f7_careorbit-api-dev. Retry count = 0
2026-03-19T14:04:18.0805472Z Container spec TerminationMessagePolicy  path 
2026-03-19T14:04:18.0809761Z Container is terminated. Total time elapsed: 461 ms.
2026-03-19T14:04:18.0811014Z Site container: careorbit-api-dev terminated during site startup.
2026-03-19T14:04:18.0812510Z State: Stopping, Action: CancellingStartup, LastError: ContainerTimeout, LastErrorTimestamp: 03/19/2026 14:00:46, LastErrorDetails: Container did not start within expected time limit of 1800s. Please inspect your container logs for more details., Details: Site container: careorbit-api-dev terminated during site startup. Cancelling site startup., DetailsLevel: ERR
2026-03-19T14:04:18.0904666Z Site startup probe failed after 53.3601759 seconds.
2026-03-19T14:04:18.3017349Z State: Stopping, Action: CancellingStartup, LastError: ContainerTimeout, LastErrorTimestamp: 03/19/2026 14:04:18, LastErrorDetails: Container did not start within expected time limit of 1800s. Please inspect your container logs for more details., Details: Site container: careorbit-api-dev terminated during site startup. Cancelling site startup., DetailsLevel: ERR
2026-03-19T14:04:18.3360728Z Failed to start site. Revert by stopping site.
2026-03-19T14:04:18.3369990Z State: Stopping, Action: StoppingSite, LastError: ContainerTimeout, LastErrorTimestamp: 03/19/2026 14:04:18, LastErrorDetails: Container did not start within expected time limit of 1800s. Please inspect your container logs for more details., Details: Site container: careorbit-api-dev terminated during site startup. Cancelling site startup., DetailsLevel: ERR
2026-03-19T14:04:18.3375754Z State: Stopping, Action: StoppingSiteContainers, LastError: ContainerTimeout, LastErrorTimestamp: 03/19/2026 14:04:18, LastErrorDetails: Container did not start within expected time limit of 1800s. Please inspect your container logs for more details., Details: Site container: careorbit-api-dev terminated during site startup. Cancelling site startup., DetailsLevel: ERR
2026-03-19T14:04:18.3375919Z Site: careorbit-api-dev stopped.
